<?xml version="1.0" encoding="UTF-8"?>
<PcGts xmlns="http://schema.primaresearch.org/PAGE/gts/pagecontent/2019-07-15" xmlns:xsi="http://www.w3.org/2001/XMLSchema-instance" xsi:schemaLocation="http://schema.primaresearch.org/PAGE/gts/pagecontent/2019-07-15 http://schema.primaresearch.org/PAGE/gts/pagecontent/2019-07-15/pagecontent.xsd">
    <Metadata>
        <Creator>kraken 6.0.3</Creator>
        <Created>2026-01-20T08:04:19.243997+00:00</Created>
        <LastChange>2026-01-20T08:04:19.243997+00:00</LastChange>
    </Metadata>
    <Page imageFilename="early-german-bibles/zainer-bibel/jpg/0379.jpg" imageWidth="5724" imageHeight="7913">
        <TextRegion id="_a837c35a-e8d1-424a-b6d0-75869550076f" custom="type {type:text;}">
<Coords points="3925,1002 5055,1002 5196,1072 5249,1279 5389,1336 5337,1441 5389,1547 5389,2140 5319,2426 5389,3552 5337,4848 3723,4760 3776,3833 3930,3850 3899,3798 3969,3763 4128,3850 4462,3776 4216,3741 4229,3688 4128,3688 4141,3741 3758,3723 3776,3428 3934,3424 3758,3389 3758,3130 3794,3077 4110,3090 4022,3037 4018,2914 3917,2914 3965,2861 3776,2844 3794,2760 3952,2756 3864,2708 3969,2703 3881,2668 3947,2633 3794,2620 4057,2598 3969,2532 4180,2527 3776,2457 4123,2422 3758,2404 3741,1512 3794,1389 3741,1367 3741,1142 3794,1019 3925,1002"/>
            <TextLine id="_51a37181-57e4-4c4b-b4f7-a30980f8daf4" custom="type {type:default;}">
                <Coords points="4941,1002 4897,1002 4853,1002 4809,1002 4765,1002 4721,1002 4677,1002 4633,1002 4589,1002 4545,1002 4501,1002 4457,1002 4413,1002 4369,1002 4325,1002 4282,1002 4238,1002 4194,1002 4150,1002 4106,1002 4062,1002 4018,1002 3974,1002 3930,1002 3890,1002 3890,1063 3886,1107 4967,1107 4972,1068 4972,1002 4941,1002"/>
                <Baseline points="3890,1063 4972,1068"/>
                
            </TextLine>

            <TextLine id="_b5a0b996-71b7-49f5-b79c-a9b0df33339f" custom="type {type:default;}">
                <Coords points="3802,1151 3798,1200 5077,1200 5082,1160 5073,1072 3802,1081 3802,1151"/>
                <Baseline points="3802,1151 5082,1160"/>
                <Word id="segment_0">
                    <Coords points="4344,1077 4343,1200 4930,1200 4931,1073"/>
                    <Glyph id="char_0">
                        <Coords points="4344,1077 4343,1200 4343,1200 4344,1077"/>
                        <TextEquiv conf="0.8804"><Unicode> </Unicode></TextEquiv>
                    </Glyph>
                    <Glyph id="char_1">
                        <Coords points="4482,1076 4481,1200 4481,1200 4482,1076"/>
                        <TextEquiv conf="0.9989"><Unicode> </Unicode></TextEquiv>
                    </Glyph>
                    <Glyph id="char_2">
                        <Coords points="4922,1073 4921,1200 4930,1200 4931,1073"/>
                        <TextEquiv conf="0.9802"><Unicode> </Unicode></TextEquiv>
                    </Glyph>
                    <TextEquiv conf="0.9532"><Unicode>   </Unicode></TextEquiv>
                </Word>
                <TextEquiv conf="0.9532"><Unicode>   </Unicode></TextEquiv>
            </TextLine>

            <TextLine id="_a045e656-db54-4046-bdaf-8cecbb461c60" custom="type {type:default;}">
                <Coords points="3807,1244 3802,1296 5060,1301 5068,1257 5064,1169 3807,1164 3807,1244"/>
                <Baseline points="3807,1244 5068,1257"/>
                <Word id="segment_1">
                    <Coords points="4195,1166 4193,1298 4514,1299 4516,1167"/>
                    <Glyph id="char_3">
                        <Coords points="4195,1166 4193,1298 4203,1298 4205,1166"/>
                        <TextEquiv conf="0.9905"><Unicode> </Unicode></TextEquiv>
                    </Glyph>
                    <Glyph id="char_4">
                        <Coords points="4507,1167 4505,1299 4514,1299 4516,1167"/>
                        <TextEquiv conf="0.9997"><Unicode> </Unicode></TextEquiv>
                    </Glyph>
                    <TextEquiv conf="0.9951"><Unicode>  </Unicode></TextEquiv>
                </Word>
                <Word id="segment_2">
                    <Coords points="4544,1167 4542,1299 4542,1299 4544,1167"/>
                    <Glyph id="char_5">
                        <Coords points="4544,1167 4542,1299 4542,1299 4544,1167"/>
                        <TextEquiv conf="0.9999"><Unicode>2</Unicode></TextEquiv>
                    </Glyph>
                    <TextEquiv conf="0.9999"><Unicode>2</Unicode></TextEquiv>
                </Word>
                <Word id="segment_3">
                    <Coords points="4648,1167 4646,1299 4977,1301 4979,1169"/>
                    <Glyph id="char_6">
                        <Coords points="4648,1167 4646,1299 4656,1299 4658,1167"/>
                        <TextEquiv conf="0.9978"><Unicode> </Unicode></TextEquiv>
                    </Glyph>
                    <Glyph id="char_7">
                        <Coords points="4979,1169 4977,1301 4977,1301 4979,1169"/>
                        <TextEquiv conf="0.9959"><Unicode> </Unicode></TextEquiv>
                    </Glyph>
                    <TextEquiv conf="0.9968"><Unicode>  </Unicode></TextEquiv>
                </Word>
                <TextEquiv conf="0.9968"><Unicode>  2  </Unicode></TextEquiv>
            </TextLine>

            <TextLine id="_36fee1e1-a800-4d54-b152-d8485a84ec24" custom="type {type:default;}">
                <Coords points="4097,1340 4097,1384 4435,1380 4435,1336 4427,1279 4092,1279 4097,1340"/>
                <Baseline points="4097,1340 4435,1336"/>
                <Word id="segment_4">
                    <Coords points="4416,1279 4417,1380 4417,1380 4416,1279"/>
                    <Glyph id="char_8">
                        <Coords points="4416,1279 4417,1380 4417,1380 4416,1279"/>
                        <TextEquiv conf="0.9719"><Unicode>.</Unicode></TextEquiv>
                    </Glyph>
                    <TextEquiv conf="0.9719"><Unicode>.</Unicode></TextEquiv>
                </Word>
                <TextEquiv conf="0.9719"><Unicode>.</Unicode></TextEquiv>
            </TextLine>

            <TextLine id="_945dbceb-f213-4913-b86f-d27e356162fc" custom="type {type:default;}">
                <Coords points="4488,1336 4484,1402 4572,1397 4576,1340 4576,1266 4488,1252 4488,1336"/>
                <Baseline points="4488,1336 4576,1340"/>
                
            </TextLine>

            <TextLine id="_ca31c4fc-3251-46df-865e-0256d2bd2403" custom="type {type:default;}">
                <Coords points="4686,1437 4686,1485 4743,1485 4743,1437 4739,1358 4686,1362 4686,1437"/>
                <Baseline points="4686,1437 4743,1437"/>
                
            </TextLine>

            <TextLine id="_75634a51-b9dd-44c9-8d88-78421e3cac86" custom="type {type:default;}">
                <Coords points="4998,1345 4998,1397 5033,1406 5038,1345 5033,1261 4998,1261 4998,1345"/>
                <Baseline points="4998,1345 5038,1345"/>
                
            </TextLine>

            <TextLine id="_4d4580f5-dbcb-4bdd-b835-670beb770394" custom="type {type:default;}">
                <Coords points="4778,1437 4778,1481 5121,1477 5121,1433 5108,1354 4774,1362 4778,1437"/>
                <Baseline points="4778,1437 5121,1433"/>
                
            </TextLine>

            <TextLine id="_43d118ab-0710-4928-a8f0-4e090ce0ad56" custom="type {type:default;}">
                <Coords points="3798,1521 3794,1573 4875,1578 4884,1534 4884,1463 3798,1450 3798,1521"/>
                <Baseline points="3798,1521 4884,1534"/>
                <Word id="segment_5">
                    <Coords points="4755,1461 4753,1577 4761,1577 4763,1462"/>
                    <Glyph id="char_9">
                        <Coords points="4755,1461 4753,1577 4761,1577 4763,1462"/>
                        <TextEquiv conf="0.9998"><Unicode> </Unicode></TextEquiv>
                    </Glyph>
                    <TextEquiv conf="0.9998"><Unicode> </Unicode></TextEquiv>
                </Word>
                <Word id="segment_6">
                    <Coords points="4788,1462 4786,1578 4819,1578 4821,1462"/>
                    <Glyph id="char_10">
                        <Coords points="4788,1462 4786,1578 4786,1578 4788,1462"/>
                        <TextEquiv conf="0.9886"><Unicode>2</Unicode></TextEquiv>
                    </Glyph>
                    <Glyph id="char_11">
                        <Coords points="4821,1462 4819,1578 4819,1578 4821,1462"/>
                        <TextEquiv conf="0.9793"><Unicode>1</Unicode></TextEquiv>
                    </Glyph>
                    <TextEquiv conf="0.984"><Unicode>21</Unicode></TextEquiv>
                </Word>
                <TextEquiv conf="0.9892"><Unicode> 21</Unicode></TextEquiv>
            </TextLine>

            <TextLine id="_6b4439b4-ac8d-49aa-bbaf-b8dd32823f09" custom="type {type:default;}">
                <Coords points="3811,1613 3811,1661 5319,1657 5323,1608 5310,1529 3807,1543 3811,1613"/>
                <Baseline points="3811,1613 5323,1608"/>
                <Word id="segment_7">
                    <Coords points="4931,1533 4931,1658 4931,1658 4931,1533"/>
                    <Glyph id="char_12">
                        <Coords points="4931,1533 4931,1658 4931,1658 4931,1533"/>
                        <TextEquiv conf="0.8353"><Unicode> </Unicode></TextEquiv>
                    </Glyph>
                    <TextEquiv conf="0.8353"><Unicode> </Unicode></TextEquiv>
                </Word>
                <TextEquiv conf="0.8353"><Unicode> </Unicode></TextEquiv>
            </TextLine>

            <TextLine id="_b170ff15-9602-4b7e-8cb6-46c059be8ae7" custom="type {type:default;}">
                <Coords points="3789,1710 3789,1754 5323,1745 5328,1696 5319,1626 3785,1626 3789,1710"/>
                <Baseline points="3789,1710 4985,1714 5328,1696"/>
                
            </TextLine>

            <TextLine id="_d833a7c6-a12a-498e-9e05-7a2a2e039035" custom="type {type:default;}">
                <Coords points="3772,1806 3772,1859 5170,1837 5284,1855 5288,1855 5293,1855 5337,1828 5337,1793 5323,1718 3767,1740 3772,1806"/>
                <Baseline points="3772,1806 5337,1793"/>
                
            </TextLine>

            <TextLine id="_54f6e3fb-7611-4001-80e0-27e1d64b59a4" custom="type {type:default;}">
                <Coords points="4273,1899 4273,1947 4910,1956 4915,1956 5112,1929 5117,1890 5108,1828 4268,1824 4273,1899"/>
                <Baseline points="4273,1899 5117,1890"/>
                
            </TextLine>

            <TextLine id="_43780ca7-172d-48b9-ad2c-e9dcc9396e9c" custom="type {type:default;}">
                <Coords points="4207,1991 4207,2052 5323,2022 5328,1973 5315,1899 4202,1907 4207,1991"/>
                <Baseline points="4207,1991 5328,1973"/>
                <Word id="segment_8">
                    <Coords points="5135,1900 5137,2027 5147,2027 5145,1900"/>
                    <Glyph id="char_13">
                        <Coords points="5135,1900 5137,2027 5147,2027 5145,1900"/>
                        <TextEquiv conf="0.9988"><Unicode> </Unicode></TextEquiv>
                    </Glyph>
                    <TextEquiv conf="0.9988"><Unicode> </Unicode></TextEquiv>
                </Word>
                <TextEquiv conf="0.9988"><Unicode> </Unicode></TextEquiv>
            </TextLine>

            <TextLine id="_9868dfbe-2e61-42c5-a084-fb3b4216db68" custom="type {type:default;}">
                <Coords points="3855,2079 3855,2132 5319,2118 5323,2066 5315,1995 3851,1995 3855,2079"/>
                <Baseline points="3855,2079 4893,2083 5323,2066"/>
                <Word id="segment_9">
                    <Coords points="4419,1995 4419,2127 4419,2127 4419,1995"/>
                    <Glyph id="char_14">
                        <Coords points="4419,1995 4419,2127 4419,2127 4419,1995"/>
                        <TextEquiv conf="0.8131"><Unicode> </Unicode></TextEquiv>
                    </Glyph>
                    <TextEquiv conf="0.8131"><Unicode> </Unicode></TextEquiv>
                </Word>
                <Word id="segment_10">
                    <Coords points="4491,1995 4491,2126 4491,2126 4491,1995"/>
                    <Glyph id="char_15">
                        <Coords points="4491,1995 4491,2126 4491,2126 4491,1995"/>
                        <TextEquiv conf="0.9782"><Unicode>.</Unicode></TextEquiv>
                    </Glyph>
                    <TextEquiv conf="0.9782"><Unicode>.</Unicode></TextEquiv>
                </Word>
                <TextEquiv conf="0.8956"><Unicode> .</Unicode></TextEquiv>
            </TextLine>

            <TextLine id="_6440273c-0d17-4761-880c-545611a9b670" custom="type {type:default;}">
                <Coords points="4352,2176 4352,2215 5319,2198 5323,2158 5310,2092 4347,2092 4352,2176"/>
                <Baseline points="4352,2176 5323,2158"/>
                <Word id="segment_11">
                    <Coords points="5258,2092 5260,2199 5269,2199 5267,2092"/>
                    <Glyph id="char_16">
                        <Coords points="5258,2092 5260,2199 5269,2199 5267,2092"/>
                        <TextEquiv conf="0.9438"><Unicode> </Unicode></TextEquiv>
                    </Glyph>
                    <TextEquiv conf="0.9438"><Unicode> </Unicode></TextEquiv>
                </Word>
                <TextEquiv conf="0.9438"><Unicode> </Unicode></TextEquiv>
            </TextLine>

            <TextLine id="_a7a4fcba-0b23-4e13-98cf-5901bc13ea4a" custom="type {type:default;}">
                <Coords points="4510,2176 4466,2176 4422,2176 4378,2176 3895,2176 3895,2259 3895,2321 5328,2299 5328,2259 5328,2176 4554,2176 4510,2176"/>
                <Baseline points="3895,2259 5328,2259"/>
                <Word id="segment_12">
                    <Coords points="4471,2176 4471,2312 4471,2312 4471,2176"/>
                    <Glyph id="char_17">
                        <Coords points="4471,2176 4471,2312 4471,2312 4471,2176"/>
                        <TextEquiv conf="0.9098"><Unicode> </Unicode></TextEquiv>
                    </Glyph>
                    <TextEquiv conf="0.9098"><Unicode> </Unicode></TextEquiv>
                </Word>
                <Word id="segment_13">
                    <Coords points="4500,2176 4500,2312 4636,2310 4636,2176"/>
                    <Glyph id="char_18">
                        <Coords points="4500,2176 4500,2312 4500,2312 4500,2176"/>
                        <TextEquiv conf="0.9903"><Unicode>1</Unicode></TextEquiv>
                    </Glyph>
                    <Glyph id="char_19">
                        <Coords points="4539,2176 4539,2311 4539,2311 4539,2176"/>
                        <TextEquiv conf="0.5326"><Unicode>4</Unicode></TextEquiv>
                    </Glyph>
                    <Glyph id="char_20">
                        <Coords points="4578,2176 4578,2311 4578,2311 4578,2176"/>
                        <TextEquiv conf="0.813"><Unicode>1</Unicode></TextEquiv>
                    </Glyph>
                    <Glyph id="char_21">
                        <Coords points="4607,2176 4607,2310 4607,2310 4607,2176"/>
                        <TextEquiv conf="0.6229"><Unicode>6</Unicode></TextEquiv>
                    </Glyph>
                    <Glyph id="char_22">
                        <Coords points="4636,2176 4636,2310 4636,2310 4636,2176"/>
                        <TextEquiv conf="0.9967"><Unicode>1</Unicode></TextEquiv>
                    </Glyph>
                    <TextEquiv conf="0.7911"><Unicode>14161</Unicode></TextEquiv>
                </Word>
                <TextEquiv conf="0.8109"><Unicode> 14161</Unicode></TextEquiv>
            </TextLine>

            <TextLine id="_df4b29d9-5e32-4fd2-9402-635004033fac" custom="type {type:default;}">
                <Coords points="3829,2356 3824,2409 4440,2413 4449,2360 4449,2290 3829,2272 3829,2356"/>
                <Baseline points="3829,2356 4449,2360"/>
                
            </TextLine>

            <TextLine id="_5503a03a-fdaa-49c0-b355-7ba969e5c87d" custom="type {type:default;}">
                <Coords points="4044,2598 4000,2598 3956,2602 3956,2633 3952,2668 4035,2694 4049,2637 4049,2598 4044,2598"/>
                <Baseline points="3956,2633 4049,2637"/>
                
            </TextLine>

            <TextLine id="_bf7b3a53-9921-4cf7-aabf-170ef6f5e0ae" custom="type {type:default;}">
                <Coords points="3921,2756 3877,2756 3833,2756 3789,2773 3789,2813 3785,2848 4009,2853 4018,2817 4013,2747 3925,2747 3921,2756"/>
                <Baseline points="3789,2813 4018,2817"/>
                
            </TextLine>

            <TextLine id="_b8a38e69-197f-41ef-9f06-7dc6857a4dc7" custom="type {type:default;}">
                <Coords points="3952,2971 4000,2967 4000,2905 3996,2905 3952,2905 3952,2971"/>
                <Baseline points="3952,2905 4000,2905"/>
                
            </TextLine>

            <TextLine id="_9b4dc865-9ae1-45d1-b250-0e5537546d87" custom="type {type:default;}">
                <Coords points="4044,2817 4044,2870 4088,2875 4092,2817 4088,2725 4044,2725 4044,2817"/>
                <Baseline points="4044,2817 4092,2817"/>
                
            </TextLine>

            <TextLine id="_a1cc6a4a-ece1-4a5a-a870-65c7ecefa1dd" custom="type {type:default;}">
                <Coords points="4075,2993 4075,3050 4128,3037 4128,2993 4128,2927 4075,2919 4075,2993"/>
                <Baseline points="4075,2993 4128,2993"/>
                
            </TextLine>

            <TextLine id="_ccb9e062-c994-4599-8e1b-93f6252ebfd5" custom="type {type:default;}">
                <Coords points="3785,3173 3785,3231 4119,3217 4119,3173 4119,3099 3785,3099 3785,3173"/>
                <Baseline points="3785,3173 4119,3173"/>
                <Word id="segment_14">
                    <Coords points="3858,3099 3858,3228 3858,3228 3858,3099"/>
                    <Glyph id="char_23">
                        <Coords points="3858,3099 3858,3228 3858,3228 3858,3099"/>
                        <TextEquiv conf="0.531"><Unicode> </Unicode></TextEquiv>
                    </Glyph>
                    <TextEquiv conf="0.531"><Unicode> </Unicode></TextEquiv>
                </Word>
                <TextEquiv conf="0.531"><Unicode> </Unicode></TextEquiv>
            </TextLine>

            <TextLine id="_2245f2ba-7d2d-4c20-b80b-5ab53e3e44a5" custom="type {type:default;}">
                <Coords points="3952,3261 3952,3332 4106,3305 4106,3261 4106,3195 3952,3182 3952,3261"/>
                <Baseline points="3952,3261 4106,3261"/>
                
            </TextLine>

            <TextLine id="_841540fb-4b37-42b6-85a4-1a55c5729600" custom="type {type:default;}">
                <Coords points="4216,2453 4216,2492 4726,2505 4734,2444 4726,2387 4211,2378 4216,2453"/>
                <Baseline points="4216,2453 4734,2444"/>
                
            </TextLine>

            <TextLine id="_144400b3-dfc0-4755-8bb5-e88ce224ec88" custom="type {type:default;}">
                <Coords points="4796,2360 4796,2404 5139,2400 5143,2347 5130,2281 4791,2285 4796,2360"/>
                <Baseline points="4796,2360 5143,2347"/>
                
            </TextLine>

            <TextLine id="_169aa05a-8346-45ce-a5a9-da4ebdcb316b" custom="type {type:default;}">
                <Coords points="4778,2448 4778,2483 5068,2475 5068,2439 5055,2373 4774,2373 4778,2448"/>
                <Baseline points="4778,2448 5068,2439"/>
                
            </TextLine>

            <TextLine id="_79d1c588-7ed7-41ce-81b8-4c7dcd439f4c" custom="type {type:default;}">
                <Coords points="4172,2523 4176,2540 4176,2580 5249,2567 5249,2523 5236,2448 4198,2479 4172,2523"/>
                <Baseline points="4176,2540 5249,2523"/>
                
            </TextLine>

            <TextLine id="_7d5a1703-4e78-456a-b07c-5f0edbd2df2c" custom="type {type:default;}">
                <Coords points="4220,2637 4220,2677 5306,2664 5306,2611 5293,2532 4216,2562 4220,2637"/>
                <Baseline points="4220,2637 5306,2611"/>
                <Word id="segment_15">
                    <Coords points="4620,2551 4623,2672 4623,2672 4620,2551"/>
                    <Glyph id="char_24">
                        <Coords points="4620,2551 4623,2672 4623,2672 4620,2551"/>
                        <TextEquiv conf="0.9208"><Unicode> </Unicode></TextEquiv>
                    </Glyph>
                    <TextEquiv conf="0.9208"><Unicode> </Unicode></TextEquiv>
                </Word>
                <TextEquiv conf="0.9208"><Unicode> </Unicode></TextEquiv>
            </TextLine>

            <TextLine id="_dc6af195-e3ad-45a5-875d-6a8bcdf3f585" custom="type {type:default;}">
                <Coords points="4251,2729 4251,2765 5323,2738 5323,2699 5310,2624 4246,2655 4251,2729"/>
                <Baseline points="4251,2729 5323,2699"/>
                <Word id="segment_16">
                    <Coords points="4364,2652 4367,2762 4536,2758 4533,2647"/>
                    <Glyph id="char_25">
                        <Coords points="4364,2652 4367,2762 4367,2762 4364,2652"/>
                        <TextEquiv conf="0.9714"><Unicode> </Unicode></TextEquiv>
                    </Glyph>
                    <Glyph id="char_26">
                        <Coords points="4526,2647 4529,2758 4536,2758 4533,2647"/>
                        <TextEquiv conf="0.9873"><Unicode> </Unicode></TextEquiv>
                    </Glyph>
                    <TextEquiv conf="0.9793"><Unicode>  </Unicode></TextEquiv>
                </Word>
                <Word id="segment_17">
                    <Coords points="4549,2646 4552,2757 4590,2756 4587,2645"/>
                    <Glyph id="char_27">
                        <Coords points="4549,2646 4552,2757 4552,2757 4549,2646"/>
                        <TextEquiv conf="0.992"><Unicode>1</Unicode></TextEquiv>
                    </Glyph>
                    <Glyph id="char_28">
                        <Coords points="4564,2646 4567,2757 4567,2757 4564,2646"/>
                        <TextEquiv conf="0.9959"><Unicode>4</Unicode></TextEquiv>
                    </Glyph>
                    <Glyph id="char_29">
                        <Coords points="4587,2645 4590,2756 4590,2756 4587,2645"/>
                        <TextEquiv conf="0.9903"><Unicode>1</Unicode></TextEquiv>
                    </Glyph>
                    <TextEquiv conf="0.9927"><Unicode>141</Unicode></TextEquiv>
                </Word>
                <TextEquiv conf="0.9874"><Unicode>  141</Unicode></TextEquiv>
            </TextLine>

            <TextLine id="_1fa754b9-1425-4f7a-9a90-fbcac9d08e0c" custom="type {type:default;}">
                <Coords points="4334,2817 4334,2861 5205,2861 5205,2804 5192,2725 4330,2751 4334,2817"/>
                <Baseline points="4334,2817 5205,2804"/>
                
            </TextLine>

            <TextLine id="_fb817bf6-87a2-466c-9674-ae41156ca26e" custom="type {type:default;}">
                <Coords points="4303,2910 4303,2958 5108,2932 5112,2897 5099,2817 4299,2839 4303,2910"/>
                <Baseline points="4303,2910 5112,2897"/>
                
            </TextLine>

            <TextLine id="_1bc6d618-23c8-4341-8817-b34e36c528a3" custom="type {type:default;}">
                <Coords points="5143,2892 5143,2940 5218,2945 5222,2888 5209,2831 5134,2831 5143,2892"/>
                <Baseline points="5143,2892 5222,2888"/>
                
            </TextLine>

            <TextLine id="_d66a92e7-4ee8-46b9-8dec-01d785f15ade" custom="type {type:default;}">
                <Coords points="4303,2998 4303,3033 4695,3050 4699,3050 5297,3011 5297,2976 5284,2897 4299,2927 4303,2998"/>
                <Baseline points="4303,2998 5297,2976"/>
                
            </TextLine>

            <TextLine id="_8920f0ba-29f8-4169-86e9-afbe5e286b19" custom="type {type:default;}">
                <Coords points="4405,3086 4405,3121 4866,3138 4871,3138 5301,3112 5306,3068 5293,2998 4400,3015 4405,3086"/>
                <Baseline points="4405,3086 4998,3090 5306,3068"/>
                
            </TextLine>

            <TextLine id="_585346cb-0ea5-44fc-9892-2b26e61e7305" custom="type {type:default;}">
                <Coords points="4361,3173 4361,3222 5293,3204 5297,3169 5288,3094 4356,3090 4361,3173"/>
                <Baseline points="4361,3173 5297,3169"/>
                
            </TextLine>

            <TextLine id="_6f3bc3b5-2ddf-406d-bead-dd179961a9e3" custom="type {type:default;}">
                <Coords points="4325,3257 4325,3310 4712,3297 4712,3257 4712,3195 4325,3182 4325,3257"/>
                <Baseline points="4325,3257 4712,3257"/>
                
            </TextLine>

            <TextLine id="_e881742f-64b8-4647-ab1f-ef5c7485c3fa" custom="type {type:default;}">
                <Coords points="3868,3349 3868,3393 5161,3389 5165,3341 5152,3270 3864,3279 3868,3349"/>
                <Baseline points="3868,3349 5165,3341"/>
                
            </TextLine>

            <TextLine id="_9a9c3397-4f0e-4a97-b97b-40aa3c055ff5" custom="type {type:default;}">
                <Coords points="3961,3538 3961,3574 4092,3574 4092,3534 4084,3464 3956,3464 3961,3538"/>
                <Baseline points="3961,3538 4092,3534"/>
                
            </TextLine>

            <TextLine id="_c58c7d21-c4f1-4adf-9489-44fd576f3939" custom="type {type:default;}">
                <Coords points="3776,3631 3776,3679 4172,3688 4180,3626 4172,3552 3772,3552 3776,3631"/>
                <Baseline points="3776,3631 4180,3626"/>
                <Word id="segment_18">
                    <Coords points="3898,3552 3900,3682 3900,3682 3898,3552"/>
                    <Glyph id="char_30">
                        <Coords points="3898,3552 3900,3682 3900,3682 3898,3552"/>
                        <TextEquiv conf="0.9686"><Unicode>.</Unicode></TextEquiv>
                    </Glyph>
                    <TextEquiv conf="0.9686"><Unicode>.</Unicode></TextEquiv>
                </Word>
                <Word id="segment_19">
                    <Coords points="3908,3552 3910,3682 3919,3682 3917,3552"/>
                    <Glyph id="char_31">
                        <Coords points="3908,3552 3910,3682 3919,3682 3917,3552"/>
                        <TextEquiv conf="0.9802"><Unicode> </Unicode></TextEquiv>
                    </Glyph>
                    <TextEquiv conf="0.9802"><Unicode> </Unicode></TextEquiv>
                </Word>
                <Word id="segment_20">
                    <Coords points="3936,3552 3938,3683 3938,3683 3936,3552"/>
                    <Glyph id="char_32">
                        <Coords points="3936,3552 3938,3683 3938,3683 3936,3552"/>
                        <TextEquiv conf="0.9848"><Unicode>E</Unicode></TextEquiv>
                    </Glyph>
                    <TextEquiv conf="0.9848"><Unicode>E</Unicode></TextEquiv>
                </Word>
                <TextEquiv conf="0.9779"><Unicode>. E</Unicode></TextEquiv>
            </TextLine>

            <TextLine id="_3f61fa0e-4a83-4fa6-919a-1213737ee7f0" custom="type {type:default;}">
                <Coords points="4084,3824 3978,3811 3974,3811 3969,3811 3908,3829 3903,3846 3908,3903 3908,3960 4097,3938 4097,3899 4088,3829 4084,3824"/>
                <Baseline points="3908,3903 4097,3899"/>
                
            </TextLine>

            <TextLine id="_64cff1a7-8bac-4bb2-b0f5-0793de1a1c29" custom="type {type:default;}">
                <Coords points="4374,3442 4374,3499 5143,3490 5143,3433 5134,3376 4369,3363 4374,3442"/>
                <Baseline points="4374,3442 5143,3433"/>
                <Word id="segment_21">
                    <Coords points="5119,3376 5121,3490 5121,3490 5119,3376"/>
                    <Glyph id="char_33">
                        <Coords points="5119,3376 5121,3490 5121,3490 5119,3376"/>
                        <TextEquiv conf="0.9981"><Unicode>.</Unicode></TextEquiv>
                    </Glyph>
                    <TextEquiv conf="0.9981"><Unicode>.</Unicode></TextEquiv>
                </Word>
                <TextEquiv conf="0.9981"><Unicode>.</Unicode></TextEquiv>
            </TextLine>

            <TextLine id="_8ef5619d-74f6-4fd9-bb07-bcc8089b2a0b" custom="type {type:default;}">
                <Coords points="4242,3530 4242,3587 5029,3587 5029,3530 5029,3464 4242,3464 4242,3530"/>
                <Baseline points="4242,3530 5029,3530"/>
                <Word id="segment_22">
                    <Coords points="4259,3464 4259,3587 5022,3587 5022,3464"/>
                    <Glyph id="char_34">
                        <Coords points="4259,3464 4259,3587 4259,3587 4259,3464"/>
                        <TextEquiv conf="0.8351"><Unicode>ª</Unicode></TextEquiv>
                    </Glyph>
                    <Glyph id="char_35">
                        <Coords points="4706,3464 4706,3587 4706,3587 4706,3464"/>
                        <TextEquiv conf="0.927"><Unicode>τ</Unicode></TextEquiv>
                    </Glyph>
                    <Glyph id="char_36">
                        <Coords points="5022,3464 5022,3587 5022,3587 5022,3464"/>
                        <TextEquiv conf="0.067"><Unicode>τ</Unicode></TextEquiv>
                    </Glyph>
                    <TextEquiv conf="0.6097"><Unicode>ªττ</Unicode></TextEquiv>
                </Word>
                <TextEquiv conf="0.6097"><Unicode>ªττ</Unicode></TextEquiv>
            </TextLine>

            <TextLine id="_6f7eb2b6-11b1-4ca7-ac4b-61c373a3e6c0" custom="type {type:default;}">
                <Coords points="4457,3626 4457,3670 4717,3666 4721,3622 4712,3547 4453,3538 4457,3626"/>
                <Baseline points="4457,3626 4721,3622"/>
                <Word id="segment_23">
                    <Coords points="4572,3542 4574,3668 4583,3668 4581,3542"/>
                    <Glyph id="char_37">
                        <Coords points="4572,3542 4574,3668 4583,3668 4581,3542"/>
                        <TextEquiv conf="0.9399"><Unicode> </Unicode></TextEquiv>
                    </Glyph>
                    <TextEquiv conf="0.9399"><Unicode> </Unicode></TextEquiv>
                </Word>
                <Word id="segment_24">
                    <Coords points="4652,3545 4654,3667 4716,3666 4714,3564"/>
                    <Glyph id="char_38">
                        <Coords points="4652,3545 4654,3667 4654,3667 4652,3545"/>
                        <TextEquiv conf="0.2083"><Unicode>2</Unicode></TextEquiv>
                    </Glyph>
                    <Glyph id="char_39">
                        <Coords points="4714,3564 4716,3666 4716,3666 4714,3564"/>
                        <TextEquiv conf="0.7432"><Unicode>1</Unicode></TextEquiv>
                    </Glyph>
                    <TextEquiv conf="0.4757"><Unicode>21</Unicode></TextEquiv>
                </Word>
                <TextEquiv conf="0.6305"><Unicode> 21</Unicode></TextEquiv>
            </TextLine>

            <TextLine id="_2c66e00a-83b1-4bf7-91bc-fb485bfc2366" custom="type {type:default;}">
                <Coords points="4286,3899 4286,3938 4515,3943 4519,3899 4519,3829 4286,3820 4286,3899"/>
                <Baseline points="4286,3899 4519,3899"/>
                <Word id="segment_25">
                    <Coords points="4428,3825 4428,3941 4436,3941 4436,3826"/>
                    <Glyph id="char_40">
                        <Coords points="4428,3825 4428,3941 4436,3941 4436,3826"/>
                        <TextEquiv conf="0.9985"><Unicode> </Unicode></TextEquiv>
                    </Glyph>
                    <TextEquiv conf="0.9985"><Unicode> </Unicode></TextEquiv>
                </Word>
                <Word id="segment_26">
                    <Coords points="4461,3827 4461,3942 4495,3943 4495,3828"/>
                    <Glyph id="char_41">
                        <Coords points="4461,3827 4461,3942 4461,3942 4461,3827"/>
                        <TextEquiv conf="0.9989"><Unicode>4</Unicode></TextEquiv>
                    </Glyph>
                    <Glyph id="char_42">
                        <Coords points="4495,3828 4495,3943 4495,3943 4495,3828"/>
                        <TextEquiv conf="0.9799"><Unicode>υ</Unicode></TextEquiv>
                    </Glyph>
                    <TextEquiv conf="0.9894"><Unicode>4υ</Unicode></TextEquiv>
                </Word>
                <TextEquiv conf="0.9925"><Unicode> 4υ</Unicode></TextEquiv>
            </TextLine>

            <TextLine id="_d2ef8f6f-5bb9-40cf-a345-560a39fdff42" custom="type {type:default;}">
                <Coords points="4708,3894 4708,3943 4941,3943 4941,3894 4941,3824 4708,3820 4708,3894"/>
                <Baseline points="4708,3894 4941,3894"/>
                <Word id="segment_27">
                    <Coords points="4725,3820 4725,3943 4758,3943 4758,3821"/>
                    <Glyph id="char_43">
                        <Coords points="4725,3820 4725,3943 4725,3943 4725,3820"/>
                        <TextEquiv conf="0.9978"><Unicode>v</Unicode></TextEquiv>
                    </Glyph>
                    <Glyph id="char_44">
                        <Coords points="4758,3821 4758,3943 4758,3943 4758,3821"/>
                        <TextEquiv conf="0.5157"><Unicode>1</Unicode></TextEquiv>
                    </Glyph>
                    <TextEquiv conf="0.7567"><Unicode>v1</Unicode></TextEquiv>
                </Word>
                <Word id="segment_28">
                    <Coords points="4775,3821 4775,3943 4775,3943 4775,3821"/>
                    <Glyph id="char_45">
                        <Coords points="4775,3821 4775,3943 4775,3943 4775,3821"/>
                        <TextEquiv conf="0.7696"><Unicode> </Unicode></TextEquiv>
                    </Glyph>
                    <TextEquiv conf="0.7696"><Unicode> </Unicode></TextEquiv>
                </Word>
                <Word id="segment_29">
                    <Coords points="4792,3821 4792,3943 4858,3943 4858,3823"/>
                    <Glyph id="char_46">
                        <Coords points="4792,3821 4792,3943 4792,3943 4792,3821"/>
                        <TextEquiv conf="0.9117"><Unicode>1</Unicode></TextEquiv>
                    </Glyph>
                    <Glyph id="char_47">
                        <Coords points="4833,3822 4833,3943 4833,3943 4833,3822"/>
                        <TextEquiv conf="0.8587"><Unicode>v</Unicode></TextEquiv>
                    </Glyph>
                    <Glyph id="char_48">
                        <Coords points="4858,3823 4858,3943 4858,3943 4858,3823"/>
                        <TextEquiv conf="0.9935"><Unicode>i</Unicode></TextEquiv>
                    </Glyph>
                    <TextEquiv conf="0.9213"><Unicode>1vi</Unicode></TextEquiv>
                </Word>
                <Word id="segment_30">
                    <Coords points="4883,3823 4883,3943 4883,3943 4883,3823"/>
                    <Glyph id="char_49">
                        <Coords points="4883,3823 4883,3943 4883,3943 4883,3823"/>
                        <TextEquiv conf="0.9887"><Unicode> </Unicode></TextEquiv>
                    </Glyph>
                    <TextEquiv conf="0.9887"><Unicode> </Unicode></TextEquiv>
                </Word>
                <Word id="segment_31">
                    <Coords points="4900,3823 4900,3943 4900,3943 4900,3823"/>
                    <Glyph id="char_50">
                        <Coords points="4900,3823 4900,3943 4900,3943 4900,3823"/>
                        <TextEquiv conf="0.9096"><Unicode>⁊</Unicode></TextEquiv>
                    </Glyph>
                    <TextEquiv conf="0.9096"><Unicode>⁊</Unicode></TextEquiv>
                </Word>
                <TextEquiv conf="0.8682"><Unicode>v1 1vi ⁊</Unicode></TextEquiv>
            </TextLine>

            <TextLine id="_f5e7caca-8bb6-4ffc-b4e8-7e72072ef9bf" custom="type {type:default;}">
                <Coords points="4005,3996 4005,4057 5033,4057 5033,3996 5029,3916 4005,3921 4005,3996"/>
                <Baseline points="4005,3996 5033,3996"/>
                <Word id="segment_32">
                    <Coords points="4815,3917 4815,4057 4824,4057 4824,3917"/>
                    <Glyph id="char_51">
                        <Coords points="4815,3917 4815,4057 4824,4057 4824,3917"/>
                        <TextEquiv conf="0.9842"><Unicode> </Unicode></TextEquiv>
                    </Glyph>
                    <TextEquiv conf="0.9842"><Unicode> </Unicode></TextEquiv>
                </Word>
                <Word id="segment_33">
                    <Coords points="4862,3917 4862,4057 4920,4057 4920,3917"/>
                    <Glyph id="char_52">
                        <Coords points="4862,3917 4862,4057 4862,4057 4862,3917"/>
                        <TextEquiv conf="0.9954"><Unicode>L</Unicode></TextEquiv>
                    </Glyph>
                    <Glyph id="char_53">
                        <Coords points="4910,3917 4910,4057 4920,4057 4920,3917"/>
                        <TextEquiv conf="0.9726"><Unicode>.</Unicode></TextEquiv>
                    </Glyph>
                    <TextEquiv conf="0.984"><Unicode>L.</Unicode></TextEquiv>
                </Word>
                <Word id="segment_34">
                    <Coords points="4929,3916 4929,4057 4929,4057 4929,3916"/>
                    <Glyph id="char_54">
                        <Coords points="4929,3916 4929,4057 4929,4057 4929,3916"/>
                        <TextEquiv conf="0.982"><Unicode> </Unicode></TextEquiv>
                    </Glyph>
                    <TextEquiv conf="0.982"><Unicode> </Unicode></TextEquiv>
                </Word>
                <Word id="segment_35">
                    <Coords points="4948,3916 4948,4057 5005,4057 5005,3916"/>
                    <Glyph id="char_55">
                        <Coords points="4948,3916 4948,4057 4948,4057 4948,3916"/>
                        <TextEquiv conf="0.996"><Unicode>F</Unicode></TextEquiv>
                    </Glyph>
                    <Glyph id="char_56">
                        <Coords points="5005,3916 5005,4057 5005,4057 5005,3916"/>
                        <TextEquiv conf="0.7619"><Unicode>.</Unicode></TextEquiv>
                    </Glyph>
                    <TextEquiv conf="0.8789"><Unicode>F.</Unicode></TextEquiv>
                </Word>
                <TextEquiv conf="0.9487"><Unicode> L. F.</Unicode></TextEquiv>
            </TextLine>

            <TextLine id="_02a29023-f2ae-46f8-afce-1f2411d7e28c" custom="type {type:default;}">
                <Coords points="3899,4079 3895,4119 4018,4136 4027,4083 4022,4018 3899,4004 3899,4079"/>
                <Baseline points="3899,4079 4027,4083"/>
                
            </TextLine>

            <TextLine id="_1f0462c7-15de-49c0-8fae-63185c0d8884" custom="type {type:default;}">
                <Coords points="5231,2800 5231,2835 5306,2835 5306,2791 5293,2721 5218,2721 5231,2800"/>
                <Baseline points="5231,2800 5306,2791"/>
                
            </TextLine>

            <TextLine id="_c3954a5e-31b1-4803-ac09-55c636315a69" custom="type {type:default;}">
                <Coords points="4185,4083 4185,4132 4835,4141 4840,4083 4840,4022 4185,4022 4185,4083"/>
                <Baseline points="4185,4083 4840,4083"/>
                
            </TextLine>

            <TextLine id="_e395a789-35ce-4d18-aa39-b0d2f1d78612" custom="type {type:default;}">
                <Coords points="5275,3332 5271,3363 5306,3376 5319,3336 5319,3270 5279,3270 5275,3332"/>
                <Baseline points="5275,3332 5319,3336"/>
                
            </TextLine>

            <TextLine id="_e1fba4fa-268f-4cc3-b085-4e84d6be8855" custom="type {type:default;}">
                <Coords points="5200,3894 5200,3930 5323,3930 5328,3890 5319,3811 5196,3811 5200,3894"/>
                <Baseline points="5200,3894 5328,3890"/>
                
            </TextLine>

            <TextLine id="_fa243e69-7431-45ba-8a46-68a592e1d5a1" custom="type {type:default;}">
                <Coords points="3767,4171 3763,4224 5319,4215 5323,4158 5310,4088 3767,4105 3767,4171"/>
                <Baseline points="3767,4171 4989,4180 5323,4158"/>
                
            </TextLine>

            <TextLine id="_0c3910ce-b007-41af-8514-2050d930c2f7" custom="type {type:default;}">
                <Coords points="3758,4277 3758,4330 5174,4312 5174,4259 5161,4189 3754,4189 3758,4277"/>
                <Baseline points="3758,4277 5174,4259"/>
                
            </TextLine>

            <TextLine id="_11570b02-bb03-43d3-963c-63283b668180" custom="type {type:default;}">
                <Coords points="3802,4369 3802,4418 5139,4396 5143,4356 5134,4295 3798,4295 3802,4369"/>
                <Baseline points="3802,4369 5143,4356"/>
                <Word id="segment_36">
                    <Coords points="4411,4295 4412,4408 4412,4408 4411,4295"/>
                    <Glyph id="char_57">
                        <Coords points="4411,4295 4412,4408 4412,4408 4411,4295"/>
                        <TextEquiv conf="0.5395"><Unicode> </Unicode></TextEquiv>
                    </Glyph>
                    <TextEquiv conf="0.5395"><Unicode> </Unicode></TextEquiv>
                </Word>
                <Word id="segment_37">
                    <Coords points="4461,4295 4462,4407 4462,4407 4461,4295"/>
                    <Glyph id="char_58">
                        <Coords points="4461,4295 4462,4407 4462,4407 4461,4295"/>
                        <TextEquiv conf="0.9999"><Unicode>1</Unicode></TextEquiv>
                    </Glyph>
                    <TextEquiv conf="0.9999"><Unicode>1</Unicode></TextEquiv>
                </Word>
                <Word id="segment_38">
                    <Coords points="4733,4295 4734,4403 4742,4403 4741,4295"/>
                    <Glyph id="char_59">
                        <Coords points="4733,4295 4734,4403 4742,4403 4741,4295"/>
                        <TextEquiv conf="0.9968"><Unicode> </Unicode></TextEquiv>
                    </Glyph>
                    <TextEquiv conf="0.9968"><Unicode> </Unicode></TextEquiv>
                </Word>
                <TextEquiv conf="0.8454"><Unicode> 1 </Unicode></TextEquiv>
            </TextLine>

            <TextLine id="_00cce2b9-edbf-406b-b959-820e29463a3d" custom="type {type:default;}">
                <Coords points="3750,4453 3750,4492 4202,4514 4207,4514 4211,4514 4277,4492 5319,4492 5319,4440 5306,4360 3745,4369 3750,4453"/>
                <Baseline points="3750,4453 5319,4440"/>
                <Word id="segment_39">
                    <Coords points="5183,4361 5184,4492 5184,4492 5183,4361"/>
                    <Glyph id="char_60">
                        <Coords points="5183,4361 5184,4492 5184,4492 5183,4361"/>
                        <TextEquiv conf="0.8049"><Unicode>ι</Unicode></TextEquiv>
                    </Glyph>
                    <TextEquiv conf="0.8049"><Unicode>ι</Unicode></TextEquiv>
                </Word>
                <TextEquiv conf="0.8049"><Unicode>ι</Unicode></TextEquiv>
            </TextLine>

            <TextLine id="_5890dc05-aaa7-4840-9d6e-aa5b2e315141" custom="type {type:default;}">
                <Coords points="3772,4545 3772,4593 5310,4576 5315,4527 5301,4457 3767,4457 3772,4545"/>
                <Baseline points="3772,4545 4932,4545 5315,4527"/>
                <Word id="segment_40">
                    <Coords points="4277,4457 4277,4587 4286,4587 4286,4457"/>
                    <Glyph id="char_61">
                        <Coords points="4277,4457 4277,4587 4286,4587 4286,4457"/>
                        <TextEquiv conf="0.9985"><Unicode> </Unicode></TextEquiv>
                    </Glyph>
                    <TextEquiv conf="0.9985"><Unicode> </Unicode></TextEquiv>
                </Word>
                <Word id="segment_41">
                    <Coords points="4313,4457 4313,4587 4313,4587 4313,4457"/>
                    <Glyph id="char_62">
                        <Coords points="4313,4457 4313,4587 4313,4587 4313,4457"/>
                        <TextEquiv conf="0.9777"><Unicode>3</Unicode></TextEquiv>
                    </Glyph>
                    <TextEquiv conf="0.9777"><Unicode>3</Unicode></TextEquiv>
                </Word>
                <Word id="segment_42">
                    <Coords points="4348,4457 4348,4587 4357,4587 4357,4457"/>
                    <Glyph id="char_63">
                        <Coords points="4348,4457 4348,4587 4357,4587 4357,4457"/>
                        <TextEquiv conf="0.9992"><Unicode> </Unicode></TextEquiv>
                    </Glyph>
                    <TextEquiv conf="0.9992"><Unicode> </Unicode></TextEquiv>
                </Word>
                <Word id="segment_43">
                    <Coords points="4375,4457 4375,4586 4375,4586 4375,4457"/>
                    <Glyph id="char_64">
                        <Coords points="4375,4457 4375,4586 4375,4586 4375,4457"/>
                        <TextEquiv conf="0.9994"><Unicode>3</Unicode></TextEquiv>
                    </Glyph>
                    <TextEquiv conf="0.9994"><Unicode>3</Unicode></TextEquiv>
                </Word>
                <Word id="segment_44">
                    <Coords points="4463,4457 4463,4585 4953,4580 4947,4457"/>
                    <Glyph id="char_65">
                        <Coords points="4463,4457 4463,4585 4472,4585 4472,4457"/>
                        <TextEquiv conf="0.9996"><Unicode> </Unicode></TextEquiv>
                    </Glyph>
                    <Glyph id="char_66">
                        <Coords points="4947,4457 4953,4580 4953,4580 4947,4457"/>
                        <TextEquiv conf="0.9999"><Unicode> </Unicode></TextEquiv>
                    </Glyph>
                    <TextEquiv conf="0.9998"><Unicode>  </Unicode></TextEquiv>
                </Word>
                <TextEquiv conf="0.9957"><Unicode> 3 3  </Unicode></TextEquiv>
            </TextLine>

            <TextLine id="_a89a4e8a-2c14-478c-8538-db5ffcc47c39" custom="type {type:default;}">
                <Coords points="3776,4633 3776,4686 5205,4673 5209,4629 5196,4549 3772,4558 3776,4633"/>
                <Baseline points="3776,4633 5209,4629"/>
                <Word id="segment_45">
                    <Coords points="4737,4552 4737,4677 4737,4677 4737,4552"/>
                    <Glyph id="char_67">
                        <Coords points="4737,4552 4737,4677 4737,4677 4737,4552"/>
                        <TextEquiv conf="0.5182"><Unicode> </Unicode></TextEquiv>
                    </Glyph>
                    <TextEquiv conf="0.5182"><Unicode> </Unicode></TextEquiv>
                </Word>
                <TextEquiv conf="0.5182"><Unicode> </Unicode></TextEquiv>
            </TextLine>

            <TextLine id="_1c5c4d5e-63ce-423e-a215-e1b4173a55f8" custom="type {type:default;}">
                <Coords points="5187,4633 5143,4633 5099,4633 5055,4633 5011,4633 4976,4633 3736,4646 3741,4734 3741,4787 5297,4752 5301,4712 5288,4629 5187,4629 5187,4633"/>
                <Baseline points="3741,4734 5301,4712"/>
                <Word id="segment_46">
                    <Coords points="4131,4642 4133,4778 4734,4765 4732,4636"/>
                    <Glyph id="char_68">
                        <Coords points="4131,4642 4133,4778 4133,4778 4131,4642"/>
                        <TextEquiv conf="0.6104"><Unicode> </Unicode></TextEquiv>
                    </Glyph>
                    <Glyph id="char_69">
                        <Coords points="4265,4640 4267,4775 4267,4775 4265,4640"/>
                        <TextEquiv conf="0.5103"><Unicode> </Unicode></TextEquiv>
                    </Glyph>
                    <Glyph id="char_70">
                        <Coords points="4608,4637 4610,4767 4619,4767 4617,4637"/>
                        <TextEquiv conf="0.9984"><Unicode> </Unicode></TextEquiv>
                    </Glyph>
                    <Glyph id="char_71">
                        <Coords points="4722,4636 4724,4765 4734,4765 4732,4636"/>
                        <TextEquiv conf="0.9682"><Unicode> </Unicode></TextEquiv>
                    </Glyph>
                    <TextEquiv conf="0.7718"><Unicode>    </Unicode></TextEquiv>
                </Word>
                <TextEquiv conf="0.7718"><Unicode>    </Unicode></TextEquiv>
            </TextLine>

            <TextLine id="_e4449edc-b86d-48fe-b696-4e534f2ae9db" custom="type {type:default;}">
                <Coords points="5029,4813 5029,4866 5315,4866 5315,4813 5310,4725 5029,4739 5029,4813"/>
                <Baseline points="5029,4813 5315,4813"/>
                <Word id="segment_47">
                    <Coords points="5048,4738 5048,4866 5048,4866 5048,4738"/>
                    <Glyph id="char_72">
                        <Coords points="5048,4738 5048,4866 5048,4866 5048,4738"/>
                        <TextEquiv conf="0.9952"><Unicode>.</Unicode></TextEquiv>
                    </Glyph>
                    <TextEquiv conf="0.9952"><Unicode>.</Unicode></TextEquiv>
                </Word>
                <TextEquiv conf="0.9952"><Unicode>.</Unicode></TextEquiv>
            </TextLine>
        </TextRegion>
        <TextRegion id="_7a5e2da3-b65e-4089-8684-2611ec1a030c" custom="type {type:text;}">
<Coords points="3798,2708 3807,2708 3807,2721 3794,2721 3798,2708"/>        </TextRegion>
        <TextRegion id="_729b5705-e46b-4c21-9a45-f2595b7a7c81" custom="type {type:text;}">
<Coords points="3785,685 3895,703 3895,716 3758,716 3785,685"/>        </TextRegion>
    </Page>
</PcGts>