<?xml version="1.0" encoding="UTF-8"?>
<PcGts xmlns="http://schema.primaresearch.org/PAGE/gts/pagecontent/2019-07-15" xmlns:xsi="http://www.w3.org/2001/XMLSchema-instance" xsi:schemaLocation="http://schema.primaresearch.org/PAGE/gts/pagecontent/2019-07-15 http://schema.primaresearch.org/PAGE/gts/pagecontent/2019-07-15/pagecontent.xsd">
    <Metadata>
        <Creator>kraken 6.0.3</Creator>
        <Created>2026-01-20T00:46:36.418565+00:00</Created>
        <LastChange>2026-01-20T00:46:36.418565+00:00</LastChange>
    </Metadata>
    <Page imageFilename="/tmp/tmpguwspg7l.png" imageWidth="1875" imageHeight="2775">
    </Page>
</PcGts>