<?xml version="1.0" encoding="UTF-8"?>
<PcGts xmlns="http://schema.primaresearch.org/PAGE/gts/pagecontent/2019-07-15" xmlns:xsi="http://www.w3.org/2001/XMLSchema-instance" xsi:schemaLocation="http://schema.primaresearch.org/PAGE/gts/pagecontent/2019-07-15 http://schema.primaresearch.org/PAGE/gts/pagecontent/2019-07-15/pagecontent.xsd">
    <Metadata>
        <Creator>kraken 6.0.3</Creator>
        <Created>2026-01-20T00:45:37.556865+00:00</Created>
        <LastChange>2026-01-20T00:45:37.556865+00:00</LastChange>
    </Metadata>
    <Page imageFilename="/tmp/tmpc5hq8clj.png" imageWidth="1875" imageHeight="2775">
        <TextRegion id="_227febbf-f1a9-43bb-b49b-e142c064839f" custom="type {type:text;}">
<Coords points="488,92 744,98 769,115 732,140 468,134 456,111 488,92"/>
            <TextLine id="_35794816-36e9-4cb7-b564-b83a283a303b" custom="type {type:default;}">
                <Coords points="747,123 733,97 718,97 703,97 687,97 672,95 656,95 641,95 626,95 610,94 595,94 579,94 564,94 548,92 533,92 518,92 502,92 487,92 471,100 461,109 456,121 454,127 747,134 750,124 749,123 747,123"/>
                <Baseline points="456,121 544,117 750,124"/>
                <Word id="segment_0">
                    <Coords points="478,97 479,128 546,129 548,92"/>
                    <Glyph id="char_0">
                        <Coords points="478,97 479,128 479,128 478,97"/>
                        <TextEquiv conf="1.0"><Unicode>S</Unicode></TextEquiv>
                    </Glyph>
                    <Glyph id="char_1">
                        <Coords points="490,92 491,128 491,128 490,92"/>
                        <TextEquiv conf="0.9842"><Unicode>t</Unicode></TextEquiv>
                    </Glyph>
                    <Glyph id="char_2">
                        <Coords points="498,92 499,128 499,128 498,92"/>
                        <TextEquiv conf="0.9989"><Unicode>a</Unicode></TextEquiv>
                    </Glyph>
                    <Glyph id="char_3">
                        <Coords points="508,92 509,128 509,128 508,92"/>
                        <TextEquiv conf="0.9994"><Unicode>n</Unicode></TextEquiv>
                    </Glyph>
                    <Glyph id="char_4">
                        <Coords points="521,92 522,129 522,129 521,92"/>
                        <TextEquiv conf="0.9999"><Unicode>l</Unicode></TextEquiv>
                    </Glyph>
                    <Glyph id="char_5">
                        <Coords points="526,92 527,129 527,129 526,92"/>
                        <TextEquiv conf="0.9999"><Unicode>e</Unicode></TextEquiv>
                    </Glyph>
                    <Glyph id="char_6">
                        <Coords points="539,92 540,129 540,129 539,92"/>
                        <TextEquiv conf="1.0"><Unicode>r</Unicode></TextEquiv>
                    </Glyph>
                    <Glyph id="char_7">
                        <Coords points="548,92 546,129 546,129 548,92"/>
                        <TextEquiv conf="0.9999"><Unicode>d</Unicode></TextEquiv>
                    </Glyph>
                    <TextEquiv conf="0.9978"><Unicode>Stanlerd</Unicode></TextEquiv>
                </Word>
                <Word id="segment_1">
                    <Coords points="558,93 556,129 559,130 561,94"/>
                    <Glyph id="char_8">
                        <Coords points="558,93 556,129 559,130 561,94"/>
                        <TextEquiv conf="1.0"><Unicode> </Unicode></TextEquiv>
                    </Glyph>
                    <TextEquiv conf="1.0"><Unicode> </Unicode></TextEquiv>
                </Word>
                <Word id="segment_2">
                    <Coords points="563,94 561,130 648,132 650,95"/>
                    <Glyph id="char_9">
                        <Coords points="563,94 561,130 561,130 563,94"/>
                        <TextEquiv conf="0.998"><Unicode>U</Unicode></TextEquiv>
                    </Glyph>
                    <Glyph id="char_10">
                        <Coords points="581,94 579,130 579,130 581,94"/>
                        <TextEquiv conf="1.0"><Unicode>n</Unicode></TextEquiv>
                    </Glyph>
                    <Glyph id="char_11">
                        <Coords points="591,94 589,130 589,130 591,94"/>
                        <TextEquiv conf="1.0"><Unicode>b</Unicode></TextEquiv>
                    </Glyph>
                    <Glyph id="char_12">
                        <Coords points="609,94 607,131 607,131 609,94"/>
                        <TextEquiv conf="0.9605"><Unicode>e</Unicode></TextEquiv>
                    </Glyph>
                    <Glyph id="char_13">
                        <Coords points="619,95 617,131 617,131 619,95"/>
                        <TextEquiv conf="0.9969"><Unicode>r</Unicode></TextEquiv>
                    </Glyph>
                    <Glyph id="char_14">
                        <Coords points="627,95 625,131 625,131 627,95"/>
                        <TextEquiv conf="0.6984"><Unicode>e</Unicode></TextEquiv>
                    </Glyph>
                    <Glyph id="char_15">
                        <Coords points="637,95 635,131 635,131 637,95"/>
                        <TextEquiv conf="1.0"><Unicode>i</Unicode></TextEquiv>
                    </Glyph>
                    <Glyph id="char_16">
                        <Coords points="650,95 648,132 648,132 650,95"/>
                        <TextEquiv conf="1.0"><Unicode>9</Unicode></TextEquiv>
                    </Glyph>
                    <TextEquiv conf="0.9567"><Unicode>Unberei9</Unicode></TextEquiv>
                </Word>
                <Word id="segment_3">
                    <Coords points="657,95 655,132 658,132 660,95"/>
                    <Glyph id="char_17">
                        <Coords points="657,95 655,132 658,132 660,95"/>
                        <TextEquiv conf="0.9986"><Unicode> </Unicode></TextEquiv>
                    </Glyph>
                    <TextEquiv conf="0.9986"><Unicode> </Unicode></TextEquiv>
                </Word>
                <Word id="segment_4">
                    <Coords points="665,95 663,132 739,134 740,110"/>
                    <Glyph id="char_18">
                        <Coords points="665,95 663,132 663,132 665,95"/>
                        <TextEquiv conf="0.9983"><Unicode>l</Unicode></TextEquiv>
                    </Glyph>
                    <Glyph id="char_19">
                        <Coords points="675,95 673,132 673,132 675,95"/>
                        <TextEquiv conf="0.9955"><Unicode>W</Unicode></TextEquiv>
                    </Glyph>
                    <Glyph id="char_20">
                        <Coords points="693,97 691,133 691,133 693,97"/>
                        <TextEquiv conf="0.9911"><Unicode>r</Unicode></TextEquiv>
                    </Glyph>
                    <Glyph id="char_21">
                        <Coords points="700,97 698,133 698,133 700,97"/>
                        <TextEquiv conf="0.1328"><Unicode>a</Unicode></TextEquiv>
                    </Glyph>
                    <Glyph id="char_22">
                        <Coords points="713,97 711,133 711,133 713,97"/>
                        <TextEquiv conf="0.9733"><Unicode>s</Unicode></TextEquiv>
                    </Glyph>
                    <Glyph id="char_23">
                        <Coords points="726,97 724,133 724,133 726,97"/>
                        <TextEquiv conf="0.9487"><Unicode>e</Unicode></TextEquiv>
                    </Glyph>
                    <Glyph id="char_24">
                        <Coords points="740,110 739,134 739,134 740,110"/>
                        <TextEquiv conf="0.9848"><Unicode>.</Unicode></TextEquiv>
                    </Glyph>
                    <TextEquiv conf="0.8606"><Unicode>lWrase.</Unicode></TextEquiv>
                </Word>
                <TextEquiv conf="0.9464"><Unicode>Stanlerd Unberei9 lWrase.</Unicode></TextEquiv>
            </TextLine>
        </TextRegion>
        <TextRegion id="_441d2dcb-d2db-4add-95a7-8e54dac66889" custom="type {type:text;}">
<Coords points="803,191 874,197 880,263 861,282 363,275 333,232 357,197 803,191"/>
            <TextLine id="_1d8ef50c-e99d-4c4e-911f-2794f762eff1" custom="type {type:default;}">
                <Coords points="348,208 348,217 346,232 440,234 444,218 440,197 359,197 348,208"/>
                <Baseline points="348,217 444,218"/>
                <Word id="segment_5">
                    <Coords points="353,203 353,232 428,234 428,197"/>
                    <Glyph id="char_25">
                        <Coords points="353,203 353,232 353,232 353,203"/>
                        <TextEquiv conf="0.9994"><Unicode>a</Unicode></TextEquiv>
                    </Glyph>
                    <Glyph id="char_26">
                        <Coords points="378,197 378,233 378,233 378,197"/>
                        <TextEquiv conf="1.0"><Unicode>n</Unicode></TextEquiv>
                    </Glyph>
                    <Glyph id="char_27">
                        <Coords points="398,197 398,233 398,233 398,197"/>
                        <TextEquiv conf="0.9994"><Unicode>u</Unicode></TextEquiv>
                    </Glyph>
                    <Glyph id="char_28">
                        <Coords points="428,197 428,234 428,234 428,197"/>
                        <TextEquiv conf="0.9827"><Unicode>h</Unicode></TextEquiv>
                    </Glyph>
                    <TextEquiv conf="0.9954"><Unicode>anuh</Unicode></TextEquiv>
                </Word>
                <TextEquiv conf="0.9954"><Unicode>anuh</Unicode></TextEquiv>
            </TextLine>

            <TextLine id="_ac01026b-7d8d-4fd0-87b7-acdb4b379465" custom="type {type:default;}">
                <Coords points="817,191 804,200 783,191 781,191 780,191 778,191 747,200 737,191 735,191 733,191 732,191 730,191 729,191 729,192 721,200 696,191 686,192 670,192 666,192 619,198 602,192 593,192 578,194 562,194 547,194 531,194 516,194 516,220 515,231 821,238 824,225 818,191 817,191"/>
                <Baseline points="516,220 824,225"/>
                <Word id="segment_6">
                    <Coords points="525,194 525,231 812,238 812,194"/>
                    <Glyph id="char_29">
                        <Coords points="525,194 525,231 525,231 525,194"/>
                        <TextEquiv conf="1.0"><Unicode>H</Unicode></TextEquiv>
                    </Glyph>
                    <Glyph id="char_30">
                        <Coords points="557,194 557,232 557,232 557,194"/>
                        <TextEquiv conf="0.7408"><Unicode>I</Unicode></TextEquiv>
                    </Glyph>
                    <Glyph id="char_31">
                        <Coords points="582,193 582,233 582,233 582,193"/>
                        <TextEquiv conf="1.0"><Unicode>I</Unicode></TextEquiv>
                    </Glyph>
                    <Glyph id="char_32">
                        <Coords points="592,192 592,233 592,233 592,192"/>
                        <TextEquiv conf="1.0"><Unicode>U</Unicode></TextEquiv>
                    </Glyph>
                    <Glyph id="char_33">
                        <Coords points="620,198 620,233 620,233 620,198"/>
                        <TextEquiv conf="1.0"><Unicode>U</Unicode></TextEquiv>
                    </Glyph>
                    <Glyph id="char_34">
                        <Coords points="636,196 636,234 636,234 636,196"/>
                        <TextEquiv conf="1.0"><Unicode>I</Unicode></TextEquiv>
                    </Glyph>
                    <Glyph id="char_35">
                        <Coords points="645,195 645,234 645,234 645,195"/>
                        <TextEquiv conf="1.0"><Unicode>E</Unicode></TextEquiv>
                    </Glyph>
                    <Glyph id="char_36">
                        <Coords points="658,193 658,234 658,234 658,193"/>
                        <TextEquiv conf="1.0"><Unicode>H</Unicode></TextEquiv>
                    </Glyph>
                    <Glyph id="char_37">
                        <Coords points="661,193 661,234 661,234 661,193"/>
                        <TextEquiv conf="1.0"><Unicode>E</Unicode></TextEquiv>
                    </Glyph>
                    <Glyph id="char_38">
                        <Coords points="677,192 677,235 677,235 677,192"/>
                        <TextEquiv conf="0.9922"><Unicode>I</Unicode></TextEquiv>
                    </Glyph>
                    <Glyph id="char_39">
                        <Coords points="686,192 686,235 686,235 686,192"/>
                        <TextEquiv conf="1.0"><Unicode>U</Unicode></TextEquiv>
                    </Glyph>
                    <Glyph id="char_40">
                        <Coords points="702,193 702,235 702,235 702,193"/>
                        <TextEquiv conf="1.0"><Unicode>I</Unicode></TextEquiv>
                    </Glyph>
                    <Glyph id="char_41">
                        <Coords points="711,197 711,235 711,235 711,197"/>
                        <TextEquiv conf="1.0"><Unicode>T</Unicode></TextEquiv>
                    </Glyph>
                    <Glyph id="char_42">
                        <Coords points="727,194 727,236 727,236 727,194"/>
                        <TextEquiv conf="1.0"><Unicode>L</Unicode></TextEquiv>
                    </Glyph>
                    <Glyph id="char_43">
                        <Coords points="746,199 746,236 746,236 746,199"/>
                        <TextEquiv conf="0.9999"><Unicode>I</Unicode></TextEquiv>
                    </Glyph>
                    <Glyph id="char_44">
                        <Coords points="759,196 759,237 759,237 759,196"/>
                        <TextEquiv conf="0.9999"><Unicode>E</Unicode></TextEquiv>
                    </Glyph>
                    <Glyph id="char_45">
                        <Coords points="779,191 778,237 778,237 779,191"/>
                        <TextEquiv conf="0.9249"><Unicode>E</Unicode></TextEquiv>
                    </Glyph>
                    <Glyph id="char_46">
                        <Coords points="790,194 790,237 790,237 790,194"/>
                        <TextEquiv conf="0.3246"><Unicode>E</Unicode></TextEquiv>
                    </Glyph>
                    <Glyph id="char_47">
                        <Coords points="812,194 812,238 812,238 812,194"/>
                        <TextEquiv conf="0.9739"><Unicode>T</Unicode></TextEquiv>
                    </Glyph>
                    <TextEquiv conf="0.9451"><Unicode>HIIUUIEHEIUITLIEEET</Unicode></TextEquiv>
                </Word>
                <TextEquiv conf="0.9451"><Unicode>HIIUUIEHEIUITLIEEET</Unicode></TextEquiv>
            </TextLine>

            <TextLine id="_431e5135-8652-4ac6-8376-5fc73ef7e236" custom="type {type:default;}">
                <Coords points="848,225 843,252 855,252 860,226 860,206 849,205 848,225"/>
                <Baseline points="848,225 860,226"/>
                
            </TextLine>

            <TextLine id="_981496c6-fe2c-40fb-ba2d-8df4af607a90" custom="type {type:default;}">
                <Coords points="363,260 362,340 470,343 471,343 473,343 474,343 525,308 579,319 581,319 754,314 787,348 787,349 789,349 791,349 792,351 832,351 832,349 834,349 835,349 835,348 849,333 851,269 851,231 363,222 363,260"/>
                <Baseline points="363,260 851,269"/>
                <Word id="segment_7">
                    <Coords points="380,222 378,340 378,340 380,222"/>
                    <Glyph id="char_48">
                        <Coords points="380,222 378,340 378,340 380,222"/>
                        <TextEquiv conf="0.9982"><Unicode>2</Unicode></TextEquiv>
                    </Glyph>
                    <TextEquiv conf="0.9982"><Unicode>2</Unicode></TextEquiv>
                </Word>
                <Word id="segment_8">
                    <Coords points="405,223 403,341 411,341 413,223"/>
                    <Glyph id="char_49">
                        <Coords points="405,223 403,341 411,341 413,223"/>
                        <TextEquiv conf="0.9998"><Unicode> </Unicode></TextEquiv>
                    </Glyph>
                    <TextEquiv conf="0.9998"><Unicode> </Unicode></TextEquiv>
                </Word>
                <Word id="segment_9">
                    <Coords points="429,223 427,342 517,313 519,225"/>
                    <Glyph id="char_50">
                        <Coords points="429,223 427,342 427,342 429,223"/>
                        <TextEquiv conf="0.6362"><Unicode>H</Unicode></TextEquiv>
                    </Glyph>
                    <Glyph id="char_51">
                        <Coords points="462,224 459,343 459,343 462,224"/>
                        <TextEquiv conf="0.969"><Unicode>i</Unicode></TextEquiv>
                    </Glyph>
                    <Glyph id="char_52">
                        <Coords points="487,224 485,336 485,336 487,224"/>
                        <TextEquiv conf="0.9968"><Unicode>n</Unicode></TextEquiv>
                    </Glyph>
                    <Glyph id="char_53">
                        <Coords points="519,225 517,313 517,313 519,225"/>
                        <TextEquiv conf="0.9228"><Unicode>s</Unicode></TextEquiv>
                    </Glyph>
                    <TextEquiv conf="0.8812"><Unicode>Hins</Unicode></TextEquiv>
                </Word>
                <Word id="segment_10">
                    <Coords points="544,225 542,311 550,313 552,225"/>
                    <Glyph id="char_54">
                        <Coords points="544,225 542,311 550,313 552,225"/>
                        <TextEquiv conf="0.8575"><Unicode> </Unicode></TextEquiv>
                    </Glyph>
                    <TextEquiv conf="0.8575"><Unicode> </Unicode></TextEquiv>
                </Word>
                <Word id="segment_11">
                    <Coords points="560,226 558,315 623,318 625,227"/>
                    <Glyph id="char_55">
                        <Coords points="560,226 558,315 558,315 560,226"/>
                        <TextEquiv conf="0.9979"><Unicode>9</Unicode></TextEquiv>
                    </Glyph>
                    <Glyph id="char_56">
                        <Coords points="625,227 623,318 623,318 625,227"/>
                        <TextEquiv conf="0.7423"><Unicode>7</Unicode></TextEquiv>
                    </Glyph>
                    <TextEquiv conf="0.8701"><Unicode>97</Unicode></TextEquiv>
                </Word>
                <Word id="segment_12">
                    <Coords points="650,227 648,317 656,317 658,227"/>
                    <Glyph id="char_57">
                        <Coords points="650,227 648,317 656,317 658,227"/>
                        <TextEquiv conf="0.9373"><Unicode> </Unicode></TextEquiv>
                    </Glyph>
                    <TextEquiv conf="0.9373"><Unicode> </Unicode></TextEquiv>
                </Word>
                <Word id="segment_13">
                    <Coords points="666,228 664,317 697,316 699,228"/>
                    <Glyph id="char_58">
                        <Coords points="666,228 664,317 664,317 666,228"/>
                        <TextEquiv conf="0.8813"><Unicode>5</Unicode></TextEquiv>
                    </Glyph>
                    <Glyph id="char_59">
                        <Coords points="699,228 697,316 697,316 699,228"/>
                        <TextEquiv conf="0.7926"><Unicode>7</Unicode></TextEquiv>
                    </Glyph>
                    <TextEquiv conf="0.837"><Unicode>57</Unicode></TextEquiv>
                </Word>
                <Word id="segment_14">
                    <Coords points="756,229 754,314 762,322 764,229"/>
                    <Glyph id="char_60">
                        <Coords points="756,229 754,314 762,322 764,229"/>
                        <TextEquiv conf="0.5355"><Unicode> </Unicode></TextEquiv>
                    </Glyph>
                    <TextEquiv conf="0.5355"><Unicode> </Unicode></TextEquiv>
                </Word>
                <Word id="segment_15">
                    <Coords points="772,230 770,330 802,351 805,230"/>
                    <Glyph id="char_61">
                        <Coords points="772,230 770,330 770,330 772,230"/>
                        <TextEquiv conf="0.6119"><Unicode>b</Unicode></TextEquiv>
                    </Glyph>
                    <Glyph id="char_62">
                        <Coords points="805,230 802,351 802,351 805,230"/>
                        <TextEquiv conf="0.5955"><Unicode>e</Unicode></TextEquiv>
                    </Glyph>
                    <TextEquiv conf="0.6037"><Unicode>be</Unicode></TextEquiv>
                </Word>
                <TextEquiv conf="0.8316"><Unicode>2 Hins 97 57 be</Unicode></TextEquiv>
            </TextLine>
        </TextRegion>
    </Page>
</PcGts>