<?xml version="1.0" encoding="UTF-8"?>
<PcGts xmlns="http://schema.primaresearch.org/PAGE/gts/pagecontent/2019-07-15" xmlns:xsi="http://www.w3.org/2001/XMLSchema-instance" xsi:schemaLocation="http://schema.primaresearch.org/PAGE/gts/pagecontent/2019-07-15 http://schema.primaresearch.org/PAGE/gts/pagecontent/2019-07-15/pagecontent.xsd">
    <Metadata>
        <Creator>kraken 6.0.3</Creator>
        <Created>2026-01-20T00:47:01.595257+00:00</Created>
        <LastChange>2026-01-20T00:47:01.595257+00:00</LastChange>
    </Metadata>
    <Page imageFilename="/tmp/tmpeub30vp2.png" imageWidth="1875" imageHeight="2775">
        <TextRegion id="_ba2a0af9-60c5-43b3-a8d7-2205d7920398" custom="type {type:text;}">
<Coords points="675,425 1133,431 1157,450 1157,578 979,602 678,590 653,510 653,444 675,425"/>
            <TextLine id="_0085b06f-eb0a-4e4a-b95f-9823bda24b99" custom="type {type:default;}">
                <Coords points="1148,444 1145,440 670,439 670,558 669,570 1147,573 1150,561 1150,445 1148,444"/>
                <Baseline points="670,558 1150,561"/>
                <Word id="segment_0">
                    <Coords points="698,439 697,570 1114,573 1115,440"/>
                    <Glyph id="char_0">
                        <Coords points="698,439 697,570 697,570 698,439"/>
                        <TextEquiv conf="1.0"><Unicode>B</Unicode></TextEquiv>
                    </Glyph>
                    <Glyph id="char_1">
                        <Coords points="744,439 743,570 743,570 744,439"/>
                        <TextEquiv conf="0.9998"><Unicode>I</Unicode></TextEquiv>
                    </Glyph>
                    <Glyph id="char_2">
                        <Coords points="780,439 779,571 779,571 780,439"/>
                        <TextEquiv conf="1.0"><Unicode>R</Unicode></TextEquiv>
                    </Glyph>
                    <Glyph id="char_3">
                        <Coords points="834,439 833,571 833,571 834,439"/>
                        <TextEquiv conf="0.9973"><Unicode>L</Unicode></TextEquiv>
                    </Glyph>
                    <Glyph id="char_4">
                        <Coords points="880,439 879,571 879,571 880,439"/>
                        <TextEquiv conf="1.0"><Unicode>I</Unicode></TextEquiv>
                    </Glyph>
                    <Glyph id="char_5">
                        <Coords points="916,440 915,572 915,572 916,440"/>
                        <TextEquiv conf="1.0"><Unicode>O</Unicode></TextEquiv>
                    </Glyph>
                    <Glyph id="char_6">
                        <Coords points="970,440 969,572 969,572 970,440"/>
                        <TextEquiv conf="0.9917"><Unicode>T</Unicode></TextEquiv>
                    </Glyph>
                    <Glyph id="char_7">
                        <Coords points="1016,440 1015,572 1015,572 1016,440"/>
                        <TextEquiv conf="0.9987"><Unicode>H</Unicode></TextEquiv>
                    </Glyph>
                    <Glyph id="char_8">
                        <Coords points="1043,440 1042,572 1042,572 1043,440"/>
                        <TextEquiv conf="0.9997"><Unicode>I</Unicode></TextEquiv>
                    </Glyph>
                    <Glyph id="char_9">
                        <Coords points="1070,440 1069,573 1069,573 1070,440"/>
                        <TextEquiv conf="0.3741"><Unicode>E</Unicode></TextEquiv>
                    </Glyph>
                    <Glyph id="char_10">
                        <Coords points="1115,440 1114,573 1114,573 1115,440"/>
                        <TextEquiv conf="0.7307"><Unicode>K</Unicode></TextEquiv>
                    </Glyph>
                    <TextEquiv conf="0.9175"><Unicode>BIRLIOTHIEK</Unicode></TextEquiv>
                </Word>
                <TextEquiv conf="0.9175"><Unicode>BIRLIOTHIEK</Unicode></TextEquiv>
            </TextLine>
        </TextRegion>
        <TextRegion id="_764d3070-fbc1-44b7-b895-b26ee722b6d8" custom="type {type:text;}">
<Coords points="886,740 960,746 979,770 960,806 881,812 863,764 886,740"/>
            <TextLine id="_66d0e605-2fb7-4be0-9bbc-56199afc4673" custom="type {type:default;}">
                <Coords points="872,783 872,793 956,792 956,780 952,753 918,746 917,746 871,755 872,783"/>
                <Baseline points="872,783 956,780"/>
                <Word id="segment_1">
                    <Coords points="891,751 892,793 937,792 936,750"/>
                    <Glyph id="char_11">
                        <Coords points="891,751 892,793 892,793 891,751"/>
                        <TextEquiv conf="1.0"><Unicode>D</Unicode></TextEquiv>
                    </Glyph>
                    <Glyph id="char_12">
                        <Coords points="917,746 918,792 918,792 917,746"/>
                        <TextEquiv conf="1.0"><Unicode>E</Unicode></TextEquiv>
                    </Glyph>
                    <Glyph id="char_13">
                        <Coords points="936,750 937,792 937,792 936,750"/>
                        <TextEquiv conf="1.0"><Unicode>S</Unicode></TextEquiv>
                    </Glyph>
                    <TextEquiv conf="1.0"><Unicode>DES</Unicode></TextEquiv>
                </Word>
                <TextEquiv conf="1.0"><Unicode>DES</Unicode></TextEquiv>
            </TextLine>
        </TextRegion>
        <TextRegion id="_19fb97be-aa27-441b-a2dc-a98071c69a6f" custom="type {type:text;}">
<Coords points="775,974 1491,986 1509,1059 1472,1089 1153,1096 962,1157 949,1221 1108,1245 1120,1293 1108,1330 935,1361 814,1355 709,1311 709,1245 746,1196 701,1114 468,1108 382,1139 320,1108 314,1005 333,986 775,974"/>
            <TextLine id="_a5fe6d18-fb38-43aa-b335-7f372d194b71" custom="type {type:default;}">
                <Coords points="1489,1000 328,1000 328,1054 326,1066 744,1074 746,1074 801,1066 834,1074 835,1074 837,1074 902,1066 952,1076 954,1077 1063,1077 1063,1076 1065,1076 1067,1076 1076,1068 1144,1076 1145,1076 1147,1076 1148,1076 1159,1068 1182,1076 1184,1076 1185,1076 1228,1068 1446,1068 1474,1076 1475,1076 1477,1076 1478,1076 1494,1066 1495,1057 1494,1009 1489,1000"/>
                <Baseline points="328,1054 1495,1057"/>
                <Word id="segment_2">
                    <Coords points="349,1000 349,1066 1043,1077 1043,1000"/>
                    <Glyph id="char_14">
                        <Coords points="349,1000 349,1066 349,1066 349,1000"/>
                        <TextEquiv conf="0.9999"><Unicode>L</Unicode></TextEquiv>
                    </Glyph>
                    <Glyph id="char_15">
                        <Coords points="401,1000 401,1067 401,1067 401,1000"/>
                        <TextEquiv conf="1.0"><Unicode>I</Unicode></TextEquiv>
                    </Glyph>
                    <Glyph id="char_16">
                        <Coords points="443,1000 443,1068 448,1068 448,1000"/>
                        <TextEquiv conf="1.0"><Unicode>T</Unicode></TextEquiv>
                    </Glyph>
                    <Glyph id="char_17">
                        <Coords points="500,1000 500,1069 505,1069 505,1000"/>
                        <TextEquiv conf="0.9999"><Unicode>T</Unicode></TextEquiv>
                    </Glyph>
                    <Glyph id="char_18">
                        <Coords points="558,1000 558,1070 558,1070 558,1000"/>
                        <TextEquiv conf="0.9999"><Unicode>E</Unicode></TextEquiv>
                    </Glyph>
                    <Glyph id="char_19">
                        <Coords points="610,1000 610,1071 610,1071 610,1000"/>
                        <TextEquiv conf="1.0"><Unicode>R</Unicode></TextEquiv>
                    </Glyph>
                    <Glyph id="char_20">
                        <Coords points="667,1000 667,1073 667,1073 667,1000"/>
                        <TextEquiv conf="1.0"><Unicode>A</Unicode></TextEquiv>
                    </Glyph>
                    <Glyph id="char_21">
                        <Coords points="730,1000 730,1074 730,1074 730,1000"/>
                        <TextEquiv conf="1.0"><Unicode>R</Unicode></TextEquiv>
                    </Glyph>
                    <Glyph id="char_22">
                        <Coords points="787,1000 787,1068 787,1068 787,1000"/>
                        <TextEquiv conf="1.0"><Unicode>I</Unicode></TextEquiv>
                    </Glyph>
                    <Glyph id="char_23">
                        <Coords points="824,1000 824,1072 824,1072 824,1000"/>
                        <TextEquiv conf="1.0"><Unicode>S</Unicode></TextEquiv>
                    </Glyph>
                    <Glyph id="char_24">
                        <Coords points="876,1000 876,1069 876,1069 876,1000"/>
                        <TextEquiv conf="1.0"><Unicode>C</Unicode></TextEquiv>
                    </Glyph>
                    <Glyph id="char_25">
                        <Coords points="928,1000 928,1071 928,1071 928,1000"/>
                        <TextEquiv conf="1.0"><Unicode>H</Unicode></TextEquiv>
                    </Glyph>
                    <Glyph id="char_26">
                        <Coords points="991,1000 991,1077 991,1077 991,1000"/>
                        <TextEquiv conf="1.0"><Unicode>E</Unicode></TextEquiv>
                    </Glyph>
                    <Glyph id="char_27">
                        <Coords points="1043,1000 1043,1077 1043,1077 1043,1000"/>
                        <TextEquiv conf="1.0"><Unicode>N</Unicode></TextEquiv>
                    </Glyph>
                    <TextEquiv conf="1.0"><Unicode>LITTERARISCHEN</Unicode></TextEquiv>
                </Word>
                <Word id="segment_3">
                    <Coords points="1121,1000 1121,1073 1126,1074 1126,1000"/>
                    <Glyph id="char_28">
                        <Coords points="1121,1000 1121,1073 1126,1074 1126,1000"/>
                        <TextEquiv conf="1.0"><Unicode> </Unicode></TextEquiv>
                    </Glyph>
                    <TextEquiv conf="1.0"><Unicode> </Unicode></TextEquiv>
                </Word>
                <Word id="segment_4">
                    <Coords points="1147,1000 1147,1076 1471,1075 1471,1000"/>
                    <Glyph id="char_29">
                        <Coords points="1147,1000 1147,1076 1147,1076 1147,1000"/>
                        <TextEquiv conf="1.0"><Unicode>V</Unicode></TextEquiv>
                    </Glyph>
                    <Glyph id="char_30">
                        <Coords points="1205,1000 1205,1072 1205,1072 1205,1000"/>
                        <TextEquiv conf="1.0"><Unicode>E</Unicode></TextEquiv>
                    </Glyph>
                    <Glyph id="char_31">
                        <Coords points="1257,1000 1257,1068 1257,1068 1257,1000"/>
                        <TextEquiv conf="1.0"><Unicode>R</Unicode></TextEquiv>
                    </Glyph>
                    <Glyph id="char_32">
                        <Coords points="1314,1000 1314,1068 1314,1068 1314,1000"/>
                        <TextEquiv conf="1.0"><Unicode>E</Unicode></TextEquiv>
                    </Glyph>
                    <Glyph id="char_33">
                        <Coords points="1372,1000 1372,1068 1372,1068 1372,1000"/>
                        <TextEquiv conf="0.9999"><Unicode>I</Unicode></TextEquiv>
                    </Glyph>
                    <Glyph id="char_34">
                        <Coords points="1413,1000 1413,1068 1413,1068 1413,1000"/>
                        <TextEquiv conf="0.9999"><Unicode>N</Unicode></TextEquiv>
                    </Glyph>
                    <Glyph id="char_35">
                        <Coords points="1471,1000 1471,1075 1471,1075 1471,1000"/>
                        <TextEquiv conf="0.9998"><Unicode>S</Unicode></TextEquiv>
                    </Glyph>
                    <TextEquiv conf="0.9999"><Unicode>VEREINS</Unicode></TextEquiv>
                </Word>
                <TextEquiv conf="1.0"><Unicode>LITTERARISCHEN VEREINS</Unicode></TextEquiv>
            </TextLine>

            <TextLine id="_3b43015c-f448-4a16-9227-9e73aff26195" custom="type {type:default;}">
                <Coords points="1107,1256 717,1256 717,1293 717,1307 1111,1307 1111,1293 1111,1267 1107,1256"/>
                <Baseline points="717,1293 1111,1293"/>
                <Word id="segment_5">
                    <Coords points="738,1256 738,1307 755,1307 755,1256"/>
                    <Glyph id="char_36">
                        <Coords points="738,1256 738,1307 738,1307 738,1256"/>
                        <TextEquiv conf="1.0"><Unicode>I</Unicode></TextEquiv>
                    </Glyph>
                    <Glyph id="char_37">
                        <Coords points="755,1256 755,1307 755,1307 755,1256"/>
                        <TextEquiv conf="1.0"><Unicode>N</Unicode></TextEquiv>
                    </Glyph>
                    <TextEquiv conf="1.0"><Unicode>IN</Unicode></TextEquiv>
                </Word>
                <Word id="segment_6">
                    <Coords points="797,1256 797,1307 801,1307 801,1256"/>
                    <Glyph id="char_38">
                        <Coords points="797,1256 797,1307 801,1307 801,1256"/>
                        <TextEquiv conf="1.0"><Unicode> </Unicode></TextEquiv>
                    </Glyph>
                    <TextEquiv conf="1.0"><Unicode> </Unicode></TextEquiv>
                </Word>
                <Word id="segment_7">
                    <Coords points="811,1256 811,1307 1111,1307 1111,1293"/>
                    <Glyph id="char_39">
                        <Coords points="811,1256 811,1307 811,1307 811,1256"/>
                        <TextEquiv conf="1.0"><Unicode>S</Unicode></TextEquiv>
                    </Glyph>
                    <Glyph id="char_40">
                        <Coords points="843,1256 843,1307 846,1307 846,1256"/>
                        <TextEquiv conf="1.0"><Unicode>T</Unicode></TextEquiv>
                    </Glyph>
                    <Glyph id="char_41">
                        <Coords points="874,1256 874,1307 874,1307 874,1256"/>
                        <TextEquiv conf="1.0"><Unicode>U</Unicode></TextEquiv>
                    </Glyph>
                    <Glyph id="char_42">
                        <Coords points="913,1256 913,1307 913,1307 913,1256"/>
                        <TextEquiv conf="1.0"><Unicode>T</Unicode></TextEquiv>
                    </Glyph>
                    <Glyph id="char_43">
                        <Coords points="941,1256 941,1307 944,1307 944,1256"/>
                        <TextEquiv conf="1.0"><Unicode>T</Unicode></TextEquiv>
                    </Glyph>
                    <Glyph id="char_44">
                        <Coords points="969,1256 969,1307 969,1307 969,1256"/>
                        <TextEquiv conf="1.0"><Unicode>G</Unicode></TextEquiv>
                    </Glyph>
                    <Glyph id="char_45">
                        <Coords points="1004,1256 1004,1307 1004,1307 1004,1256"/>
                        <TextEquiv conf="1.0"><Unicode>A</Unicode></TextEquiv>
                    </Glyph>
                    <Glyph id="char_46">
                        <Coords points="1039,1256 1039,1307 1039,1307 1039,1256"/>
                        <TextEquiv conf="1.0"><Unicode>R</Unicode></TextEquiv>
                    </Glyph>
                    <Glyph id="char_47">
                        <Coords points="1077,1256 1077,1307 1077,1307 1077,1256"/>
                        <TextEquiv conf="0.9989"><Unicode>T</Unicode></TextEquiv>
                    </Glyph>
                    <Glyph id="char_48">
                        <Coords points="1111,1293 1111,1307 1111,1307 1111,1293"/>
                        <TextEquiv conf="1.0"><Unicode>.</Unicode></TextEquiv>
                    </Glyph>
                    <TextEquiv conf="0.9999"><Unicode>STUTTGART.</Unicode></TextEquiv>
                </Word>
                <TextEquiv conf="0.9999"><Unicode>IN STUTTGART.</Unicode></TextEquiv>
            </TextLine>
        </TextRegion>
        <TextRegion id="_41b17d03-ab75-4c27-9c7b-43ec0ae5ce85" custom="type {type:text;}">
<Coords points="787,1461 1053,1473 1071,1533 1040,1564 770,1558 764,1480 787,1461"/>
            <TextLine id="_6c4ff13e-0520-49f6-8e63-7903ac51b91a" custom="type {type:default;}">
                <Coords points="1053,1484 846,1473 844,1473 774,1480 774,1530 772,1540 868,1550 869,1550 1054,1544 1056,1535 1056,1493 1053,1484"/>
                <Baseline points="774,1530 1056,1535"/>
                <Word id="segment_8">
                    <Coords points="796,1478 795,1542 1056,1535 1056,1535"/>
                    <Glyph id="char_49">
                        <Coords points="796,1478 795,1542 795,1542 796,1478"/>
                        <TextEquiv conf="1.0"><Unicode>C</Unicode></TextEquiv>
                    </Glyph>
                    <Glyph id="char_50">
                        <Coords points="837,1474 836,1547 836,1547 837,1474"/>
                        <TextEquiv conf="1.0"><Unicode>C</Unicode></TextEquiv>
                    </Glyph>
                    <Glyph id="char_51">
                        <Coords points="883,1475 882,1550 882,1550 883,1475"/>
                        <TextEquiv conf="1.0"><Unicode>X</Unicode></TextEquiv>
                    </Glyph>
                    <Glyph id="char_52">
                        <Coords points="930,1477 929,1548 929,1548 930,1477"/>
                        <TextEquiv conf="1.0"><Unicode>L</Unicode></TextEquiv>
                    </Glyph>
                    <Glyph id="char_53">
                        <Coords points="976,1480 975,1547 975,1547 976,1480"/>
                        <TextEquiv conf="1.0"><Unicode>V</Unicode></TextEquiv>
                    </Glyph>
                    <Glyph id="char_54">
                        <Coords points="1023,1482 1022,1545 1022,1545 1023,1482"/>
                        <TextEquiv conf="1.0"><Unicode>I</Unicode></TextEquiv>
                    </Glyph>
                    <Glyph id="char_55">
                        <Coords points="1056,1535 1056,1535 1056,1535 1056,1535"/>
                        <TextEquiv conf="0.9904"><Unicode>.</Unicode></TextEquiv>
                    </Glyph>
                    <TextEquiv conf="0.9986"><Unicode>CCXLVI.</Unicode></TextEquiv>
                </Word>
                <TextEquiv conf="0.9986"><Unicode>CCXLVI.</Unicode></TextEquiv>
            </TextLine>
        </TextRegion>
        <TextRegion id="_9e2e717d-8b9a-4fce-991c-8e854439efac" custom="type {type:text;}">
<Coords points="781,2139 1059,2146 1071,2193 1022,2218 783,2218 758,2206 758,2152 781,2139"/>
            <TextLine id="_209a934d-3539-4468-80af-c41bb3da8136" custom="type {type:default;}">
                <Coords points="1060,2161 1053,2152 814,2144 812,2144 767,2152 767,2189 767,2199 1065,2199 1065,2189 1063,2173 1060,2161"/>
                <Baseline points="767,2189 1065,2189"/>
                <Word id="segment_9">
                    <Coords points="782,2149 782,2199 1065,2199 1065,2189"/>
                    <Glyph id="char_56">
                        <Coords points="782,2149 782,2199 782,2199 782,2149"/>
                        <TextEquiv conf="0.5227"><Unicode>T</Unicode></TextEquiv>
                    </Glyph>
                    <Glyph id="char_57">
                        <Coords points="819,2144 819,2199 819,2199 819,2144"/>
                        <TextEquiv conf="1.0"><Unicode>U</Unicode></TextEquiv>
                    </Glyph>
                    <Glyph id="char_58">
                        <Coords points="857,2145 857,2199 857,2199 857,2145"/>
                        <TextEquiv conf="1.0"><Unicode>B</Unicode></TextEquiv>
                    </Glyph>
                    <Glyph id="char_59">
                        <Coords points="890,2147 890,2199 890,2199 890,2147"/>
                        <TextEquiv conf="1.0"><Unicode>I</Unicode></TextEquiv>
                    </Glyph>
                    <Glyph id="char_60">
                        <Coords points="917,2147 917,2199 917,2199 917,2147"/>
                        <TextEquiv conf="1.0"><Unicode>N</Unicode></TextEquiv>
                    </Glyph>
                    <Glyph id="char_61">
                        <Coords points="954,2149 954,2199 954,2199 954,2149"/>
                        <TextEquiv conf="1.0"><Unicode>G</Unicode></TextEquiv>
                    </Glyph>
                    <Glyph id="char_62">
                        <Coords points="991,2150 991,2199 991,2199 991,2150"/>
                        <TextEquiv conf="1.0"><Unicode>E</Unicode></TextEquiv>
                    </Glyph>
                    <Glyph id="char_63">
                        <Coords points="1025,2151 1025,2199 1025,2199 1025,2151"/>
                        <TextEquiv conf="1.0"><Unicode>N</Unicode></TextEquiv>
                    </Glyph>
                    <Glyph id="char_64">
                        <Coords points="1065,2189 1065,2199 1065,2199 1065,2189"/>
                        <TextEquiv conf="0.7743"><Unicode>.</Unicode></TextEquiv>
                    </Glyph>
                    <TextEquiv conf="0.9219"><Unicode>TUBINGEN.</Unicode></TextEquiv>
                </Word>
                <TextEquiv conf="0.9219"><Unicode>TUBINGEN.</Unicode></TextEquiv>
            </TextLine>
        </TextRegion>
        <TextRegion id="_ea956c3a-47f0-4b59-9795-806a2ec21ce2" custom="type {type:text;}">
<Coords points="917,2232 1373,2244 1373,2267 999,2286 948,2391 894,2403 851,2347 843,2286 474,2273 450,2255 468,2238 917,2232"/>
            <TextLine id="_c831b31c-6b90-48c5-b51c-514a8a4eca6b" custom="type {type:default;}">
                <Coords points="1352,2243 1336,2243 1321,2243 1306,2241 1290,2241 1275,2241 1259,2241 1244,2240 1228,2240 1213,2240 1198,2238 1182,2238 1167,2238 1151,2238 1136,2236 1120,2236 1105,2236 1090,2236 1083,2235 578,2235 565,2236 550,2236 535,2236 519,2236 504,2236 488,2236 473,2236 459,2244 457,2257 456,2270 1364,2273 1367,2260 1366,2243 1352,2243"/>
                <Baseline points="457,2257 1367,2260"/>
                <Word id="segment_10">
                    <Coords points="470,2238 470,2270 614,2271 614,2235"/>
                    <Glyph id="char_65">
                        <Coords points="470,2238 470,2270 470,2270 470,2238"/>
                        <TextEquiv conf="1.0"><Unicode>G</Unicode></TextEquiv>
                    </Glyph>
                    <Glyph id="char_66">
                        <Coords points="495,2236 495,2270 495,2270 495,2236"/>
                        <TextEquiv conf="1.0"><Unicode>E</Unicode></TextEquiv>
                    </Glyph>
                    <Glyph id="char_67">
                        <Coords points="513,2236 513,2270 513,2270 513,2236"/>
                        <TextEquiv conf="1.0"><Unicode>D</Unicode></TextEquiv>
                    </Glyph>
                    <Glyph id="char_68">
                        <Coords points="536,2236 536,2270 536,2270 536,2236"/>
                        <TextEquiv conf="1.0"><Unicode>R</Unicode></TextEquiv>
                    </Glyph>
                    <Glyph id="char_69">
                        <Coords points="553,2236 553,2270 553,2270 553,2236"/>
                        <TextEquiv conf="1.0"><Unicode>U</Unicode></TextEquiv>
                    </Glyph>
                    <Glyph id="char_70">
                        <Coords points="574,2235 574,2270 574,2270 574,2235"/>
                        <TextEquiv conf="1.0"><Unicode>C</Unicode></TextEquiv>
                    </Glyph>
                    <Glyph id="char_71">
                        <Coords points="594,2235 594,2270 594,2270 594,2235"/>
                        <TextEquiv conf="1.0"><Unicode>E</Unicode></TextEquiv>
                    </Glyph>
                    <Glyph id="char_72">
                        <Coords points="614,2235 614,2271 614,2271 614,2235"/>
                        <TextEquiv conf="1.0"><Unicode>T</Unicode></TextEquiv>
                    </Glyph>
                    <TextEquiv conf="1.0"><Unicode>GEDRUCET</Unicode></TextEquiv>
                </Word>
                <Word id="segment_11">
                    <Coords points="640,2235 640,2271 642,2271 642,2235"/>
                    <Glyph id="char_73">
                        <Coords points="640,2235 640,2271 642,2271 642,2235"/>
                        <TextEquiv conf="1.0"><Unicode> </Unicode></TextEquiv>
                    </Glyph>
                    <TextEquiv conf="1.0"><Unicode> </Unicode></TextEquiv>
                </Word>
                <Word id="segment_12">
                    <Coords points="652,2235 652,2271 696,2271 696,2235"/>
                    <Glyph id="char_74">
                        <Coords points="652,2235 652,2271 652,2271 652,2235"/>
                        <TextEquiv conf="1.0"><Unicode>A</Unicode></TextEquiv>
                    </Glyph>
                    <Glyph id="char_75">
                        <Coords points="673,2235 673,2271 673,2271 673,2235"/>
                        <TextEquiv conf="1.0"><Unicode>U</Unicode></TextEquiv>
                    </Glyph>
                    <Glyph id="char_76">
                        <Coords points="696,2235 696,2271 696,2271 696,2235"/>
                        <TextEquiv conf="1.0"><Unicode>F</Unicode></TextEquiv>
                    </Glyph>
                    <TextEquiv conf="1.0"><Unicode>AUF</Unicode></TextEquiv>
                </Word>
                <Word id="segment_13">
                    <Coords points="718,2235 718,2271 721,2271 721,2235"/>
                    <Glyph id="char_77">
                        <Coords points="718,2235 718,2271 721,2271 721,2235"/>
                        <TextEquiv conf="1.0"><Unicode> </Unicode></TextEquiv>
                    </Glyph>
                    <TextEquiv conf="1.0"><Unicode> </Unicode></TextEquiv>
                </Word>
                <Word id="segment_14">
                    <Coords points="731,2235 731,2271 830,2271 830,2235"/>
                    <Glyph id="char_78">
                        <Coords points="731,2235 731,2271 731,2271 731,2235"/>
                        <TextEquiv conf="1.0"><Unicode>K</Unicode></TextEquiv>
                    </Glyph>
                    <Glyph id="char_79">
                        <Coords points="754,2235 754,2271 754,2271 754,2235"/>
                        <TextEquiv conf="1.0"><Unicode>O</Unicode></TextEquiv>
                    </Glyph>
                    <Glyph id="char_80">
                        <Coords points="772,2235 772,2271 772,2271 772,2235"/>
                        <TextEquiv conf="1.0"><Unicode>S</Unicode></TextEquiv>
                    </Glyph>
                    <Glyph id="char_81">
                        <Coords points="789,2235 789,2271 789,2271 789,2235"/>
                        <TextEquiv conf="1.0"><Unicode>T</Unicode></TextEquiv>
                    </Glyph>
                    <Glyph id="char_82">
                        <Coords points="810,2235 810,2271 810,2271 810,2235"/>
                        <TextEquiv conf="1.0"><Unicode>E</Unicode></TextEquiv>
                    </Glyph>
                    <Glyph id="char_83">
                        <Coords points="830,2235 830,2271 830,2271 830,2235"/>
                        <TextEquiv conf="1.0"><Unicode>N</Unicode></TextEquiv>
                    </Glyph>
                    <TextEquiv conf="1.0"><Unicode>KOSTEN</Unicode></TextEquiv>
                </Word>
                <Word id="segment_15">
                    <Coords points="858,2235 858,2271 858,2271 858,2235"/>
                    <Glyph id="char_84">
                        <Coords points="858,2235 858,2271 858,2271 858,2235"/>
                        <TextEquiv conf="1.0"><Unicode> </Unicode></TextEquiv>
                    </Glyph>
                    <TextEquiv conf="1.0"><Unicode> </Unicode></TextEquiv>
                </Word>
                <Word id="segment_16">
                    <Coords points="868,2235 868,2271 909,2271 909,2235"/>
                    <Glyph id="char_85">
                        <Coords points="868,2235 868,2271 868,2271 868,2235"/>
                        <TextEquiv conf="0.9081"><Unicode>D</Unicode></TextEquiv>
                    </Glyph>
                    <Glyph id="char_86">
                        <Coords points="891,2235 891,2271 891,2271 891,2235"/>
                        <TextEquiv conf="1.0"><Unicode>E</Unicode></TextEquiv>
                    </Glyph>
                    <Glyph id="char_87">
                        <Coords points="909,2235 909,2271 909,2271 909,2235"/>
                        <TextEquiv conf="1.0"><Unicode>S</Unicode></TextEquiv>
                    </Glyph>
                    <TextEquiv conf="0.9694"><Unicode>DES</Unicode></TextEquiv>
                </Word>
                <Word id="segment_17">
                    <Coords points="932,2235 932,2272 934,2272 934,2235"/>
                    <Glyph id="char_88">
                        <Coords points="932,2235 932,2272 934,2272 934,2235"/>
                        <TextEquiv conf="1.0"><Unicode> </Unicode></TextEquiv>
                    </Glyph>
                    <TextEquiv conf="1.0"><Unicode> </Unicode></TextEquiv>
                </Word>
                <Word id="segment_18">
                    <Coords points="944,2235 944,2272 1190,2272 1190,2238"/>
                    <Glyph id="char_89">
                        <Coords points="944,2235 944,2272 944,2272 944,2235"/>
                        <TextEquiv conf="1.0"><Unicode>L</Unicode></TextEquiv>
                    </Glyph>
                    <Glyph id="char_90">
                        <Coords points="965,2235 965,2272 965,2272 965,2235"/>
                        <TextEquiv conf="0.9994"><Unicode>I</Unicode></TextEquiv>
                    </Glyph>
                    <Glyph id="char_91">
                        <Coords points="980,2235 980,2272 980,2272 980,2235"/>
                        <TextEquiv conf="1.0"><Unicode>T</Unicode></TextEquiv>
                    </Glyph>
                    <Glyph id="char_92">
                        <Coords points="998,2235 998,2272 1000,2272 1000,2235"/>
                        <TextEquiv conf="1.0"><Unicode>T</Unicode></TextEquiv>
                    </Glyph>
                    <Glyph id="char_93">
                        <Coords points="1015,2235 1015,2272 1015,2272 1015,2235"/>
                        <TextEquiv conf="0.7815"><Unicode>E</Unicode></TextEquiv>
                    </Glyph>
                    <Glyph id="char_94">
                        <Coords points="1036,2235 1036,2272 1036,2272 1036,2235"/>
                        <TextEquiv conf="1.0"><Unicode>R</Unicode></TextEquiv>
                    </Glyph>
                    <Glyph id="char_95">
                        <Coords points="1058,2235 1058,2272 1058,2272 1058,2235"/>
                        <TextEquiv conf="1.0"><Unicode>A</Unicode></TextEquiv>
                    </Glyph>
                    <Glyph id="char_96">
                        <Coords points="1079,2235 1079,2272 1079,2272 1079,2235"/>
                        <TextEquiv conf="1.0"><Unicode>R</Unicode></TextEquiv>
                    </Glyph>
                    <Glyph id="char_97">
                        <Coords points="1099,2236 1099,2272 1099,2272 1099,2236"/>
                        <TextEquiv conf="1.0"><Unicode>I</Unicode></TextEquiv>
                    </Glyph>
                    <Glyph id="char_98">
                        <Coords points="1109,2236 1109,2272 1109,2272 1109,2236"/>
                        <TextEquiv conf="0.9992"><Unicode>S</Unicode></TextEquiv>
                    </Glyph>
                    <Glyph id="char_99">
                        <Coords points="1127,2236 1127,2272 1127,2272 1127,2236"/>
                        <TextEquiv conf="1.0"><Unicode>C</Unicode></TextEquiv>
                    </Glyph>
                    <Glyph id="char_100">
                        <Coords points="1147,2237 1147,2272 1147,2272 1147,2237"/>
                        <TextEquiv conf="1.0"><Unicode>H</Unicode></TextEquiv>
                    </Glyph>
                    <Glyph id="char_101">
                        <Coords points="1173,2238 1173,2272 1173,2272 1173,2238"/>
                        <TextEquiv conf="1.0"><Unicode>E</Unicode></TextEquiv>
                    </Glyph>
                    <Glyph id="char_102">
                        <Coords points="1190,2238 1190,2272 1190,2272 1190,2238"/>
                        <TextEquiv conf="1.0"><Unicode>N</Unicode></TextEquiv>
                    </Glyph>
                    <TextEquiv conf="0.9843"><Unicode>LITTERARISCHEN</Unicode></TextEquiv>
                </Word>
                <Word id="segment_19">
                    <Coords points="1218,2240 1218,2273 1223,2273 1223,2240"/>
                    <Glyph id="char_103">
                        <Coords points="1218,2240 1218,2273 1223,2273 1223,2240"/>
                        <TextEquiv conf="1.0"><Unicode> </Unicode></TextEquiv>
                    </Glyph>
                    <TextEquiv conf="1.0"><Unicode> </Unicode></TextEquiv>
                </Word>
                <Word id="segment_20">
                    <Coords points="1234,2240 1234,2273 1367,2260 1367,2260"/>
                    <Glyph id="char_104">
                        <Coords points="1234,2240 1234,2273 1234,2273 1234,2240"/>
                        <TextEquiv conf="1.0"><Unicode>V</Unicode></TextEquiv>
                    </Glyph>
                    <Glyph id="char_105">
                        <Coords points="1254,2241 1254,2273 1254,2273 1254,2241"/>
                        <TextEquiv conf="0.9997"><Unicode>E</Unicode></TextEquiv>
                    </Glyph>
                    <Glyph id="char_106">
                        <Coords points="1274,2241 1274,2273 1274,2273 1274,2241"/>
                        <TextEquiv conf="0.9111"><Unicode>R</Unicode></TextEquiv>
                    </Glyph>
                    <Glyph id="char_107">
                        <Coords points="1294,2241 1294,2273 1294,2273 1294,2241"/>
                        <TextEquiv conf="1.0"><Unicode>E</Unicode></TextEquiv>
                    </Glyph>
                    <Glyph id="char_108">
                        <Coords points="1315,2242 1315,2273 1315,2273 1315,2242"/>
                        <TextEquiv conf="0.9996"><Unicode>I</Unicode></TextEquiv>
                    </Glyph>
                    <Glyph id="char_109">
                        <Coords points="1327,2243 1327,2273 1327,2273 1327,2243"/>
                        <TextEquiv conf="0.9998"><Unicode>N</Unicode></TextEquiv>
                    </Glyph>
                    <Glyph id="char_110">
                        <Coords points="1348,2243 1348,2273 1348,2273 1348,2243"/>
                        <TextEquiv conf="0.9898"><Unicode>s</Unicode></TextEquiv>
                    </Glyph>
                    <Glyph id="char_111">
                        <Coords points="1367,2260 1367,2260 1367,2260 1367,2260"/>
                        <TextEquiv conf="0.7192"><Unicode>.</Unicode></TextEquiv>
                    </Glyph>
                    <TextEquiv conf="0.9524"><Unicode>VEREINs.</Unicode></TextEquiv>
                </Word>
                <TextEquiv conf="0.9853"><Unicode>GEDRUCET AUF KOSTEN DES LITTERARISCHEN VEREINs.</Unicode></TextEquiv>
            </TextLine>

            <TextLine id="_c329d64a-f61b-40a8-a3c9-b4c19362fb6a" custom="type {type:default;}">
                <Coords points="971,2334 965,2304 900,2297 898,2297 863,2304 863,2337 863,2352 974,2352 974,2337 972,2334 971,2334"/>
                <Baseline points="863,2337 974,2337"/>
                <Word id="segment_21">
                    <Coords points="882,2300 882,2352 974,2352 974,2337"/>
                    <Glyph id="char_112">
                        <Coords points="882,2300 882,2352 882,2352 882,2300"/>
                        <TextEquiv conf="1.0"><Unicode>1</Unicode></TextEquiv>
                    </Glyph>
                    <Glyph id="char_113">
                        <Coords points="900,2297 900,2352 900,2352 900,2297"/>
                        <TextEquiv conf="1.0"><Unicode>9</Unicode></TextEquiv>
                    </Glyph>
                    <Glyph id="char_114">
                        <Coords points="923,2299 923,2352 923,2352 923,2299"/>
                        <TextEquiv conf="1.0"><Unicode>0</Unicode></TextEquiv>
                    </Glyph>
                    <Glyph id="char_115">
                        <Coords points="945,2302 945,2352 945,2352 945,2302"/>
                        <TextEquiv conf="1.0"><Unicode>7</Unicode></TextEquiv>
                    </Glyph>
                    <Glyph id="char_116">
                        <Coords points="974,2337 974,2352 974,2352 974,2337"/>
                        <TextEquiv conf="0.9997"><Unicode>.</Unicode></TextEquiv>
                    </Glyph>
                    <TextEquiv conf="0.9999"><Unicode>1907.</Unicode></TextEquiv>
                </Word>
                <TextEquiv conf="0.9999"><Unicode>1907.</Unicode></TextEquiv>
            </TextLine>
        </TextRegion>
        <TextRegion id="_ce561337-f6d9-4684-b644-55634f3d8eb8" custom="type {type:text;}">
<Coords points="1188,2454 1423,2460 1429,2495 1380,2551 1195,2569 1104,2551 1097,2485 1122,2460 1188,2454"/>        </TextRegion>
    </Page>
</PcGts>