<?xml version="1.0" encoding="UTF-8"?>
<PcGts xmlns="http://schema.primaresearch.org/PAGE/gts/pagecontent/2019-07-15" xmlns:xsi="http://www.w3.org/2001/XMLSchema-instance" xsi:schemaLocation="http://schema.primaresearch.org/PAGE/gts/pagecontent/2019-07-15 http://schema.primaresearch.org/PAGE/gts/pagecontent/2019-07-15/pagecontent.xsd">
    <Metadata>
        <Creator>kraken 6.0.3</Creator>
        <Created>2026-01-20T00:45:58.722073+00:00</Created>
        <LastChange>2026-01-20T00:45:58.722073+00:00</LastChange>
    </Metadata>
    <Page imageFilename="/tmp/tmprag5vl3c.png" imageWidth="1875" imageHeight="2775">
        <TextRegion id="_f43859dc-5e74-4d81-bf13-4e261898d51a" custom="type {type:text;}">
<Coords points="302,154 615,172 629,203 684,195 659,178 726,197 752,166 800,166 826,203 980,209 1083,209 1104,201 1079,183 1097,172 1577,160 1571,201 1602,234 1589,2440 283,2434 302,154"/>
            <TextLine id="_3d9cac1d-21c4-46a6-8b47-bfed5caa3907" custom="type {type:default;}">
                <Coords points="303,978 303,1005 360,1002 360,977 356,957 302,957 303,978"/>
                <Baseline points="303,978 360,977"/>
                <Word id="segment_0">
                    <Coords points="345,957 345,1003 351,1002 351,957"/>
                    <Glyph id="char_0">
                        <Coords points="345,957 345,1003 351,1002 351,957"/>
                        <TextEquiv conf="1.0"><Unicode>—</Unicode></TextEquiv>
                    </Glyph>
                    <TextEquiv conf="1.0"><Unicode>—</Unicode></TextEquiv>
                </Word>
                <TextEquiv conf="1.0"><Unicode>—</Unicode></TextEquiv>
            </TextLine>

            <TextLine id="_adb66fe3-b61b-43a8-b619-ce18c1e9136f" custom="type {type:default;}">
                <Coords points="296,1200 296,1216 345,1222 346,1200 346,1163 317,1159 316,1159 314,1159 296,1168 296,1200"/>
                <Baseline points="296,1200 346,1200"/>
                <Word id="segment_1">
                    <Coords points="301,1166 301,1217 301,1217 301,1166"/>
                    <Glyph id="char_1">
                        <Coords points="301,1166 301,1217 301,1217 301,1166"/>
                        <TextEquiv conf="0.9951"><Unicode>4</Unicode></TextEquiv>
                    </Glyph>
                    <TextEquiv conf="0.9951"><Unicode>4</Unicode></TextEquiv>
                </Word>
                <TextEquiv conf="0.9951"><Unicode>4</Unicode></TextEquiv>
            </TextLine>

            <TextLine id="_2eb6ad93-7885-48ba-9cfa-1ba9c08dea16" custom="type {type:default;}">
                <Coords points="291,1409 291,1430 373,1416 373,1409 373,1356 345,1350 343,1350 342,1350 291,1359 291,1409"/>
                <Baseline points="291,1409 373,1409"/>
                <Word id="segment_2">
                    <Coords points="302,1357 302,1428 302,1428 302,1357"/>
                    <Glyph id="char_2">
                        <Coords points="302,1357 302,1428 302,1428 302,1357"/>
                        <TextEquiv conf="0.9971"><Unicode>8</Unicode></TextEquiv>
                    </Glyph>
                    <TextEquiv conf="0.9971"><Unicode>8</Unicode></TextEquiv>
                </Word>
                <TextEquiv conf="0.9971"><Unicode>8</Unicode></TextEquiv>
            </TextLine>

            <TextLine id="_a68ad0ae-5037-456e-afb3-cffe0d79e090" custom="type {type:default;}">
                <Coords points="291,1805 291,1825 373,1813 373,1802 368,1749 288,1760 291,1805"/>
                <Baseline points="291,1805 373,1802"/>
                <Word id="segment_3">
                    <Coords points="305,1758 308,1823 353,1816 351,1751"/>
                    <Glyph id="char_3">
                        <Coords points="305,1758 308,1823 308,1823 305,1758"/>
                        <TextEquiv conf="0.9963"><Unicode>t</Unicode></TextEquiv>
                    </Glyph>
                    <Glyph id="char_4">
                        <Coords points="351,1751 353,1816 353,1816 351,1751"/>
                        <TextEquiv conf="0.9977"><Unicode>n</Unicode></TextEquiv>
                    </Glyph>
                    <TextEquiv conf="0.997"><Unicode>tn</Unicode></TextEquiv>
                </Word>
                <TextEquiv conf="0.997"><Unicode>tn</Unicode></TextEquiv>
            </TextLine>

            <TextLine id="_49ce5a8a-4adb-4109-b1d6-19b2e754ced4" custom="type {type:default;}">
                <Coords points="302,1998 302,2010 314,2013 316,1998 314,1954 302,1956 302,1998"/>
                <Baseline points="302,1998 316,1998"/>
                <Word id="segment_4">
                    <Coords points="312,1954 312,2012 312,2012 312,1954"/>
                    <Glyph id="char_5">
                        <Coords points="312,1954 312,2012 312,2012 312,1954"/>
                        <TextEquiv conf="0.9999"><Unicode>4</Unicode></TextEquiv>
                    </Glyph>
                    <TextEquiv conf="0.9999"><Unicode>4</Unicode></TextEquiv>
                </Word>
                <TextEquiv conf="0.9999"><Unicode>4</Unicode></TextEquiv>
            </TextLine>

            <TextLine id="_76a3db2f-646c-42c6-bfbc-5be95456aa9c" custom="type {type:default;}">
                <Coords points="297,2172 297,2192 316,2193 328,2193 343,2193 359,2192 359,2192 360,2172 359,2142 297,2149 297,2172"/>
                <Baseline points="297,2172 360,2172"/>
                <Word id="segment_5">
                    <Coords points="340,2144 340,2193 343,2193 343,2144"/>
                    <Glyph id="char_6">
                        <Coords points="340,2144 340,2193 343,2193 343,2144"/>
                        <TextEquiv conf="1.0"><Unicode>—</Unicode></TextEquiv>
                    </Glyph>
                    <TextEquiv conf="1.0"><Unicode>—</Unicode></TextEquiv>
                </Word>
                <TextEquiv conf="1.0"><Unicode>—</Unicode></TextEquiv>
            </TextLine>

            <TextLine id="_c30f68e2-ed55-455d-8498-97705178561b" custom="type {type:default;}">
                <Coords points="351,2173 336,2173 333,2173 331,2175 289,2175 291,2196 291,2220 348,2210 360,2220 362,2220 363,2220 365,2220 407,2218 407,2193 403,2156 359,2153 357,2153 356,2153 354,2153 351,2155 351,2173"/>
                <Baseline points="291,2196 407,2193"/>
                <Word id="segment_6">
                    <Coords points="304,2175 306,2217 306,2217 304,2175"/>
                    <Glyph id="char_7">
                        <Coords points="304,2175 306,2217 306,2217 304,2175"/>
                        <TextEquiv conf="1.0"><Unicode>1</Unicode></TextEquiv>
                    </Glyph>
                    <TextEquiv conf="1.0"><Unicode>1</Unicode></TextEquiv>
                </Word>
                <TextEquiv conf="1.0"><Unicode>1</Unicode></TextEquiv>
            </TextLine>

            <TextLine id="_72a05f01-a07b-43dc-a14b-f3b511762028" custom="type {type:default;}">
                <Coords points="333,2267 337,2460 385,2462 380,2266 377,2210 329,2198 333,2267"/>
                <Baseline points="333,2267 380,2266"/>
                <Word id="segment_7">
                    <Coords points="358,2205 363,2461 363,2461 358,2205"/>
                    <Glyph id="char_8">
                        <Coords points="358,2205 363,2461 363,2461 358,2205"/>
                        <TextEquiv conf="0.9998"><Unicode>5</Unicode></TextEquiv>
                    </Glyph>
                    <TextEquiv conf="0.9998"><Unicode>5</Unicode></TextEquiv>
                </Word>
                <TextEquiv conf="0.9998"><Unicode>5</Unicode></TextEquiv>
            </TextLine>

            <TextLine id="_d000761d-ab0b-4e04-a361-92fbd70a930d" custom="type {type:default;}">
                <Coords points="425,2266 407,2452 424,2454 442,2267 444,2232 427,2232 425,2266"/>
                <Baseline points="425,2266 442,2267"/>
                
            </TextLine>

            <TextLine id="_b5a505c4-500b-4d15-aa8d-fd28476f9019" custom="type {type:default;}">
                <Coords points="501,164 485,164 470,163 470,197 467,229 496,249 504,198 504,164 501,164"/>
                <Baseline points="470,197 504,198"/>
                <Word id="segment_8">
                    <Coords points="483,164 481,239 481,239 483,164"/>
                    <Glyph id="char_9">
                        <Coords points="483,164 481,239 481,239 483,164"/>
                        <TextEquiv conf="1.0"><Unicode>5</Unicode></TextEquiv>
                    </Glyph>
                    <TextEquiv conf="1.0"><Unicode>5</Unicode></TextEquiv>
                </Word>
                <TextEquiv conf="1.0"><Unicode>5</Unicode></TextEquiv>
            </TextLine>

            <TextLine id="_1cf35129-51a0-4de5-acf3-bbffacb4dfb2" custom="type {type:default;}">
                <Coords points="501,573 501,604 550,598 599,608 601,608 602,608 630,598 653,613 655,613 656,613 658,615 744,615 744,613 746,613 747,613 747,612 760,599 848,595 848,571 846,524 818,516 817,516 815,516 814,516 770,539 703,539 672,511 672,510 670,510 669,510 650,510 649,510 647,510 646,510 626,528 582,510 581,510 539,510 538,510 536,510 535,510 499,533 501,573"/>
                <Baseline points="501,573 848,571"/>
                <Word id="segment_9">
                    <Coords points="679,517 679,615 715,615 715,539"/>
                    <Glyph id="char_10">
                        <Coords points="679,517 679,615 679,615 679,517"/>
                        <TextEquiv conf="0.9065"><Unicode>e</Unicode></TextEquiv>
                    </Glyph>
                    <Glyph id="char_11">
                        <Coords points="708,539 708,615 715,615 715,539"/>
                        <TextEquiv conf="0.9999"><Unicode>.</Unicode></TextEquiv>
                    </Glyph>
                    <TextEquiv conf="0.9532"><Unicode>e.</Unicode></TextEquiv>
                </Word>
                <Word id="segment_10">
                    <Coords points="722,539 722,615 722,615 722,539"/>
                    <Glyph id="char_12">
                        <Coords points="722,539 722,615 722,615 722,539"/>
                        <TextEquiv conf="0.9948"><Unicode> </Unicode></TextEquiv>
                    </Glyph>
                    <TextEquiv conf="0.9948"><Unicode> </Unicode></TextEquiv>
                </Word>
                <Word id="segment_11">
                    <Coords points="736,539 736,615 793,597 793,527"/>
                    <Glyph id="char_13">
                        <Coords points="736,539 736,615 736,615 736,539"/>
                        <TextEquiv conf="0.9971"><Unicode>a</Unicode></TextEquiv>
                    </Glyph>
                    <Glyph id="char_14">
                        <Coords points="793,527 793,597 793,597 793,527"/>
                        <TextEquiv conf="0.9961"><Unicode>-</Unicode></TextEquiv>
                    </Glyph>
                    <TextEquiv conf="0.9966"><Unicode>a-</Unicode></TextEquiv>
                </Word>
                <TextEquiv conf="0.9789"><Unicode>e. a-</Unicode></TextEquiv>
            </TextLine>

            <TextLine id="_51083337-834d-4eae-a98e-8460768c128b" custom="type {type:default;}">
                <Coords points="977,571 977,545 940,533 939,570 937,612 974,612 977,571"/>
                <Baseline points="939,570 977,571"/>
                
            </TextLine>

            <TextLine id="_33b2521f-844d-4833-bc65-e749f1c9c7eb" custom="type {type:default;}">
                <Coords points="1097,201 1082,208 1083,223 1085,255 1133,235 1157,238 1161,222 1156,195 1099,197 1097,201"/>
                <Baseline points="1083,223 1161,222"/>
                <Word id="segment_12">
                    <Coords points="1145,195 1145,237 1149,237 1149,195"/>
                    <Glyph id="char_15">
                        <Coords points="1145,195 1145,237 1149,237 1149,195"/>
                        <TextEquiv conf="1.0"><Unicode>—</Unicode></TextEquiv>
                    </Glyph>
                    <TextEquiv conf="1.0"><Unicode>—</Unicode></TextEquiv>
                </Word>
                <TextEquiv conf="1.0"><Unicode>—</Unicode></TextEquiv>
            </TextLine>

            <TextLine id="_b0d772f1-9b4b-41f4-895a-6a2f5a94dc26" custom="type {type:default;}">
                <Coords points="1046,604 1099,604 1099,571 1099,507 1048,494 1046,571 1046,604"/>
                <Baseline points="1046,571 1099,571"/>
                <Word id="segment_13">
                    <Coords points="1054,496 1054,604 1054,604 1054,496"/>
                    <Glyph id="char_16">
                        <Coords points="1054,496 1054,604 1054,604 1054,496"/>
                        <TextEquiv conf="1.0"><Unicode>8</Unicode></TextEquiv>
                    </Glyph>
                    <TextEquiv conf="1.0"><Unicode>8</Unicode></TextEquiv>
                </Word>
                <TextEquiv conf="1.0"><Unicode>8</Unicode></TextEquiv>
            </TextLine>

            <TextLine id="_b1f05bbe-92f1-446b-9942-014e3d372c2a" custom="type {type:default;}">
                <Coords points="467,1937 467,1957 505,1968 507,1968 508,1968 510,1968 511,1968 525,1957 582,1957 630,1971 632,1971 633,1973 700,1973 700,1971 701,1971 703,1971 720,1959 769,1971 770,1971 772,1971 774,1971 800,1964 831,1971 832,1971 834,1971 835,1971 837,1971 837,1970 851,1956 906,1956 1048,1956 1056,1962 1056,1964 1057,1964 1059,1964 1060,1964 1062,1964 1080,1957 1114,1970 1116,1970 1117,1971 1187,1971 1187,1970 1188,1970 1190,1970 1190,1968 1204,1956 1267,1961 1270,1934 1265,1893 465,1894 467,1937"/>
                <Baseline points="467,1937 1270,1934"/>
                <Word id="segment_14">
                    <Coords points="489,1894 489,1963 1250,1960 1250,1893"/>
                    <Glyph id="char_17">
                        <Coords points="489,1894 489,1963 489,1963 489,1894"/>
                        <TextEquiv conf="1.0"><Unicode>I</Unicode></TextEquiv>
                    </Glyph>
                    <Glyph id="char_18">
                        <Coords points="516,1894 516,1964 516,1964 516,1894"/>
                        <TextEquiv conf="1.0"><Unicode>E</Unicode></TextEquiv>
                    </Glyph>
                    <Glyph id="char_19">
                        <Coords points="537,1894 537,1957 537,1957 537,1894"/>
                        <TextEquiv conf="0.559"><Unicode>L</Unicode></TextEquiv>
                    </Glyph>
                    <Glyph id="char_20">
                        <Coords points="559,1894 559,1957 559,1957 559,1894"/>
                        <TextEquiv conf="1.0"><Unicode>A</Unicode></TextEquiv>
                    </Glyph>
                    <Glyph id="char_21">
                        <Coords points="580,1894 580,1957 580,1957 580,1894"/>
                        <TextEquiv conf="1.0"><Unicode>N</Unicode></TextEquiv>
                    </Glyph>
                    <Glyph id="char_22">
                        <Coords points="607,1894 607,1964 607,1964 607,1894"/>
                        <TextEquiv conf="1.0"><Unicode>D</Unicode></TextEquiv>
                    </Glyph>
                    <Glyph id="char_23">
                        <Coords points="634,1894 634,1973 634,1973 634,1894"/>
                        <TextEquiv conf="1.0"><Unicode>-</Unicode></TextEquiv>
                    </Glyph>
                    <Glyph id="char_24">
                        <Coords points="651,1894 651,1973 651,1973 651,1894"/>
                        <TextEquiv conf="1.0"><Unicode>S</Unicode></TextEquiv>
                    </Glyph>
                    <Glyph id="char_25">
                        <Coords points="678,1894 678,1973 678,1973 678,1894"/>
                        <TextEquiv conf="0.9999"><Unicode>L</Unicode></TextEquiv>
                    </Glyph>
                    <Glyph id="char_26">
                        <Coords points="694,1894 694,1973 694,1973 694,1894"/>
                        <TextEquiv conf="1.0"><Unicode>A</Unicode></TextEquiv>
                    </Glyph>
                    <Glyph id="char_27">
                        <Coords points="716,1894 716,1962 716,1962 716,1894"/>
                        <TextEquiv conf="0.9999"><Unicode>N</Unicode></TextEquiv>
                    </Glyph>
                    <Glyph id="char_28">
                        <Coords points="748,1894 748,1966 748,1966 748,1894"/>
                        <TextEquiv conf="0.9999"><Unicode>F</Unicode></TextEquiv>
                    </Glyph>
                    <Glyph id="char_29">
                        <Coords points="770,1894 770,1971 770,1971 770,1894"/>
                        <TextEquiv conf="0.9994"><Unicode>O</Unicode></TextEquiv>
                    </Glyph>
                    <Glyph id="char_30">
                        <Coords points="807,1894 807,1966 807,1966 807,1894"/>
                        <TextEquiv conf="0.9994"><Unicode>R</Unicode></TextEquiv>
                    </Glyph>
                    <Glyph id="char_31">
                        <Coords points="834,1894 834,1971 834,1971 834,1894"/>
                        <TextEquiv conf="1.0"><Unicode>D</Unicode></TextEquiv>
                    </Glyph>
                    <Glyph id="char_32">
                        <Coords points="867,1893 867,1956 867,1956 867,1893"/>
                        <TextEquiv conf="1.0"><Unicode>U</Unicode></TextEquiv>
                    </Glyph>
                    <Glyph id="char_33">
                        <Coords points="899,1893 899,1956 899,1956 899,1893"/>
                        <TextEquiv conf="0.8406"><Unicode>V</Unicode></TextEquiv>
                    </Glyph>
                    <Glyph id="char_34">
                        <Coords points="921,1893 921,1956 921,1956 921,1893"/>
                        <TextEquiv conf="1.0"><Unicode>M</Unicode></TextEquiv>
                    </Glyph>
                    <Glyph id="char_35">
                        <Coords points="926,1893 926,1956 926,1956 926,1893"/>
                        <TextEquiv conf="0.9997"><Unicode>N</Unicode></TextEquiv>
                    </Glyph>
                    <Glyph id="char_36">
                        <Coords points="953,1893 953,1956 953,1956 953,1893"/>
                        <TextEquiv conf="0.9995"><Unicode>I</Unicode></TextEquiv>
                    </Glyph>
                    <Glyph id="char_37">
                        <Coords points="969,1893 969,1956 969,1956 969,1893"/>
                        <TextEquiv conf="0.998"><Unicode>C</Unicode></TextEquiv>
                    </Glyph>
                    <Glyph id="char_38">
                        <Coords points="996,1893 996,1956 996,1956 996,1893"/>
                        <TextEquiv conf="0.9998"><Unicode>N</Unicode></TextEquiv>
                    </Glyph>
                    <Glyph id="char_39">
                        <Coords points="1002,1893 1002,1956 1002,1956 1002,1893"/>
                        <TextEquiv conf="1.0"><Unicode>R</Unicode></TextEquiv>
                    </Glyph>
                    <Glyph id="char_40">
                        <Coords points="1045,1893 1045,1956 1045,1956 1045,1893"/>
                        <TextEquiv conf="1.0"><Unicode>V</Unicode></TextEquiv>
                    </Glyph>
                    <Glyph id="char_41">
                        <Coords points="1067,1893 1067,1962 1067,1962 1067,1893"/>
                        <TextEquiv conf="0.9727"><Unicode>N</Unicode></TextEquiv>
                    </Glyph>
                    <Glyph id="char_42">
                        <Coords points="1094,1893 1094,1962 1094,1962 1094,1893"/>
                        <TextEquiv conf="0.9932"><Unicode>I</Unicode></TextEquiv>
                    </Glyph>
                    <Glyph id="char_43">
                        <Coords points="1110,1893 1110,1969 1110,1969 1110,1893"/>
                        <TextEquiv conf="0.9947"><Unicode>V</Unicode></TextEquiv>
                    </Glyph>
                    <Glyph id="char_44">
                        <Coords points="1132,1893 1132,1971 1137,1971 1137,1893"/>
                        <TextEquiv conf="0.9884"><Unicode>E</Unicode></TextEquiv>
                    </Glyph>
                    <Glyph id="char_45">
                        <Coords points="1159,1893 1159,1971 1159,1971 1159,1893"/>
                        <TextEquiv conf="0.5058"><Unicode>R</Unicode></TextEquiv>
                    </Glyph>
                    <Glyph id="char_46">
                        <Coords points="1180,1893 1180,1971 1180,1971 1180,1893"/>
                        <TextEquiv conf="0.9261"><Unicode>S</Unicode></TextEquiv>
                    </Glyph>
                    <Glyph id="char_47">
                        <Coords points="1207,1893 1207,1956 1207,1956 1207,1893"/>
                        <TextEquiv conf="0.5777"><Unicode>H</Unicode></TextEquiv>
                    </Glyph>
                    <Glyph id="char_48">
                        <Coords points="1250,1893 1250,1960 1250,1960 1250,1893"/>
                        <TextEquiv conf="0.7865"><Unicode>Y</Unicode></TextEquiv>
                    </Glyph>
                    <TextEquiv conf="0.9419"><Unicode>IELAND-SLANFORDUVMNICNRVNIVERSHY</Unicode></TextEquiv>
                </Word>
                <TextEquiv conf="0.9419"><Unicode>IELAND-SLANFORDUVMNICNRVNIVERSHY</Unicode></TextEquiv>
            </TextLine>

            <TextLine id="_b653f7ee-3a3e-4a20-aee7-74b16535e3d3" custom="type {type:default;}">
                <Coords points="465,2184 468,2241 490,2240 488,2183 485,2142 462,2142 465,2184"/>
                <Baseline points="465,2184 488,2183"/>
                <Word id="segment_15">
                    <Coords points="472,2142 476,2241 476,2241 472,2142"/>
                    <Glyph id="char_49">
                        <Coords points="472,2142 476,2241 476,2241 472,2142"/>
                        <TextEquiv conf="1.0"><Unicode>8</Unicode></TextEquiv>
                    </Glyph>
                    <TextEquiv conf="1.0"><Unicode>8</Unicode></TextEquiv>
                </Word>
                <TextEquiv conf="1.0"><Unicode>8</Unicode></TextEquiv>
            </TextLine>

            <TextLine id="_89020381-7d04-4505-9f33-db4569118c88" custom="type {type:default;}">
                <Coords points="558,2178 558,2192 581,2192 581,2176 576,2149 555,2152 558,2178"/>
                <Baseline points="558,2178 581,2176"/>
                <Word id="segment_16">
                    <Coords points="568,2150 571,2192 575,2192 572,2150"/>
                    <Glyph id="char_50">
                        <Coords points="568,2150 571,2192 575,2192 572,2150"/>
                        <TextEquiv conf="0.9999"><Unicode>—</Unicode></TextEquiv>
                    </Glyph>
                    <TextEquiv conf="0.9999"><Unicode>—</Unicode></TextEquiv>
                </Word>
                <TextEquiv conf="0.9999"><Unicode>—</Unicode></TextEquiv>
            </TextLine>

            <TextLine id="_41914597-d326-447f-b12f-45777b02aba2" custom="type {type:default;}">
                <Coords points="621,2093 624,2116 641,2104 675,2115 678,2092 672,2010 618,2010 621,2093"/>
                <Baseline points="621,2093 678,2092"/>
                
            </TextLine>

            <TextLine id="_dad0dd82-b452-4cd5-a5b5-cf90addfeaa7" custom="type {type:default;}">
                <Coords points="963,2210 965,2243 1009,2227 1009,2210 1009,2136 963,2125 963,2210"/>
                <Baseline points="963,2210 1009,2210"/>
                <Word id="segment_17">
                    <Coords points="982,2130 982,2237 982,2237 982,2130"/>
                    <Glyph id="char_51">
                        <Coords points="982,2130 982,2237 982,2237 982,2130"/>
                        <TextEquiv conf="0.9996"><Unicode>9</Unicode></TextEquiv>
                    </Glyph>
                    <TextEquiv conf="0.9996"><Unicode>9</Unicode></TextEquiv>
                </Word>
                <TextEquiv conf="0.9996"><Unicode>9</Unicode></TextEquiv>
            </TextLine>

            <TextLine id="_a48989ad-fbef-47ee-8395-1be3a4d95c82" custom="type {type:default;}">
                <Coords points="1083,2209 1083,2226 1128,2220 1128,2207 1124,2153 1080,2159 1083,2209"/>
                <Baseline points="1083,2209 1128,2207"/>
                <Word id="segment_18">
                    <Coords points="1092,2157 1095,2224 1095,2224 1092,2157"/>
                    <Glyph id="char_52">
                        <Coords points="1092,2157 1095,2224 1095,2224 1092,2157"/>
                        <TextEquiv conf="1.0"><Unicode>5</Unicode></TextEquiv>
                    </Glyph>
                    <TextEquiv conf="1.0"><Unicode>5</Unicode></TextEquiv>
                </Word>
                <TextEquiv conf="1.0"><Unicode>5</Unicode></TextEquiv>
            </TextLine>

            <TextLine id="_91b86c38-4e09-41f5-a871-18efa00ff56d" custom="type {type:default;}">
                <Coords points="1367,235 1367,289 1447,277 1447,234 1444,194 1404,194 1403,194 1401,194 1366,206 1367,235"/>
                <Baseline points="1367,235 1447,234"/>
                <Word id="segment_19">
                    <Coords points="1374,203 1375,288 1375,288 1374,203"/>
                    <Glyph id="char_53">
                        <Coords points="1374,203 1375,288 1375,288 1374,203"/>
                        <TextEquiv conf="0.9793"><Unicode>5</Unicode></TextEquiv>
                    </Glyph>
                    <TextEquiv conf="0.9793"><Unicode>5</Unicode></TextEquiv>
                </Word>
                <TextEquiv conf="0.9793"><Unicode>5</Unicode></TextEquiv>
            </TextLine>

            <TextLine id="_b6ce2eca-abb2-4827-a7df-911bbc392133" custom="type {type:default;}">
                <Coords points="1296,573 1296,607 1386,592 1386,573 1386,533 1338,510 1336,510 1335,510 1333,510 1332,510 1332,511 1309,534 1296,534 1296,573"/>
                <Baseline points="1296,573 1386,573"/>
                <Word id="segment_20">
                    <Coords points="1338,510 1338,600 1338,600 1338,510"/>
                    <Glyph id="char_54">
                        <Coords points="1338,510 1338,600 1338,600 1338,510"/>
                        <TextEquiv conf="0.9892"><Unicode>J</Unicode></TextEquiv>
                    </Glyph>
                    <TextEquiv conf="0.9892"><Unicode>J</Unicode></TextEquiv>
                </Word>
                <TextEquiv conf="0.9892"><Unicode>J</Unicode></TextEquiv>
            </TextLine>

            <TextLine id="_a0293191-a01f-40af-8503-e45e2faec9e3" custom="type {type:default;}">
                <Coords points="1228,2195 1230,2243 1318,2264 1319,2264 1358,2261 1356,2189 1350,2109 1310,2102 1309,2102 1307,2102 1306,2102 1306,2104 1267,2146 1225,2147 1228,2195"/>
                <Baseline points="1228,2195 1356,2189"/>
                <Word id="segment_21">
                    <Coords points="1237,2147 1241,2246 1241,2246 1237,2147"/>
                    <Glyph id="char_55">
                        <Coords points="1237,2147 1241,2246 1241,2246 1237,2147"/>
                        <TextEquiv conf="0.9932"><Unicode>4</Unicode></TextEquiv>
                    </Glyph>
                    <TextEquiv conf="0.9932"><Unicode>4</Unicode></TextEquiv>
                </Word>
                <TextEquiv conf="0.9932"><Unicode>4</Unicode></TextEquiv>
            </TextLine>

            <TextLine id="_2111fa40-2376-4885-b2e5-9b325d37085f" custom="type {type:default;}">
                <Coords points="1417,582 1412,601 1430,604 1435,585 1437,564 1420,561 1417,582"/>
                <Baseline points="1417,582 1435,585"/>
                
            </TextLine>

            <TextLine id="_a75f95b2-a0b1-4136-b360-d24065f82f69" custom="type {type:default;}">
                <Coords points="1466,427 1466,447 1561,445 1561,427 1561,376 1524,370 1523,370 1521,370 1520,370 1494,388 1466,390 1466,427"/>
                <Baseline points="1466,427 1561,427"/>
                <Word id="segment_22">
                    <Coords points="1477,389 1477,447 1477,447 1477,389"/>
                    <Glyph id="char_56">
                        <Coords points="1477,389 1477,447 1477,447 1477,389"/>
                        <TextEquiv conf="0.9996"><Unicode>2</Unicode></TextEquiv>
                    </Glyph>
                    <TextEquiv conf="0.9996"><Unicode>2</Unicode></TextEquiv>
                </Word>
                <TextEquiv conf="0.9996"><Unicode>2</Unicode></TextEquiv>
            </TextLine>

            <TextLine id="_dc90e0bf-8453-414b-8fd0-42447f4761ad" custom="type {type:default;}">
                <Coords points="1380,669 1380,689 1424,679 1486,689 1487,669 1487,616 1396,604 1395,604 1393,604 1392,604 1380,612 1380,669"/>
                <Baseline points="1380,669 1487,669"/>
                
            </TextLine>

            <TextLine id="_3b80b763-f27f-45ac-b11b-e8439c34aa1c" custom="type {type:default;}">
                <Coords points="1398,821 1396,867 1444,861 1446,823 1446,760 1400,752 1398,821"/>
                <Baseline points="1398,821 1446,823"/>
                <Word id="segment_23">
                    <Coords points="1410,754 1405,866 1405,866 1410,754"/>
                    <Glyph id="char_57">
                        <Coords points="1410,754 1405,866 1405,866 1410,754"/>
                        <TextEquiv conf="0.479"><Unicode>7</Unicode></TextEquiv>
                    </Glyph>
                    <TextEquiv conf="0.479"><Unicode>7</Unicode></TextEquiv>
                </Word>
                <TextEquiv conf="0.479"><Unicode>7</Unicode></TextEquiv>
            </TextLine>

            <TextLine id="_8f81e793-bc58-4a2d-a37c-a1487606d829" custom="type {type:default;}">
                <Coords points="1404,983 1404,1003 1432,999 1432,983 1432,960 1404,958 1404,983"/>
                <Baseline points="1404,983 1432,983"/>
                <Word id="segment_24">
                    <Coords points="1423,959 1423,1000 1423,1000 1423,959"/>
                    <Glyph id="char_58">
                        <Coords points="1423,959 1423,1000 1423,1000 1423,959"/>
                        <TextEquiv conf="0.9985"><Unicode>—</Unicode></TextEquiv>
                    </Glyph>
                    <TextEquiv conf="0.9985"><Unicode>—</Unicode></TextEquiv>
                </Word>
                <TextEquiv conf="0.9985"><Unicode>—</Unicode></TextEquiv>
            </TextLine>

            <TextLine id="_bcc5a18b-7255-46be-bf55-24493426b0c1" custom="type {type:default;}">
                <Coords points="1384,1029 1387,1046 1403,1037 1437,1039 1438,1025 1432,988 1381,997 1384,1029"/>
                <Baseline points="1384,1029 1438,1025"/>
                <Word id="segment_25">
                    <Coords points="1403,993 1407,1037 1411,1037 1407,992"/>
                    <Glyph id="char_59">
                        <Coords points="1403,993 1407,1037 1411,1037 1407,992"/>
                        <TextEquiv conf="0.9995"><Unicode>—</Unicode></TextEquiv>
                    </Glyph>
                    <TextEquiv conf="0.9995"><Unicode>—</Unicode></TextEquiv>
                </Word>
                <TextEquiv conf="0.9995"><Unicode>—</Unicode></TextEquiv>
            </TextLine>

            <TextLine id="_6573f049-01f9-4499-886d-b4cadb510b05" custom="type {type:default;}">
                <Coords points="1378,1065 1378,1076 1466,1080 1467,1065 1467,1036 1446,1026 1444,1026 1443,1026 1378,1029 1378,1065"/>
                <Baseline points="1378,1065 1467,1065"/>
                <Word id="segment_26">
                    <Coords points="1404,1028 1404,1077 1449,1079 1449,1027"/>
                    <Glyph id="char_60">
                        <Coords points="1404,1028 1404,1077 1404,1077 1404,1028"/>
                        <TextEquiv conf="0.7112"><Unicode>e</Unicode></TextEquiv>
                    </Glyph>
                    <Glyph id="char_61">
                        <Coords points="1449,1027 1449,1079 1449,1079 1449,1027"/>
                        <TextEquiv conf="0.9255"><Unicode>e</Unicode></TextEquiv>
                    </Glyph>
                    <TextEquiv conf="0.8183"><Unicode>ee</Unicode></TextEquiv>
                </Word>
                <TextEquiv conf="0.8183"><Unicode>ee</Unicode></TextEquiv>
            </TextLine>

            <TextLine id="_3dafc2f3-c5eb-4426-8164-c6821f26d24f" custom="type {type:default;}">
                <Coords points="1467,824 1469,854 1503,843 1503,824 1500,778 1467,787 1467,824"/>
                <Baseline points="1467,824 1503,824"/>
                <Word id="segment_27">
                    <Coords points="1472,786 1472,853 1472,853 1472,786"/>
                    <Glyph id="char_62">
                        <Coords points="1472,786 1472,853 1472,853 1472,786"/>
                        <TextEquiv conf="0.9282"><Unicode>5</Unicode></TextEquiv>
                    </Glyph>
                    <TextEquiv conf="0.9282"><Unicode>5</Unicode></TextEquiv>
                </Word>
                <TextEquiv conf="0.9282"><Unicode>5</Unicode></TextEquiv>
            </TextLine>

            <TextLine id="_61cca9e2-5120-4a7e-8a0d-d93ed23d94ea" custom="type {type:default;}">
                <Coords points="1392,1219 1390,1261 1435,1262 1437,1262 1438,1262 1440,1262 1440,1261 1455,1248 1464,1256 1466,1256 1467,1256 1469,1256 1471,1256 1472,1256 1504,1237 1540,1237 1549,1245 1555,1222 1555,1168 1504,1168 1503,1168 1501,1168 1500,1168 1455,1194 1392,1194 1392,1219"/>
                <Baseline points="1392,1219 1555,1222"/>
                <Word id="segment_28">
                    <Coords points="1412,1194 1411,1261 1470,1256 1472,1184"/>
                    <Glyph id="char_63">
                        <Coords points="1412,1194 1411,1261 1411,1261 1412,1194"/>
                        <TextEquiv conf="1.0"><Unicode>K</Unicode></TextEquiv>
                    </Glyph>
                    <Glyph id="char_64">
                        <Coords points="1472,1184 1470,1256 1470,1256 1472,1184"/>
                        <TextEquiv conf="1.0"><Unicode>5</Unicode></TextEquiv>
                    </Glyph>
                    <TextEquiv conf="1.0"><Unicode>K5</Unicode></TextEquiv>
                </Word>
                <TextEquiv conf="1.0"><Unicode>K5</Unicode></TextEquiv>
            </TextLine>

            <TextLine id="_3fdcbfb9-1adc-4c11-9848-785b4fd898be" custom="type {type:default;}">
                <Coords points="1383,1319 1389,1395 1434,1392 1427,1315 1420,1253 1375,1248 1383,1319"/>
                <Baseline points="1383,1319 1427,1315"/>
                <Word id="segment_29">
                    <Coords points="1390,1250 1403,1394 1403,1394 1390,1250"/>
                    <Glyph id="char_65">
                        <Coords points="1390,1250 1403,1394 1403,1394 1390,1250"/>
                        <TextEquiv conf="0.9913"><Unicode>5</Unicode></TextEquiv>
                    </Glyph>
                    <TextEquiv conf="0.9913"><Unicode>5</Unicode></TextEquiv>
                </Word>
                <TextEquiv conf="0.9913"><Unicode>5</Unicode></TextEquiv>
            </TextLine>

            <TextLine id="_95f9cbe7-5774-43a7-97d8-57a590e817a0" custom="type {type:default;}">
                <Coords points="1401,1427 1401,1436 1429,1441 1430,1426 1426,1389 1398,1392 1401,1427"/>
                <Baseline points="1401,1427 1430,1426"/>
                <Word id="segment_30">
                    <Coords points="1408,1391 1409,1437 1409,1437 1408,1391"/>
                    <Glyph id="char_66">
                        <Coords points="1408,1391 1409,1437 1409,1437 1408,1391"/>
                        <TextEquiv conf="0.9955"><Unicode>.</Unicode></TextEquiv>
                    </Glyph>
                    <TextEquiv conf="0.9955"><Unicode>.</Unicode></TextEquiv>
                </Word>
                <TextEquiv conf="0.9955"><Unicode>.</Unicode></TextEquiv>
            </TextLine>

            <TextLine id="_a5d96cdb-0df7-4cc4-8cc2-6a5402cc0ca7" custom="type {type:default;}">
                <Coords points="1423,1427 1407,1427 1406,1421 1404,1424 1378,1424 1376,1459 1375,1478 1435,1473 1472,1484 1477,1464 1478,1418 1437,1406 1435,1406 1434,1406 1432,1406 1430,1406 1424,1409 1423,1427"/>
                <Baseline points="1376,1459 1477,1464"/>
                
            </TextLine>

            <TextLine id="_cc4b752f-9b40-4f53-a1f4-102709b83e2c" custom="type {type:default;}">
                <Coords points="1380,1819 1380,1839 1438,1833 1438,1819 1437,1782 1380,1789 1380,1819"/>
                <Baseline points="1380,1819 1438,1819"/>
                <Word id="segment_31">
                    <Coords points="1404,1786 1404,1837 1404,1837 1404,1786"/>
                    <Glyph id="char_67">
                        <Coords points="1404,1786 1404,1837 1404,1837 1404,1786"/>
                        <TextEquiv conf="0.9931"><Unicode>—</Unicode></TextEquiv>
                    </Glyph>
                    <TextEquiv conf="0.9931"><Unicode>—</Unicode></TextEquiv>
                </Word>
                <TextEquiv conf="0.9931"><Unicode>—</Unicode></TextEquiv>
            </TextLine>

            <TextLine id="_a1ef9bc5-4ada-495f-bf83-2d3a0ffd8d0d" custom="type {type:default;}">
                <Coords points="1400,1820 1398,1820 1378,1826 1378,1856 1376,1871 1454,1874 1457,1859 1457,1831 1401,1820 1400,1820"/>
                <Baseline points="1378,1856 1457,1859"/>
                <Word id="segment_32">
                    <Coords points="1386,1824 1384,1871 1384,1871 1386,1824"/>
                    <Glyph id="char_68">
                        <Coords points="1386,1824 1384,1871 1384,1871 1386,1824"/>
                        <TextEquiv conf="0.9731"><Unicode>1</Unicode></TextEquiv>
                    </Glyph>
                    <TextEquiv conf="0.9731"><Unicode>1</Unicode></TextEquiv>
                </Word>
                <TextEquiv conf="0.9731"><Unicode>1</Unicode></TextEquiv>
            </TextLine>

            <TextLine id="_04f72f50-a604-44b6-8f71-036565eca8ce" custom="type {type:default;}">
                <Coords points="1054,2426 1054,2463 1255,2458 1344,2468 1346,2468 1347,2468 1349,2468 1361,2460 1441,2460 1441,2426 1441,2391 1421,2380 1420,2380 1418,2380 1417,2380 1386,2386 1372,2374 1372,2372 1370,2372 1369,2372 1367,2372 1366,2372 1315,2386 1299,2372 1299,2371 1298,2371 1296,2371 1250,2371 1248,2371 1191,2378 1190,2378 1150,2400 1054,2400 1054,2426"/>
                <Baseline points="1054,2426 1441,2426"/>
                <Word id="segment_33">
                    <Coords points="1245,2371 1245,2458 1245,2458 1245,2371"/>
                    <Glyph id="char_69">
                        <Coords points="1245,2371 1245,2458 1245,2458 1245,2371"/>
                        <TextEquiv conf="1.0"><Unicode>N</Unicode></TextEquiv>
                    </Glyph>
                    <TextEquiv conf="1.0"><Unicode>N</Unicode></TextEquiv>
                </Word>
                <TextEquiv conf="1.0"><Unicode>N</Unicode></TextEquiv>
            </TextLine>
        </TextRegion>
    </Page>
</PcGts>