<?xml version="1.0" encoding="UTF-8"?>
<PcGts xmlns="http://schema.primaresearch.org/PAGE/gts/pagecontent/2019-07-15" xmlns:xsi="http://www.w3.org/2001/XMLSchema-instance" xsi:schemaLocation="http://schema.primaresearch.org/PAGE/gts/pagecontent/2019-07-15 http://schema.primaresearch.org/PAGE/gts/pagecontent/2019-07-15/pagecontent.xsd">
    <Metadata>
        <Creator>kraken 6.0.3</Creator>
        <Created>2026-01-20T00:46:12.048350+00:00</Created>
        <LastChange>2026-01-20T00:46:12.048350+00:00</LastChange>
    </Metadata>
    <Page imageFilename="/tmp/tmpcbcmoiju.png" imageWidth="1875" imageHeight="2775">
        <TextRegion id="_a20cb609-606a-41ef-b836-160710438901" custom="type {type:text;}">
<Coords points="464,166 787,172 843,209 849,269 880,271 911,356 831,394 818,448 861,462 861,510 740,534 676,579 713,641 683,678 683,732 750,770 757,824 720,844 713,929 683,972 653,972 635,929 578,1017 602,1079 590,1108 633,1139 461,1196 454,1293 467,1282 516,1348 485,1362 424,1546 314,1614 277,1478 271,228 296,172 464,166"/>
            <TextLine id="_da130982-b7e8-4bff-819c-8d58a7ab2cb6" custom="type {type:default;}">
                <Coords points="292,793 303,798 313,780 325,749 317,741 302,775 292,793"/>
                <Baseline points="302,775 313,780"/>
                <Word id="segment_0">
                    <Coords points="324,748 302,797 302,797 324,748"/>
                    <Glyph id="char_0">
                        <Coords points="324,748 302,797 302,797 324,748"/>
                        <TextEquiv conf="0.9981"><Unicode>6</Unicode></TextEquiv>
                    </Glyph>
                    <TextEquiv conf="0.9981"><Unicode>6</Unicode></TextEquiv>
                </Word>
                <TextEquiv conf="0.9981"><Unicode>6</Unicode></TextEquiv>
            </TextLine>

            <TextLine id="_e315debf-16e9-4587-a614-4332c500b456" custom="type {type:default;}">
                <Coords points="337,1520 345,1418 323,1418 302,1416 292,1515 317,1520 337,1520"/>
                <Baseline points="317,1520 323,1418"/>
                <Word id="segment_1">
                    <Coords points="296,1516 337,1518 341,1463 297,1461"/>
                    <Glyph id="char_1">
                        <Coords points="296,1516 337,1518 337,1518 296,1516"/>
                        <TextEquiv conf="1.0"><Unicode>1</Unicode></TextEquiv>
                    </Glyph>
                    <Glyph id="char_2">
                        <Coords points="296,1480 340,1482 340,1482 296,1480"/>
                        <TextEquiv conf="0.8494"><Unicode>.</Unicode></TextEquiv>
                    </Glyph>
                    <Glyph id="char_3">
                        <Coords points="297,1461 341,1463 341,1463 297,1461"/>
                        <TextEquiv conf="0.9919"><Unicode>.</Unicode></TextEquiv>
                    </Glyph>
                    <TextEquiv conf="0.9471"><Unicode>1..</Unicode></TextEquiv>
                </Word>
                <TextEquiv conf="0.9471"><Unicode>1..</Unicode></TextEquiv>
            </TextLine>

            <TextLine id="_e2de13a7-30fb-4d85-ba00-18174789d023" custom="type {type:default;}">
                <Coords points="502,255 501,275 524,275 525,257 527,203 504,200 502,255"/>
                <Baseline points="502,255 525,257"/>
                <Word id="segment_2">
                    <Coords points="513,201 506,275 506,275 513,201"/>
                    <Glyph id="char_4">
                        <Coords points="513,201 506,275 506,275 513,201"/>
                        <TextEquiv conf="1.0"><Unicode>8</Unicode></TextEquiv>
                    </Glyph>
                    <TextEquiv conf="1.0"><Unicode>8</Unicode></TextEquiv>
                </Word>
                <TextEquiv conf="1.0"><Unicode>8</Unicode></TextEquiv>
            </TextLine>

            <TextLine id="_bb142dc9-5e7a-4248-830e-1afb768e8d4d" custom="type {type:default;}">
                <Coords points="434,465 445,593 528,608 530,608 531,608 533,608 572,584 561,454 556,410 521,408 474,379 473,379 471,379 470,379 453,380 451,380 450,380 450,382 448,382 428,405 434,465"/>
                <Baseline points="434,465 561,454"/>
                <Word id="segment_3">
                    <Coords points="444,386 462,596 462,596 444,386"/>
                    <Glyph id="char_5">
                        <Coords points="444,386 462,596 462,596 444,386"/>
                        <TextEquiv conf="1.0"><Unicode>6</Unicode></TextEquiv>
                    </Glyph>
                    <TextEquiv conf="1.0"><Unicode>6</Unicode></TextEquiv>
                </Word>
                <TextEquiv conf="1.0"><Unicode>6</Unicode></TextEquiv>
            </TextLine>

            <TextLine id="_e47699ed-9257-4b36-b600-0e3293c4ca81" custom="type {type:default;}">
                <Coords points="377,655 385,832 396,843 396,844 397,844 399,844 400,846 422,846 422,844 424,844 487,823 481,650 478,632 433,622 431,622 430,622 407,633 376,632 377,655"/>
                <Baseline points="377,655 481,650"/>
                <Word id="segment_4">
                    <Coords points="422,626 432,841 432,841 422,626"/>
                    <Glyph id="char_6">
                        <Coords points="422,626 432,841 432,841 422,626"/>
                        <TextEquiv conf="1.0"><Unicode>6</Unicode></TextEquiv>
                    </Glyph>
                    <TextEquiv conf="1.0"><Unicode>6</Unicode></TextEquiv>
                </Word>
                <TextEquiv conf="1.0"><Unicode>6</Unicode></TextEquiv>
            </TextLine>
        </TextRegion>
        <TextRegion id="_e29fa6b5-1f76-4aba-9211-4f8fff7bd43c" custom="type {type:text;}">
<Coords points="501,1381 510,1381 504,1392 499,1392 501,1381"/>        </TextRegion>
    </Page>
</PcGts>