<?xml version="1.0" encoding="UTF-8"?>
<PcGts xmlns="http://schema.primaresearch.org/PAGE/gts/pagecontent/2019-07-15" xmlns:xsi="http://www.w3.org/2001/XMLSchema-instance" xsi:schemaLocation="http://schema.primaresearch.org/PAGE/gts/pagecontent/2019-07-15 http://schema.primaresearch.org/PAGE/gts/pagecontent/2019-07-15/pagecontent.xsd">
    <Metadata>
        <Creator>kraken 6.0.3</Creator>
        <Created>2026-01-20T00:47:39.893349+00:00</Created>
        <LastChange>2026-01-20T00:47:39.893349+00:00</LastChange>
    </Metadata>
    <Page imageFilename="/tmp/tmppzkj6beb.png" imageWidth="1875" imageHeight="2775">
        <TextRegion id="_e5c6239a-5427-4bef-9307-28fed0362eca" custom="type {type:text;}">
<Coords points="874,431 954,444 935,516 851,504 844,450 874,431"/>
            <TextLine id="_e2305dc7-8fdb-48c4-97d4-0b311329f50b" custom="type {type:default;}">
                <Coords points="945,477 929,440 926,439 925,439 923,439 865,439 863,439 861,439 860,439 852,445 852,481 852,493 948,493 948,481 945,471 945,477"/>
                <Baseline points="852,481 948,481"/>
                <Word id="segment_0">
                    <Coords points="874,439 874,493 923,493 923,439"/>
                    <Glyph id="char_0">
                        <Coords points="874,439 874,493 874,493 874,439"/>
                        <TextEquiv conf="1.0"><Unicode>D</Unicode></TextEquiv>
                    </Glyph>
                    <Glyph id="char_1">
                        <Coords points="904,439 904,493 904,493 904,439"/>
                        <TextEquiv conf="0.9999"><Unicode>I</Unicode></TextEquiv>
                    </Glyph>
                    <Glyph id="char_2">
                        <Coords points="923,439 923,493 923,493 923,439"/>
                        <TextEquiv conf="1.0"><Unicode>E</Unicode></TextEquiv>
                    </Glyph>
                    <TextEquiv conf="0.9999"><Unicode>DIE</Unicode></TextEquiv>
                </Word>
                <TextEquiv conf="0.9999"><Unicode>DIE</Unicode></TextEquiv>
            </TextLine>
        </TextRegion>
        <TextRegion id="_eb7f154f-9518-4c2d-b5a1-d5e3754781e9" custom="type {type:text;}">
<Coords points="866,548 1429,567 1466,579 1472,682 1417,707 1153,713 1030,750 1017,801 1139,844 1120,935 1071,972 721,966 678,898 678,838 703,806 683,738 333,695 326,585 351,555 866,548"/>
            <TextLine id="_1641be12-689a-45ed-8f8b-9cf0ec623bbb" custom="type {type:default;}">
                <Coords points="1454,581 1415,573 1413,573 1136,582 1111,573 1110,573 985,573 983,573 982,573 962,582 902,571 900,571 744,575 743,575 741,575 732,584 720,575 718,575 717,575 715,575 632,584 619,575 618,575 616,575 488,573 487,573 485,573 457,584 444,575 442,575 440,575 350,575 348,575 346,575 345,575 345,576 339,581 340,669 340,681 1452,686 1454,686 1455,686 1457,686 1464,678 1464,666 1461,595 1454,581"/>
                <Baseline points="340,669 1464,666"/>
                <Word id="segment_1">
                    <Coords points="371,575 371,681 588,682 588,575"/>
                    <Glyph id="char_3">
                        <Coords points="371,575 371,681 371,681 371,575"/>
                        <TextEquiv conf="1.0"><Unicode>E</Unicode></TextEquiv>
                    </Glyph>
                    <Glyph id="char_4">
                        <Coords points="425,575 425,681 425,681 425,575"/>
                        <TextEquiv conf="1.0"><Unicode>R</Unicode></TextEquiv>
                    </Glyph>
                    <Glyph id="char_5">
                        <Coords points="480,575 480,682 480,682 480,575"/>
                        <TextEquiv conf="1.0"><Unicode>S</Unicode></TextEquiv>
                    </Glyph>
                    <Glyph id="char_6">
                        <Coords points="542,574 542,682 542,682 542,574"/>
                        <TextEquiv conf="1.0"><Unicode>T</Unicode></TextEquiv>
                    </Glyph>
                    <Glyph id="char_7">
                        <Coords points="588,575 588,682 588,682 588,575"/>
                        <TextEquiv conf="1.0"><Unicode>E</Unicode></TextEquiv>
                    </Glyph>
                    <TextEquiv conf="1.0"><Unicode>ERSTE</Unicode></TextEquiv>
                </Word>
                <Word id="segment_2">
                    <Coords points="666,580 666,682 674,683 674,579"/>
                    <Glyph id="char_8">
                        <Coords points="666,580 666,682 674,683 674,579"/>
                        <TextEquiv conf="1.0"><Unicode> </Unicode></TextEquiv>
                    </Glyph>
                    <TextEquiv conf="1.0"><Unicode> </Unicode></TextEquiv>
                </Word>
                <Word id="segment_3">
                    <Coords points="705,576 705,683 1093,684 1093,573"/>
                    <Glyph id="char_9">
                        <Coords points="705,576 705,683 705,683 705,576"/>
                        <TextEquiv conf="1.0"><Unicode>D</Unicode></TextEquiv>
                    </Glyph>
                    <Glyph id="char_10">
                        <Coords points="767,574 767,683 767,683 767,574"/>
                        <TextEquiv conf="1.0"><Unicode>E</Unicode></TextEquiv>
                    </Glyph>
                    <Glyph id="char_11">
                        <Coords points="821,573 821,683 821,683 821,573"/>
                        <TextEquiv conf="1.0"><Unicode>U</Unicode></TextEquiv>
                    </Glyph>
                    <Glyph id="char_12">
                        <Coords points="891,571 891,683 891,683 891,571"/>
                        <TextEquiv conf="1.0"><Unicode>T</Unicode></TextEquiv>
                    </Glyph>
                    <Glyph id="char_13">
                        <Coords points="922,575 922,684 922,684 922,575"/>
                        <TextEquiv conf="1.0"><Unicode>S</Unicode></TextEquiv>
                    </Glyph>
                    <Glyph id="char_14">
                        <Coords points="976,576 976,684 976,684 976,576"/>
                        <TextEquiv conf="0.9998"><Unicode>C</Unicode></TextEquiv>
                    </Glyph>
                    <Glyph id="char_15">
                        <Coords points="1031,573 1031,684 1031,684 1031,573"/>
                        <TextEquiv conf="0.9999"><Unicode>H</Unicode></TextEquiv>
                    </Glyph>
                    <Glyph id="char_16">
                        <Coords points="1093,573 1093,684 1093,684 1093,573"/>
                        <TextEquiv conf="1.0"><Unicode>E</Unicode></TextEquiv>
                    </Glyph>
                    <TextEquiv conf="1.0"><Unicode>DEUTSCHE</Unicode></TextEquiv>
                </Word>
                <Word id="segment_4">
                    <Coords points="1170,581 1170,685 1178,685 1178,581"/>
                    <Glyph id="char_17">
                        <Coords points="1170,581 1170,685 1178,685 1178,581"/>
                        <TextEquiv conf="1.0"><Unicode> </Unicode></TextEquiv>
                    </Glyph>
                    <TextEquiv conf="1.0"><Unicode> </Unicode></TextEquiv>
                </Word>
                <Word id="segment_5">
                    <Coords points="1209,580 1209,685 1464,668 1464,666"/>
                    <Glyph id="char_18">
                        <Coords points="1209,580 1209,685 1209,685 1209,580"/>
                        <TextEquiv conf="1.0"><Unicode>B</Unicode></TextEquiv>
                    </Glyph>
                    <Glyph id="char_19">
                        <Coords points="1263,578 1263,685 1263,685 1263,578"/>
                        <TextEquiv conf="0.9926"><Unicode>I</Unicode></TextEquiv>
                    </Glyph>
                    <Glyph id="char_20">
                        <Coords points="1294,577 1294,685 1294,685 1294,577"/>
                        <TextEquiv conf="0.9036"><Unicode>B</Unicode></TextEquiv>
                    </Glyph>
                    <Glyph id="char_21">
                        <Coords points="1356,575 1356,686 1356,686 1356,575"/>
                        <TextEquiv conf="0.9987"><Unicode>E</Unicode></TextEquiv>
                    </Glyph>
                    <Glyph id="char_22">
                        <Coords points="1411,573 1411,686 1411,686 1411,573"/>
                        <TextEquiv conf="1.0"><Unicode>L</Unicode></TextEquiv>
                    </Glyph>
                    <Glyph id="char_23">
                        <Coords points="1464,666 1464,668 1464,668 1464,666"/>
                        <TextEquiv conf="0.9997"><Unicode>.</Unicode></TextEquiv>
                    </Glyph>
                    <TextEquiv conf="0.9824"><Unicode>BIBEL.</Unicode></TextEquiv>
                </Word>
                <TextEquiv conf="0.995"><Unicode>ERSTE DEUTSCHE BIBEL.</Unicode></TextEquiv>
            </TextLine>

            <TextLine id="_9452ac37-1502-4548-bad9-05139c1ba220" custom="type {type:default;}">
                <Coords points="1108,834 1039,826 1037,826 1036,826 1034,826 1034,827 1026,834 692,832 692,871 690,883 712,891 713,891 715,891 717,891 718,891 729,884 906,892 908,892 1119,884 1120,874 1120,838 1108,834"/>
                <Baseline points="692,871 1120,874"/>
                <Word id="segment_6">
                    <Coords points="715,832 715,891 912,892 912,833"/>
                    <Glyph id="char_24">
                        <Coords points="715,832 715,891 715,891 715,832"/>
                        <TextEquiv conf="1.0"><Unicode>V</Unicode></TextEquiv>
                    </Glyph>
                    <Glyph id="char_25">
                        <Coords points="752,832 752,885 752,885 752,832"/>
                        <TextEquiv conf="1.0"><Unicode>I</Unicode></TextEquiv>
                    </Glyph>
                    <Glyph id="char_26">
                        <Coords points="770,832 770,886 770,886 770,832"/>
                        <TextEquiv conf="1.0"><Unicode>E</Unicode></TextEquiv>
                    </Glyph>
                    <Glyph id="char_27">
                        <Coords points="806,833 806,887 806,887 806,833"/>
                        <TextEquiv conf="1.0"><Unicode>R</Unicode></TextEquiv>
                    </Glyph>
                    <Glyph id="char_28">
                        <Coords points="848,833 848,889 848,889 848,833"/>
                        <TextEquiv conf="1.0"><Unicode>T</Unicode></TextEquiv>
                    </Glyph>
                    <Glyph id="char_29">
                        <Coords points="875,833 875,891 875,891 875,833"/>
                        <TextEquiv conf="1.0"><Unicode>E</Unicode></TextEquiv>
                    </Glyph>
                    <Glyph id="char_30">
                        <Coords points="912,833 912,892 912,892 912,833"/>
                        <TextEquiv conf="1.0"><Unicode>R</Unicode></TextEquiv>
                    </Glyph>
                    <TextEquiv conf="1.0"><Unicode>VIERTER</Unicode></TextEquiv>
                </Word>
                <Word id="segment_7">
                    <Coords points="957,834 957,890 962,890 962,834"/>
                    <Glyph id="char_31">
                        <Coords points="957,834 957,890 962,890 962,834"/>
                        <TextEquiv conf="1.0"><Unicode> </Unicode></TextEquiv>
                    </Glyph>
                    <TextEquiv conf="1.0"><Unicode> </Unicode></TextEquiv>
                </Word>
                <Word id="segment_8">
                    <Coords points="976,834 976,889 1090,885 1090,832"/>
                    <Glyph id="char_32">
                        <Coords points="976,834 976,889 976,889 976,834"/>
                        <TextEquiv conf="1.0"><Unicode>B</Unicode></TextEquiv>
                    </Glyph>
                    <Glyph id="char_33">
                        <Coords points="1017,834 1017,888 1017,888 1017,834"/>
                        <TextEquiv conf="1.0"><Unicode>A</Unicode></TextEquiv>
                    </Glyph>
                    <Glyph id="char_34">
                        <Coords points="1049,827 1049,887 1049,887 1049,827"/>
                        <TextEquiv conf="1.0"><Unicode>N</Unicode></TextEquiv>
                    </Glyph>
                    <Glyph id="char_35">
                        <Coords points="1090,832 1090,885 1090,885 1090,832"/>
                        <TextEquiv conf="0.9994"><Unicode>D</Unicode></TextEquiv>
                    </Glyph>
                    <TextEquiv conf="0.9998"><Unicode>BAND</Unicode></TextEquiv>
                </Word>
                <TextEquiv conf="0.9999"><Unicode>VIERTER BAND</Unicode></TextEquiv>
            </TextLine>

            <TextLine id="_ef68d123-a646-46fc-affb-d84f306b25fb" custom="type {type:default;}">
                <Coords points="737,937 737,951 746,957 747,957 749,957 750,957 912,948 1057,955 1059,955 1060,955 1062,955 1062,954 1070,945 1070,934 1067,903 794,892 792,892 735,904 737,937"/>
                <Baseline points="737,937 1070,934"/>
                <Word id="segment_9">
                    <Coords points="755,900 755,957 900,949 900,896"/>
                    <Glyph id="char_36">
                        <Coords points="755,900 755,957 755,957 755,900"/>
                        <TextEquiv conf="1.0"><Unicode>(</Unicode></TextEquiv>
                    </Glyph>
                    <Glyph id="char_37">
                        <Coords points="772,896 772,956 772,956 772,896"/>
                        <TextEquiv conf="1.0"><Unicode>N</Unicode></TextEquiv>
                    </Glyph>
                    <Glyph id="char_38">
                        <Coords points="799,892 799,954 799,954 799,892"/>
                        <TextEquiv conf="1.0"><Unicode>U</Unicode></TextEquiv>
                    </Glyph>
                    <Glyph id="char_39">
                        <Coords points="825,893 825,953 825,953 825,893"/>
                        <TextEquiv conf="1.0"><Unicode>M</Unicode></TextEquiv>
                    </Glyph>
                    <Glyph id="char_40">
                        <Coords points="852,894 852,951 852,951 852,894"/>
                        <TextEquiv conf="0.6687"><Unicode>E</Unicode></TextEquiv>
                    </Glyph>
                    <Glyph id="char_41">
                        <Coords points="878,895 878,950 878,950 878,895"/>
                        <TextEquiv conf="0.9999"><Unicode>R</Unicode></TextEquiv>
                    </Glyph>
                    <Glyph id="char_42">
                        <Coords points="900,896 900,949 900,949 900,896"/>
                        <TextEquiv conf="0.9978"><Unicode>I</Unicode></TextEquiv>
                    </Glyph>
                    <TextEquiv conf="0.9523"><Unicode>(NUMERI</Unicode></TextEquiv>
                </Word>
                <Word id="segment_10">
                    <Coords points="940,898 940,949 944,950 944,898"/>
                    <Glyph id="char_43">
                        <Coords points="940,898 940,949 944,950 944,898"/>
                        <TextEquiv conf="1.0"><Unicode> </Unicode></TextEquiv>
                    </Glyph>
                    <TextEquiv conf="1.0"><Unicode> </Unicode></TextEquiv>
                </Word>
                <Word id="segment_11">
                    <Coords points="957,899 957,950 1032,954 1032,902"/>
                    <Glyph id="char_44">
                        <Coords points="957,899 957,950 957,950 957,899"/>
                        <TextEquiv conf="1.0"><Unicode>R</Unicode></TextEquiv>
                    </Glyph>
                    <Glyph id="char_45">
                        <Coords points="988,900 988,952 988,952 988,900"/>
                        <TextEquiv conf="0.6565"><Unicode>U</Unicode></TextEquiv>
                    </Glyph>
                    <Glyph id="char_46">
                        <Coords points="1015,901 1015,953 1015,953 1015,901"/>
                        <TextEquiv conf="0.9988"><Unicode>T</Unicode></TextEquiv>
                    </Glyph>
                    <Glyph id="char_47">
                        <Coords points="1032,902 1032,954 1032,954 1032,902"/>
                        <TextEquiv conf="0.8876"><Unicode>H</Unicode></TextEquiv>
                    </Glyph>
                    <TextEquiv conf="0.8857"><Unicode>RUTH</Unicode></TextEquiv>
                </Word>
                <TextEquiv conf="0.9341"><Unicode>(NUMERI RUTH</Unicode></TextEquiv>
            </TextLine>
        </TextRegion>
        <TextRegion id="_b166a1b2-8371-4c32-bdcc-6b36663b02d7" custom="type {type:text;}">
<Coords points="713,1153 1090,1153 1114,1165 1114,1200 1090,1225 752,1225 696,1213 713,1153"/>
            <TextLine id="_3d5dacf8-a792-4f0a-aad0-554d3e37fe7b" custom="type {type:default;}">
                <Coords points="700,1180 700,1197 700,1210 1105,1208 1105,1194 1100,1160 709,1160 700,1180"/>
                <Baseline points="700,1197 1105,1194"/>
                <Word id="segment_12">
                    <Coords points="717,1160 717,1210 1074,1208 1074,1160"/>
                    <Glyph id="char_48">
                        <Coords points="717,1160 717,1210 717,1210 717,1160"/>
                        <TextEquiv conf="1.0"><Unicode>H</Unicode></TextEquiv>
                    </Glyph>
                    <Glyph id="char_49">
                        <Coords points="751,1160 751,1210 751,1210 751,1160"/>
                        <TextEquiv conf="1.0"><Unicode>E</Unicode></TextEquiv>
                    </Glyph>
                    <Glyph id="char_50">
                        <Coords points="782,1160 782,1210 782,1210 782,1160"/>
                        <TextEquiv conf="1.0"><Unicode>R</Unicode></TextEquiv>
                    </Glyph>
                    <Glyph id="char_51">
                        <Coords points="812,1160 812,1209 812,1209 812,1160"/>
                        <TextEquiv conf="1.0"><Unicode>A</Unicode></TextEquiv>
                    </Glyph>
                    <Glyph id="char_52">
                        <Coords points="843,1160 843,1209 843,1209 843,1160"/>
                        <TextEquiv conf="1.0"><Unicode>U</Unicode></TextEquiv>
                    </Glyph>
                    <Glyph id="char_53">
                        <Coords points="874,1160 874,1209 874,1209 874,1160"/>
                        <TextEquiv conf="1.0"><Unicode>S</Unicode></TextEquiv>
                    </Glyph>
                    <Glyph id="char_54">
                        <Coords points="897,1160 897,1209 897,1209 897,1160"/>
                        <TextEquiv conf="1.0"><Unicode>G</Unicode></TextEquiv>
                    </Glyph>
                    <Glyph id="char_55">
                        <Coords points="931,1160 931,1209 931,1209 931,1160"/>
                        <TextEquiv conf="1.0"><Unicode>E</Unicode></TextEquiv>
                    </Glyph>
                    <Glyph id="char_56">
                        <Coords points="959,1160 959,1209 959,1209 959,1160"/>
                        <TextEquiv conf="1.0"><Unicode>G</Unicode></TextEquiv>
                    </Glyph>
                    <Glyph id="char_57">
                        <Coords points="989,1160 989,1209 989,1209 989,1160"/>
                        <TextEquiv conf="1.0"><Unicode>E</Unicode></TextEquiv>
                    </Glyph>
                    <Glyph id="char_58">
                        <Coords points="1017,1160 1017,1208 1017,1208 1017,1160"/>
                        <TextEquiv conf="1.0"><Unicode>B</Unicode></TextEquiv>
                    </Glyph>
                    <Glyph id="char_59">
                        <Coords points="1047,1160 1047,1208 1047,1208 1047,1160"/>
                        <TextEquiv conf="1.0"><Unicode>E</Unicode></TextEquiv>
                    </Glyph>
                    <Glyph id="char_60">
                        <Coords points="1074,1160 1074,1208 1074,1208 1074,1160"/>
                        <TextEquiv conf="0.9999"><Unicode>N</Unicode></TextEquiv>
                    </Glyph>
                    <TextEquiv conf="1.0"><Unicode>HERAUSGEGEBEN</Unicode></TextEquiv>
                </Word>
                <TextEquiv conf="1.0"><Unicode>HERAUSGEGEBEN</Unicode></TextEquiv>
            </TextLine>
        </TextRegion>
        <TextRegion id="_74d1f41e-6081-4e20-be7b-506e5c89807d" custom="type {type:text;}">
<Coords points="868,1350 948,1350 966,1369 954,1410 869,1416 851,1398 868,1350"/>
            <TextLine id="_a852df19-0a85-49b7-aaae-8a85febb1560" custom="type {type:default;}">
                <Coords points="865,1389 863,1398 923,1410 925,1410 926,1410 952,1402 954,1393 954,1361 865,1356 865,1389"/>
                <Baseline points="865,1389 954,1393"/>
                <Word id="segment_13">
                    <Coords points="880,1357 878,1401 927,1410 929,1360"/>
                    <Glyph id="char_61">
                        <Coords points="880,1357 878,1401 878,1401 880,1357"/>
                        <TextEquiv conf="1.0"><Unicode>V</Unicode></TextEquiv>
                    </Glyph>
                    <Glyph id="char_62">
                        <Coords points="905,1358 903,1406 903,1406 905,1358"/>
                        <TextEquiv conf="1.0"><Unicode>O</Unicode></TextEquiv>
                    </Glyph>
                    <Glyph id="char_63">
                        <Coords points="929,1360 927,1410 927,1410 929,1360"/>
                        <TextEquiv conf="1.0"><Unicode>N</Unicode></TextEquiv>
                    </Glyph>
                    <TextEquiv conf="1.0"><Unicode>VON</Unicode></TextEquiv>
                </Word>
                <TextEquiv conf="1.0"><Unicode>VON</Unicode></TextEquiv>
            </TextLine>
        </TextRegion>
        <TextRegion id="_0eea5a69-919e-4882-ba2f-d1f690438c6d" custom="type {type:text;}">
<Coords points="695,1541 1114,1547 1139,1566 1139,1607 1114,1626 696,1626 672,1607 672,1554 695,1541"/>
            <TextLine id="_045e3344-e68e-4e8b-ac16-2f324c727ea0" custom="type {type:default;}">
                <Coords points="1130,1560 1127,1557 1046,1549 1045,1549 683,1554 683,1597 681,1611 700,1618 701,1618 703,1618 1131,1612 1133,1600 1131,1561 1130,1560"/>
                <Baseline points="683,1597 1133,1600"/>
                <Word id="segment_14">
                    <Coords points="702,1554 702,1618 759,1617 759,1553"/>
                    <Glyph id="char_64">
                        <Coords points="702,1554 702,1618 702,1618 702,1554"/>
                        <TextEquiv conf="1.0"><Unicode>W</Unicode></TextEquiv>
                    </Glyph>
                    <Glyph id="char_65">
                        <Coords points="759,1553 759,1617 759,1617 759,1553"/>
                        <TextEquiv conf="1.0"><Unicode>.</Unicode></TextEquiv>
                    </Glyph>
                    <TextEquiv conf="1.0"><Unicode>W.</Unicode></TextEquiv>
                </Word>
                <Word id="segment_15">
                    <Coords points="764,1553 764,1617 769,1617 769,1553"/>
                    <Glyph id="char_66">
                        <Coords points="764,1553 764,1617 769,1617 769,1553"/>
                        <TextEquiv conf="1.0"><Unicode> </Unicode></TextEquiv>
                    </Glyph>
                    <TextEquiv conf="1.0"><Unicode> </Unicode></TextEquiv>
                </Word>
                <Word id="segment_16">
                    <Coords points="783,1553 783,1617 1133,1600 1133,1600"/>
                    <Glyph id="char_67">
                        <Coords points="783,1553 783,1617 783,1617 783,1553"/>
                        <TextEquiv conf="1.0"><Unicode>K</Unicode></TextEquiv>
                    </Glyph>
                    <Glyph id="char_68">
                        <Coords points="816,1552 816,1616 816,1616 816,1552"/>
                        <TextEquiv conf="1.0"><Unicode>U</Unicode></TextEquiv>
                    </Glyph>
                    <Glyph id="char_69">
                        <Coords points="850,1552 850,1616 850,1616 850,1552"/>
                        <TextEquiv conf="1.0"><Unicode>R</Unicode></TextEquiv>
                    </Glyph>
                    <Glyph id="char_70">
                        <Coords points="883,1551 883,1615 883,1615 883,1551"/>
                        <TextEquiv conf="1.0"><Unicode>R</Unicode></TextEquiv>
                    </Glyph>
                    <Glyph id="char_71">
                        <Coords points="911,1551 911,1615 911,1615 911,1551"/>
                        <TextEquiv conf="0.9976"><Unicode>E</Unicode></TextEquiv>
                    </Glyph>
                    <Glyph id="char_72">
                        <Coords points="940,1550 940,1615 940,1615 940,1550"/>
                        <TextEquiv conf="1.0"><Unicode>L</Unicode></TextEquiv>
                    </Glyph>
                    <Glyph id="char_73">
                        <Coords points="964,1550 964,1614 964,1614 964,1550"/>
                        <TextEquiv conf="1.0"><Unicode>M</Unicode></TextEquiv>
                    </Glyph>
                    <Glyph id="char_74">
                        <Coords points="1007,1550 1007,1614 1007,1614 1007,1550"/>
                        <TextEquiv conf="1.0"><Unicode>E</Unicode></TextEquiv>
                    </Glyph>
                    <Glyph id="char_75">
                        <Coords points="1040,1549 1040,1613 1040,1613 1040,1549"/>
                        <TextEquiv conf="1.0"><Unicode>Y</Unicode></TextEquiv>
                    </Glyph>
                    <Glyph id="char_76">
                        <Coords points="1068,1551 1068,1613 1068,1613 1068,1551"/>
                        <TextEquiv conf="0.9932"><Unicode>E</Unicode></TextEquiv>
                    </Glyph>
                    <Glyph id="char_77">
                        <Coords points="1097,1554 1097,1612 1097,1612 1097,1554"/>
                        <TextEquiv conf="1.0"><Unicode>R</Unicode></TextEquiv>
                    </Glyph>
                    <Glyph id="char_78">
                        <Coords points="1133,1600 1133,1600 1133,1600 1133,1600"/>
                        <TextEquiv conf="0.9857"><Unicode>.</Unicode></TextEquiv>
                    </Glyph>
                    <TextEquiv conf="0.998"><Unicode>KURRELMEYER.</Unicode></TextEquiv>
                </Word>
                <TextEquiv conf="0.9984"><Unicode>W. KURRELMEYER.</Unicode></TextEquiv>
            </TextLine>
        </TextRegion>
        <TextRegion id="_c50c5661-4211-48e1-902b-dfda0788bc42" custom="type {type:text;}">
<Coords points="323,2257 1484,2263 1497,2286 1478,2317 1104,2323 1053,2366 925,2372 752,2366 720,2317 320,2310 323,2257"/>
            <TextLine id="_d8ead5e9-1de4-4d21-b639-ef9c4df3d58a" custom="type {type:default;}">
                <Coords points="1466,2261 1450,2261 1435,2261 1420,2261 1404,2261 1389,2261 1373,2261 1358,2261 1343,2261 1327,2261 1312,2261 1296,2261 1281,2261 1265,2261 1250,2261 1235,2261 1219,2261 1204,2261 1188,2260 1173,2260 1157,2260 1142,2260 1127,2260 1111,2260 1096,2260 1080,2260 1065,2260 1050,2260 1034,2260 1019,2260 1003,2260 988,2260 972,2260 957,2260 942,2260 926,2260 911,2260 902,2258 309,2260 311,2292 311,2306 1483,2301 1483,2287 1478,2263 1466,2261"/>
                <Baseline points="311,2292 1483,2287"/>
                <Word id="segment_17">
                    <Coords points="330,2260 330,2306 521,2305 521,2259"/>
                    <Glyph id="char_79">
                        <Coords points="330,2260 330,2306 330,2306 330,2260"/>
                        <TextEquiv conf="1.0"><Unicode>G</Unicode></TextEquiv>
                    </Glyph>
                    <Glyph id="char_80">
                        <Coords points="355,2260 355,2306 355,2306 355,2260"/>
                        <TextEquiv conf="1.0"><Unicode>E</Unicode></TextEquiv>
                    </Glyph>
                    <Glyph id="char_81">
                        <Coords points="380,2260 380,2306 380,2306 380,2260"/>
                        <TextEquiv conf="1.0"><Unicode>D</Unicode></TextEquiv>
                    </Glyph>
                    <Glyph id="char_82">
                        <Coords points="405,2260 405,2306 405,2306 405,2260"/>
                        <TextEquiv conf="1.0"><Unicode>R</Unicode></TextEquiv>
                    </Glyph>
                    <Glyph id="char_83">
                        <Coords points="433,2260 433,2305 433,2305 433,2260"/>
                        <TextEquiv conf="1.0"><Unicode>U</Unicode></TextEquiv>
                    </Glyph>
                    <Glyph id="char_84">
                        <Coords points="462,2259 462,2305 462,2305 462,2259"/>
                        <TextEquiv conf="1.0"><Unicode>C</Unicode></TextEquiv>
                    </Glyph>
                    <Glyph id="char_85">
                        <Coords points="487,2259 487,2305 487,2305 487,2259"/>
                        <TextEquiv conf="1.0"><Unicode>K</Unicode></TextEquiv>
                    </Glyph>
                    <Glyph id="char_86">
                        <Coords points="518,2259 518,2305 521,2305 521,2259"/>
                        <TextEquiv conf="1.0"><Unicode>T</Unicode></TextEquiv>
                    </Glyph>
                    <TextEquiv conf="1.0"><Unicode>GEDRUCKT</Unicode></TextEquiv>
                </Word>
                <Word id="segment_18">
                    <Coords points="543,2259 543,2305 550,2305 550,2259"/>
                    <Glyph id="char_87">
                        <Coords points="543,2259 543,2305 550,2305 550,2259"/>
                        <TextEquiv conf="1.0"><Unicode> </Unicode></TextEquiv>
                    </Glyph>
                    <TextEquiv conf="1.0"><Unicode> </Unicode></TextEquiv>
                </Word>
                <Word id="segment_19">
                    <Coords points="559,2259 559,2305 609,2305 609,2259"/>
                    <Glyph id="char_88">
                        <Coords points="559,2259 559,2305 559,2305 559,2259"/>
                        <TextEquiv conf="1.0"><Unicode>F</Unicode></TextEquiv>
                    </Glyph>
                    <Glyph id="char_89">
                        <Coords points="581,2259 581,2305 581,2305 581,2259"/>
                        <TextEquiv conf="0.9999"><Unicode>O</Unicode></TextEquiv>
                    </Glyph>
                    <Glyph id="char_90">
                        <Coords points="606,2259 606,2305 609,2305 609,2259"/>
                        <TextEquiv conf="1.0"><Unicode>R</Unicode></TextEquiv>
                    </Glyph>
                    <TextEquiv conf="1.0"><Unicode>FOR</Unicode></TextEquiv>
                </Word>
                <Word id="segment_20">
                    <Coords points="634,2259 634,2305 637,2305 637,2259"/>
                    <Glyph id="char_91">
                        <Coords points="634,2259 634,2305 637,2305 637,2259"/>
                        <TextEquiv conf="1.0"><Unicode> </Unicode></TextEquiv>
                    </Glyph>
                    <TextEquiv conf="1.0"><Unicode> </Unicode></TextEquiv>
                </Word>
                <Word id="segment_21">
                    <Coords points="650,2259 650,2305 697,2304 697,2259"/>
                    <Glyph id="char_92">
                        <Coords points="650,2259 650,2305 650,2305 650,2259"/>
                        <TextEquiv conf="1.0"><Unicode>D</Unicode></TextEquiv>
                    </Glyph>
                    <Glyph id="char_93">
                        <Coords points="675,2259 675,2304 675,2304 675,2259"/>
                        <TextEquiv conf="1.0"><Unicode>E</Unicode></TextEquiv>
                    </Glyph>
                    <Glyph id="char_94">
                        <Coords points="697,2259 697,2304 697,2304 697,2259"/>
                        <TextEquiv conf="1.0"><Unicode>N</Unicode></TextEquiv>
                    </Glyph>
                    <TextEquiv conf="1.0"><Unicode>DEN</Unicode></TextEquiv>
                </Word>
                <Word id="segment_22">
                    <Coords points="728,2259 728,2304 728,2304 728,2259"/>
                    <Glyph id="char_95">
                        <Coords points="728,2259 728,2304 728,2304 728,2259"/>
                        <TextEquiv conf="1.0"><Unicode> </Unicode></TextEquiv>
                    </Glyph>
                    <TextEquiv conf="1.0"><Unicode> </Unicode></TextEquiv>
                </Word>
                <Word id="segment_23">
                    <Coords points="741,2259 741,2304 1030,2303 1030,2260"/>
                    <Glyph id="char_96">
                        <Coords points="741,2259 741,2304 741,2304 741,2259"/>
                        <TextEquiv conf="1.0"><Unicode>L</Unicode></TextEquiv>
                    </Glyph>
                    <Glyph id="char_97">
                        <Coords points="763,2258 763,2304 763,2304 763,2258"/>
                        <TextEquiv conf="1.0"><Unicode>I</Unicode></TextEquiv>
                    </Glyph>
                    <Glyph id="char_98">
                        <Coords points="782,2258 782,2304 782,2304 782,2258"/>
                        <TextEquiv conf="1.0"><Unicode>T</Unicode></TextEquiv>
                    </Glyph>
                    <Glyph id="char_99">
                        <Coords points="798,2258 798,2304 801,2304 801,2258"/>
                        <TextEquiv conf="1.0"><Unicode>T</Unicode></TextEquiv>
                    </Glyph>
                    <Glyph id="char_100">
                        <Coords points="823,2258 823,2304 823,2304 823,2258"/>
                        <TextEquiv conf="1.0"><Unicode>E</Unicode></TextEquiv>
                    </Glyph>
                    <Glyph id="char_101">
                        <Coords points="848,2258 848,2304 848,2304 848,2258"/>
                        <TextEquiv conf="0.9997"><Unicode>R</Unicode></TextEquiv>
                    </Glyph>
                    <Glyph id="char_102">
                        <Coords points="873,2258 873,2304 873,2304 873,2258"/>
                        <TextEquiv conf="1.0"><Unicode>A</Unicode></TextEquiv>
                    </Glyph>
                    <Glyph id="char_103">
                        <Coords points="898,2258 898,2303 898,2303 898,2258"/>
                        <TextEquiv conf="1.0"><Unicode>R</Unicode></TextEquiv>
                    </Glyph>
                    <Glyph id="char_104">
                        <Coords points="923,2260 923,2303 923,2303 923,2260"/>
                        <TextEquiv conf="1.0"><Unicode>I</Unicode></TextEquiv>
                    </Glyph>
                    <Glyph id="char_105">
                        <Coords points="933,2260 933,2303 933,2303 933,2260"/>
                        <TextEquiv conf="1.0"><Unicode>S</Unicode></TextEquiv>
                    </Glyph>
                    <Glyph id="char_106">
                        <Coords points="955,2260 955,2303 955,2303 955,2260"/>
                        <TextEquiv conf="1.0"><Unicode>C</Unicode></TextEquiv>
                    </Glyph>
                    <Glyph id="char_107">
                        <Coords points="980,2260 980,2303 980,2303 980,2260"/>
                        <TextEquiv conf="1.0"><Unicode>H</Unicode></TextEquiv>
                    </Glyph>
                    <Glyph id="char_108">
                        <Coords points="1005,2260 1005,2303 1005,2303 1005,2260"/>
                        <TextEquiv conf="1.0"><Unicode>E</Unicode></TextEquiv>
                    </Glyph>
                    <Glyph id="char_109">
                        <Coords points="1030,2260 1030,2303 1030,2303 1030,2260"/>
                        <TextEquiv conf="1.0"><Unicode>N</Unicode></TextEquiv>
                    </Glyph>
                    <TextEquiv conf="1.0"><Unicode>LITTERARISCHEN</Unicode></TextEquiv>
                </Word>
                <Word id="segment_24">
                    <Coords points="1055,2260 1055,2303 1058,2303 1058,2260"/>
                    <Glyph id="char_110">
                        <Coords points="1055,2260 1055,2303 1058,2303 1058,2260"/>
                        <TextEquiv conf="1.0"><Unicode> </Unicode></TextEquiv>
                    </Glyph>
                    <TextEquiv conf="1.0"><Unicode> </Unicode></TextEquiv>
                </Word>
                <Word id="segment_25">
                    <Coords points="1068,2260 1068,2303 1177,2302 1177,2260"/>
                    <Glyph id="char_111">
                        <Coords points="1068,2260 1068,2303 1068,2303 1068,2260"/>
                        <TextEquiv conf="1.0"><Unicode>V</Unicode></TextEquiv>
                    </Glyph>
                    <Glyph id="char_112">
                        <Coords points="1093,2260 1093,2303 1093,2303 1093,2260"/>
                        <TextEquiv conf="1.0"><Unicode>E</Unicode></TextEquiv>
                    </Glyph>
                    <Glyph id="char_113">
                        <Coords points="1115,2260 1115,2303 1115,2303 1115,2260"/>
                        <TextEquiv conf="1.0"><Unicode>R</Unicode></TextEquiv>
                    </Glyph>
                    <Glyph id="char_114">
                        <Coords points="1140,2260 1140,2302 1140,2302 1140,2260"/>
                        <TextEquiv conf="0.9999"><Unicode>E</Unicode></TextEquiv>
                    </Glyph>
                    <Glyph id="char_115">
                        <Coords points="1165,2260 1165,2302 1165,2302 1165,2260"/>
                        <TextEquiv conf="1.0"><Unicode>I</Unicode></TextEquiv>
                    </Glyph>
                    <Glyph id="char_116">
                        <Coords points="1177,2260 1177,2302 1177,2302 1177,2260"/>
                        <TextEquiv conf="1.0"><Unicode>N</Unicode></TextEquiv>
                    </Glyph>
                    <TextEquiv conf="1.0"><Unicode>VEREIN</Unicode></TextEquiv>
                </Word>
                <Word id="segment_26">
                    <Coords points="1206,2261 1206,2302 1209,2302 1209,2261"/>
                    <Glyph id="char_117">
                        <Coords points="1206,2261 1206,2302 1209,2302 1209,2261"/>
                        <TextEquiv conf="1.0"><Unicode> </Unicode></TextEquiv>
                    </Glyph>
                    <TextEquiv conf="1.0"><Unicode> </Unicode></TextEquiv>
                </Word>
                <Word id="segment_27">
                    <Coords points="1218,2261 1218,2302 1234,2302 1234,2261"/>
                    <Glyph id="char_118">
                        <Coords points="1218,2261 1218,2302 1218,2302 1218,2261"/>
                        <TextEquiv conf="1.0"><Unicode>I</Unicode></TextEquiv>
                    </Glyph>
                    <Glyph id="char_119">
                        <Coords points="1234,2261 1234,2302 1234,2302 1234,2261"/>
                        <TextEquiv conf="0.9558"><Unicode>N</Unicode></TextEquiv>
                    </Glyph>
                    <TextEquiv conf="0.9779"><Unicode>IN</Unicode></TextEquiv>
                </Word>
                <Word id="segment_28">
                    <Coords points="1259,2261 1259,2302 1262,2302 1262,2261"/>
                    <Glyph id="char_120">
                        <Coords points="1259,2261 1259,2302 1262,2302 1262,2261"/>
                        <TextEquiv conf="1.0"><Unicode> </Unicode></TextEquiv>
                    </Glyph>
                    <TextEquiv conf="1.0"><Unicode> </Unicode></TextEquiv>
                </Word>
                <Word id="segment_29">
                    <Coords points="1268,2261 1268,2302 1466,2301 1466,2261"/>
                    <Glyph id="char_121">
                        <Coords points="1268,2261 1268,2302 1268,2302 1268,2261"/>
                        <TextEquiv conf="1.0"><Unicode>S</Unicode></TextEquiv>
                    </Glyph>
                    <Glyph id="char_122">
                        <Coords points="1290,2261 1290,2302 1290,2302 1290,2261"/>
                        <TextEquiv conf="0.9999"><Unicode>T</Unicode></TextEquiv>
                    </Glyph>
                    <Glyph id="char_123">
                        <Coords points="1315,2261 1315,2302 1315,2302 1315,2261"/>
                        <TextEquiv conf="0.9988"><Unicode>U</Unicode></TextEquiv>
                    </Glyph>
                    <Glyph id="char_124">
                        <Coords points="1341,2261 1341,2302 1341,2302 1341,2261"/>
                        <TextEquiv conf="1.0"><Unicode>T</Unicode></TextEquiv>
                    </Glyph>
                    <Glyph id="char_125">
                        <Coords points="1366,2261 1366,2301 1366,2301 1366,2261"/>
                        <TextEquiv conf="1.0"><Unicode>T</Unicode></TextEquiv>
                    </Glyph>
                    <Glyph id="char_126">
                        <Coords points="1391,2261 1391,2301 1391,2301 1391,2261"/>
                        <TextEquiv conf="0.9977"><Unicode>a</Unicode></TextEquiv>
                    </Glyph>
                    <Glyph id="char_127">
                        <Coords points="1419,2261 1419,2301 1419,2301 1419,2261"/>
                        <TextEquiv conf="0.4489"><Unicode>A</Unicode></TextEquiv>
                    </Glyph>
                    <Glyph id="char_128">
                        <Coords points="1441,2261 1441,2301 1441,2301 1441,2261"/>
                        <TextEquiv conf="0.9897"><Unicode>R</Unicode></TextEquiv>
                    </Glyph>
                    <Glyph id="char_129">
                        <Coords points="1466,2261 1466,2301 1466,2301 1466,2261"/>
                        <TextEquiv conf="0.9978"><Unicode>T</Unicode></TextEquiv>
                    </Glyph>
                    <TextEquiv conf="0.937"><Unicode>STUTTaART</Unicode></TextEquiv>
                </Word>
                <TextEquiv conf="0.988"><Unicode>GEDRUCKT FOR DEN LITTERARISCHEN VEREIN IN STUTTaART</Unicode></TextEquiv>
            </TextLine>

            <TextLine id="_bd0d4898-a8a0-4da1-bca2-10f5e92b1cd2" custom="type {type:default;}">
                <Coords points="749,2343 747,2355 1056,2358 1059,2346 1057,2315 749,2312 749,2343"/>
                <Baseline points="749,2343 1059,2346"/>
                <Word id="segment_30">
                    <Coords points="764,2312 764,2355 949,2357 949,2314"/>
                    <Glyph id="char_130">
                        <Coords points="764,2312 764,2355 764,2355 764,2312"/>
                        <TextEquiv conf="0.998"><Unicode>T</Unicode></TextEquiv>
                    </Glyph>
                    <Glyph id="char_131">
                        <Coords points="793,2312 793,2355 793,2355 793,2312"/>
                        <TextEquiv conf="1.0"><Unicode>U</Unicode></TextEquiv>
                    </Glyph>
                    <Glyph id="char_132">
                        <Coords points="820,2313 820,2356 820,2356 820,2313"/>
                        <TextEquiv conf="1.0"><Unicode>B</Unicode></TextEquiv>
                    </Glyph>
                    <Glyph id="char_133">
                        <Coords points="846,2313 846,2356 846,2356 846,2313"/>
                        <TextEquiv conf="1.0"><Unicode>I</Unicode></TextEquiv>
                    </Glyph>
                    <Glyph id="char_134">
                        <Coords points="870,2313 870,2356 870,2356 870,2313"/>
                        <TextEquiv conf="1.0"><Unicode>N</Unicode></TextEquiv>
                    </Glyph>
                    <Glyph id="char_135">
                        <Coords points="896,2313 896,2356 896,2356 896,2313"/>
                        <TextEquiv conf="1.0"><Unicode>G</Unicode></TextEquiv>
                    </Glyph>
                    <Glyph id="char_136">
                        <Coords points="923,2314 923,2357 923,2357 923,2314"/>
                        <TextEquiv conf="1.0"><Unicode>E</Unicode></TextEquiv>
                    </Glyph>
                    <Glyph id="char_137">
                        <Coords points="949,2314 949,2357 949,2357 949,2314"/>
                        <TextEquiv conf="0.9997"><Unicode>N</Unicode></TextEquiv>
                    </Glyph>
                    <TextEquiv conf="0.9997"><Unicode>TUBINGEN</Unicode></TextEquiv>
                </Word>
                <Word id="segment_31">
                    <Coords points="976,2314 976,2357 979,2357 979,2314"/>
                    <Glyph id="char_138">
                        <Coords points="976,2314 976,2357 979,2357 979,2314"/>
                        <TextEquiv conf="1.0"><Unicode> </Unicode></TextEquiv>
                    </Glyph>
                    <TextEquiv conf="1.0"><Unicode> </Unicode></TextEquiv>
                </Word>
                <Word id="segment_32">
                    <Coords points="990,2314 990,2357 1059,2346 1059,2346"/>
                    <Glyph id="char_139">
                        <Coords points="990,2314 990,2357 990,2357 990,2314"/>
                        <TextEquiv conf="1.0"><Unicode>1</Unicode></TextEquiv>
                    </Glyph>
                    <Glyph id="char_140">
                        <Coords points="1005,2314 1005,2358 1005,2358 1005,2314"/>
                        <TextEquiv conf="1.0"><Unicode>9</Unicode></TextEquiv>
                    </Glyph>
                    <Glyph id="char_141">
                        <Coords points="1023,2315 1023,2358 1023,2358 1023,2315"/>
                        <TextEquiv conf="0.5068"><Unicode>0</Unicode></TextEquiv>
                    </Glyph>
                    <Glyph id="char_142">
                        <Coords points="1040,2315 1040,2358 1040,2358 1040,2315"/>
                        <TextEquiv conf="0.9969"><Unicode>7</Unicode></TextEquiv>
                    </Glyph>
                    <Glyph id="char_143">
                        <Coords points="1059,2346 1059,2346 1059,2346 1059,2346"/>
                        <TextEquiv conf="0.3977"><Unicode>.</Unicode></TextEquiv>
                    </Glyph>
                    <TextEquiv conf="0.7803"><Unicode>1907.</Unicode></TextEquiv>
                </Word>
                <TextEquiv conf="0.9214"><Unicode>TUBINGEN 1907.</Unicode></TextEquiv>
            </TextLine>
        </TextRegion>
    </Page>
</PcGts>