<?xml version="1.0" encoding="UTF-8"?>
<PcGts xmlns="http://schema.primaresearch.org/PAGE/gts/pagecontent/2019-07-15" xmlns:xsi="http://www.w3.org/2001/XMLSchema-instance" xsi:schemaLocation="http://schema.primaresearch.org/PAGE/gts/pagecontent/2019-07-15 http://schema.primaresearch.org/PAGE/gts/pagecontent/2019-07-15/pagecontent.xsd">
    <Metadata>
        <Creator>kraken 6.0.3</Creator>
        <Created>2026-01-20T00:46:24.471291+00:00</Created>
        <LastChange>2026-01-20T00:46:24.471291+00:00</LastChange>
    </Metadata>
    <Page imageFilename="/tmp/tmpnocn_agq.png" imageWidth="1875" imageHeight="2775">
        <TextRegion id="_ad9d3a93-d058-4f3c-b82e-a288cec9d38f" custom="type {type:text;}">
<Coords points="294,203 343,222 350,263 294,289 294,368 252,374 228,331 228,240 294,203"/>
            <TextLine id="_ca6ae24e-8055-44f5-a102-aca5ac4d1514" custom="type {type:default;}">
                <Coords points="254,245 252,254 282,249 283,246 283,225 254,223 254,245"/>
                <Baseline points="254,245 283,246"/>
                <Word id="segment_0">
                    <Coords points="259,223 258,253 258,253 259,223"/>
                    <Glyph id="char_0">
                        <Coords points="259,223 258,253 258,253 259,223"/>
                        <TextEquiv conf="0.893"><Unicode>„</Unicode></TextEquiv>
                    </Glyph>
                    <TextEquiv conf="0.893"><Unicode>„</Unicode></TextEquiv>
                </Word>
                <TextEquiv conf="0.893"><Unicode>„</Unicode></TextEquiv>
            </TextLine>
        </TextRegion>
        <TextRegion id="textblock_2">
            <Coords points="0,0 0,2775 1875,2775 1875,0"/>
            
            <TextLine id="_365d92ba-1cbe-405b-bcfb-7f6d03be490e" custom="type {type:default;}">
                <Coords points="1603,1700 1606,1698 1605,1692 1603,1692 1589,1692 1589,1700 1603,1700"/>
                <Baseline points="1603,1692 1603,1700"/>
                
            </TextLine>

            
            <TextLine id="_95b5967f-2fd1-4477-b510-27e46701c6d0" custom="type {type:default;}">
                <Coords points="1597,2112 1589,2129 1594,2132 1605,2115 1612,2090 1606,2085 1597,2112"/>
                <Baseline points="1597,2112 1605,2115"/>
                
            </TextLine>

        </TextRegion>
        <TextRegion id="_77c33c48-0149-4236-88ae-808ab0a41cb8" custom="type {type:text;}">
<Coords points="234,349 234,345 239,345 239,349 234,349"/>        </TextRegion>
        <TextRegion id="_139b407e-d6b4-49e5-ab0d-445228694cd7" custom="type {type:text;}">
<Coords points="1595,265 1595,658 1614,536 1626,703 1620,1453 1614,1496 1595,1498 1595,1540 1614,1535 1608,1706 1578,1638 1578,1399 1548,1379 1578,1342 1566,715 1595,265"/>        </TextRegion>
        <TextRegion id="_952da3c9-ef84-4826-923a-2b556d666db1" custom="type {type:text;}">
<Coords points="1602,2170 1602,2175 1597,2175 1597,2170 1602,2170"/>        </TextRegion>
        <TextRegion id="_9f5743a8-31dd-4be6-b965-804a462c6292" custom="type {type:text;}">
<Coords points="1595,2405 1614,2423 1614,2465 1585,2458 1595,2405"/>        </TextRegion>
        <TextRegion id="_bf6396e2-94a8-4e99-8dd7-f5aaa789e762" custom="type {type:text;}">
<Coords points="1602,2109 1608,2109 1608,2113 1597,2113 1602,2109"/>        </TextRegion>
        <TextRegion id="_69ff08e2-283a-4423-8832-b9469f33d0e7" custom="type {type:text;}">
<Coords points="1602,2189 1608,2189 1608,2206 1597,2206 1602,2189"/>        </TextRegion>
        <TextRegion id="_eabfed7e-a5b2-4054-8db6-512c55d38773" custom="type {type:text;}">
<Coords points="1602,2571 1608,2571 1608,2582 1597,2582 1602,2571"/>        </TextRegion>
        <TextRegion id="_d8601baf-cab5-4f3a-b483-d5508cc5283f" custom="type {type:text;}">
<Coords points="1609,265 1614,294 1603,294 1603,265 1609,265"/>        </TextRegion>
        <TextRegion id="_52f9a5a6-edc7-41a7-a13a-8b2c773d98ee" custom="type {type:text;}">
<Coords points="1608,328 1620,370 1614,510 1603,460 1608,328"/>        </TextRegion>
    </Page>
</PcGts>