<?xml version="1.0" encoding="UTF-8"?>
<PcGts xmlns="http://schema.primaresearch.org/PAGE/gts/pagecontent/2019-07-15" xmlns:xsi="http://www.w3.org/2001/XMLSchema-instance" xsi:schemaLocation="http://schema.primaresearch.org/PAGE/gts/pagecontent/2019-07-15 http://schema.primaresearch.org/PAGE/gts/pagecontent/2019-07-15/pagecontent.xsd">
    <Metadata>
        <Creator>kraken 6.0.3</Creator>
        <Created>2026-01-20T00:47:55.331586+00:00</Created>
        <LastChange>2026-01-20T00:47:55.331586+00:00</LastChange>
    </Metadata>
    <Page imageFilename="/tmp/tmpw8pnkyar.png" imageWidth="1875" imageHeight="2775">
        <TextRegion id="_aa9546db-7923-4561-be21-b8a11a9ba855" custom="type {type:text;}">
<Coords points="791,1227 1262,1227 1275,1256 1232,1287 801,1281 770,1268 791,1227"/>
            <TextLine id="_cddd5303-58fd-4f64-a918-9d3a0152bb82" custom="type {type:default;}">
                <Coords points="1258,1231 789,1231 780,1247 778,1256 777,1268 1264,1271 1267,1259 1265,1254 1258,1231"/>
                <Baseline points="778,1256 1267,1259"/>
                <Word id="segment_0">
                    <Coords points="797,1231 797,1268 858,1268 858,1231"/>
                    <Glyph id="char_0">
                        <Coords points="797,1231 797,1268 797,1268 797,1231"/>
                        <TextEquiv conf="1.0"><Unicode>A</Unicode></TextEquiv>
                    </Glyph>
                    <Glyph id="char_1">
                        <Coords points="816,1231 816,1268 816,1268 816,1231"/>
                        <TextEquiv conf="1.0"><Unicode>L</Unicode></TextEquiv>
                    </Glyph>
                    <Glyph id="char_2">
                        <Coords points="834,1231 834,1268 837,1268 837,1231"/>
                        <TextEquiv conf="1.0"><Unicode>L</Unicode></TextEquiv>
                    </Glyph>
                    <Glyph id="char_3">
                        <Coords points="858,1231 858,1268 858,1268 858,1231"/>
                        <TextEquiv conf="1.0"><Unicode>E</Unicode></TextEquiv>
                    </Glyph>
                    <TextEquiv conf="1.0"><Unicode>ALLE</Unicode></TextEquiv>
                </Word>
                <Word id="segment_1">
                    <Coords points="880,1231 880,1269 882,1269 882,1231"/>
                    <Glyph id="char_4">
                        <Coords points="880,1231 880,1269 882,1269 882,1231"/>
                        <TextEquiv conf="1.0"><Unicode> </Unicode></TextEquiv>
                    </Glyph>
                    <TextEquiv conf="1.0"><Unicode> </Unicode></TextEquiv>
                </Word>
                <Word id="segment_2">
                    <Coords points="890,1231 890,1269 995,1269 995,1231"/>
                    <Glyph id="char_5">
                        <Coords points="890,1231 890,1269 890,1269 890,1231"/>
                        <TextEquiv conf="1.0"><Unicode>R</Unicode></TextEquiv>
                    </Glyph>
                    <Glyph id="char_6">
                        <Coords points="912,1231 912,1269 912,1269 912,1231"/>
                        <TextEquiv conf="1.0"><Unicode>E</Unicode></TextEquiv>
                    </Glyph>
                    <Glyph id="char_7">
                        <Coords points="931,1231 931,1269 931,1269 931,1231"/>
                        <TextEquiv conf="1.0"><Unicode>C</Unicode></TextEquiv>
                    </Glyph>
                    <Glyph id="char_8">
                        <Coords points="949,1231 949,1269 949,1269 949,1231"/>
                        <TextEquiv conf="1.0"><Unicode>H</Unicode></TextEquiv>
                    </Glyph>
                    <Glyph id="char_9">
                        <Coords points="973,1231 973,1269 973,1269 973,1231"/>
                        <TextEquiv conf="1.0"><Unicode>T</Unicode></TextEquiv>
                    </Glyph>
                    <Glyph id="char_10">
                        <Coords points="995,1231 995,1269 995,1269 995,1231"/>
                        <TextEquiv conf="1.0"><Unicode>E</Unicode></TextEquiv>
                    </Glyph>
                    <TextEquiv conf="1.0"><Unicode>RECHTE</Unicode></TextEquiv>
                </Word>
                <Word id="segment_3">
                    <Coords points="1019,1231 1019,1269 1022,1270 1022,1231"/>
                    <Glyph id="char_11">
                        <Coords points="1019,1231 1019,1269 1022,1270 1022,1231"/>
                        <TextEquiv conf="1.0"><Unicode> </Unicode></TextEquiv>
                    </Glyph>
                    <TextEquiv conf="1.0"><Unicode> </Unicode></TextEquiv>
                </Word>
                <Word id="segment_4">
                    <Coords points="1027,1231 1027,1270 1267,1259 1267,1259"/>
                    <Glyph id="char_12">
                        <Coords points="1027,1231 1027,1270 1027,1270 1027,1231"/>
                        <TextEquiv conf="1.0"><Unicode>V</Unicode></TextEquiv>
                    </Glyph>
                    <Glyph id="char_13">
                        <Coords points="1048,1231 1048,1270 1048,1270 1048,1231"/>
                        <TextEquiv conf="1.0"><Unicode>O</Unicode></TextEquiv>
                    </Glyph>
                    <Glyph id="char_14">
                        <Coords points="1070,1231 1070,1270 1070,1270 1070,1231"/>
                        <TextEquiv conf="1.0"><Unicode>R</Unicode></TextEquiv>
                    </Glyph>
                    <Glyph id="char_15">
                        <Coords points="1091,1231 1091,1270 1091,1270 1091,1231"/>
                        <TextEquiv conf="1.0"><Unicode>B</Unicode></TextEquiv>
                    </Glyph>
                    <Glyph id="char_16">
                        <Coords points="1113,1231 1113,1270 1113,1270 1113,1231"/>
                        <TextEquiv conf="0.9996"><Unicode>E</Unicode></TextEquiv>
                    </Glyph>
                    <Glyph id="char_17">
                        <Coords points="1131,1231 1131,1270 1131,1270 1131,1231"/>
                        <TextEquiv conf="0.9992"><Unicode>H</Unicode></TextEquiv>
                    </Glyph>
                    <Glyph id="char_18">
                        <Coords points="1158,1231 1158,1270 1158,1270 1158,1231"/>
                        <TextEquiv conf="1.0"><Unicode>A</Unicode></TextEquiv>
                    </Glyph>
                    <Glyph id="char_19">
                        <Coords points="1177,1231 1177,1270 1177,1270 1177,1231"/>
                        <TextEquiv conf="1.0"><Unicode>L</Unicode></TextEquiv>
                    </Glyph>
                    <Glyph id="char_20">
                        <Coords points="1196,1231 1196,1271 1198,1271 1198,1231"/>
                        <TextEquiv conf="0.9954"><Unicode>T</Unicode></TextEquiv>
                    </Glyph>
                    <Glyph id="char_21">
                        <Coords points="1220,1231 1220,1271 1220,1271 1220,1231"/>
                        <TextEquiv conf="0.996"><Unicode>E</Unicode></TextEquiv>
                    </Glyph>
                    <Glyph id="char_22">
                        <Coords points="1239,1231 1239,1271 1239,1271 1239,1231"/>
                        <TextEquiv conf="0.9989"><Unicode>N</Unicode></TextEquiv>
                    </Glyph>
                    <Glyph id="char_23">
                        <Coords points="1267,1259 1267,1259 1267,1259 1267,1259"/>
                        <TextEquiv conf="0.9544"><Unicode>.</Unicode></TextEquiv>
                    </Glyph>
                    <TextEquiv conf="0.9953"><Unicode>VORBEHALTEN.</Unicode></TextEquiv>
                </Word>
                <TextEquiv conf="0.9976"><Unicode>ALLE RECHTE VORBEHALTEN.</Unicode></TextEquiv>
            </TextLine>
        </TextRegion>
        <TextRegion id="_151ed65b-b70a-4568-b930-db4813144e47" custom="type {type:text;}">
<Coords points="704,2287 1336,2287 1349,2329 1336,2347 703,2341 684,2300 704,2287"/>
            <TextLine id="_9d45e773-a776-41f7-88e4-3069b5b3352e" custom="type {type:default;}">
                <Coords points="1332,2295 696,2295 696,2320 696,2335 1343,2335 1343,2320 1341,2314 1332,2295"/>
                <Baseline points="696,2320 1343,2320"/>
                <Word id="segment_5">
                    <Coords points="712,2295 712,2335 797,2335 797,2295"/>
                    <Glyph id="char_24">
                        <Coords points="712,2295 712,2335 712,2335 712,2295"/>
                        <TextEquiv conf="1.0"><Unicode>D</Unicode></TextEquiv>
                    </Glyph>
                    <Glyph id="char_25">
                        <Coords points="734,2295 734,2335 734,2335 734,2295"/>
                        <TextEquiv conf="1.0"><Unicode>R</Unicode></TextEquiv>
                    </Glyph>
                    <Glyph id="char_26">
                        <Coords points="756,2295 756,2335 756,2335 756,2295"/>
                        <TextEquiv conf="1.0"><Unicode>U</Unicode></TextEquiv>
                    </Glyph>
                    <Glyph id="char_27">
                        <Coords points="778,2295 778,2335 778,2335 778,2295"/>
                        <TextEquiv conf="0.9999"><Unicode>C</Unicode></TextEquiv>
                    </Glyph>
                    <Glyph id="char_28">
                        <Coords points="797,2295 797,2335 797,2335 797,2295"/>
                        <TextEquiv conf="1.0"><Unicode>K</Unicode></TextEquiv>
                    </Glyph>
                    <TextEquiv conf="1.0"><Unicode>DRUCK</Unicode></TextEquiv>
                </Word>
                <Word id="segment_6">
                    <Coords points="822,2295 822,2335 825,2335 825,2295"/>
                    <Glyph id="char_29">
                        <Coords points="822,2295 822,2335 825,2335 825,2295"/>
                        <TextEquiv conf="1.0"><Unicode> </Unicode></TextEquiv>
                    </Glyph>
                    <TextEquiv conf="1.0"><Unicode> </Unicode></TextEquiv>
                </Word>
                <Word id="segment_7">
                    <Coords points="833,2295 833,2335 874,2335 874,2295"/>
                    <Glyph id="char_30">
                        <Coords points="833,2295 833,2335 835,2335 835,2295"/>
                        <TextEquiv conf="1.0"><Unicode>V</Unicode></TextEquiv>
                    </Glyph>
                    <Glyph id="char_31">
                        <Coords points="855,2295 855,2335 855,2335 855,2295"/>
                        <TextEquiv conf="1.0"><Unicode>O</Unicode></TextEquiv>
                    </Glyph>
                    <Glyph id="char_32">
                        <Coords points="874,2295 874,2335 874,2335 874,2295"/>
                        <TextEquiv conf="1.0"><Unicode>N</Unicode></TextEquiv>
                    </Glyph>
                    <TextEquiv conf="1.0"><Unicode>VON</Unicode></TextEquiv>
                </Word>
                <Word id="segment_8">
                    <Coords points="896,2295 896,2335 898,2335 898,2295"/>
                    <Glyph id="char_33">
                        <Coords points="896,2295 896,2335 898,2335 898,2295"/>
                        <TextEquiv conf="1.0"><Unicode> </Unicode></TextEquiv>
                    </Glyph>
                    <TextEquiv conf="1.0"><Unicode> </Unicode></TextEquiv>
                </Word>
                <Word id="segment_9">
                    <Coords points="909,2295 909,2335 939,2335 939,2295"/>
                    <Glyph id="char_34">
                        <Coords points="909,2295 909,2335 909,2335 909,2295"/>
                        <TextEquiv conf="1.0"><Unicode>H</Unicode></TextEquiv>
                    </Glyph>
                    <Glyph id="char_35">
                        <Coords points="939,2295 939,2335 939,2335 939,2295"/>
                        <TextEquiv conf="1.0"><Unicode>.</Unicode></TextEquiv>
                    </Glyph>
                    <TextEquiv conf="1.0"><Unicode>H.</Unicode></TextEquiv>
                </Word>
                <Word id="segment_10">
                    <Coords points="942,2295 942,2335 945,2335 945,2295"/>
                    <Glyph id="char_36">
                        <Coords points="942,2295 942,2335 945,2335 945,2295"/>
                        <TextEquiv conf="1.0"><Unicode> </Unicode></TextEquiv>
                    </Glyph>
                    <TextEquiv conf="1.0"><Unicode> </Unicode></TextEquiv>
                </Word>
                <Word id="segment_11">
                    <Coords points="953,2295 953,2335 1035,2335 1035,2295"/>
                    <Glyph id="char_37">
                        <Coords points="953,2295 953,2335 953,2335 953,2295"/>
                        <TextEquiv conf="1.0"><Unicode>L</Unicode></TextEquiv>
                    </Glyph>
                    <Glyph id="char_38">
                        <Coords points="972,2295 972,2335 972,2335 972,2295"/>
                        <TextEquiv conf="1.0"><Unicode>A</Unicode></TextEquiv>
                    </Glyph>
                    <Glyph id="char_39">
                        <Coords points="994,2295 994,2335 994,2335 994,2295"/>
                        <TextEquiv conf="0.5523"><Unicode>U</Unicode></TextEquiv>
                    </Glyph>
                    <Glyph id="char_40">
                        <Coords points="1016,2295 1016,2335 1016,2335 1016,2295"/>
                        <TextEquiv conf="1.0"><Unicode>P</Unicode></TextEquiv>
                    </Glyph>
                    <Glyph id="char_41">
                        <Coords points="1035,2295 1035,2335 1035,2335 1035,2295"/>
                        <TextEquiv conf="1.0"><Unicode>P</Unicode></TextEquiv>
                    </Glyph>
                    <TextEquiv conf="0.9105"><Unicode>LAUPP</Unicode></TextEquiv>
                </Word>
                <Word id="segment_12">
                    <Coords points="1057,2295 1057,2335 1060,2335 1060,2295"/>
                    <Glyph id="char_42">
                        <Coords points="1057,2295 1057,2335 1060,2335 1060,2295"/>
                        <TextEquiv conf="1.0"><Unicode> </Unicode></TextEquiv>
                    </Glyph>
                    <TextEquiv conf="1.0"><Unicode> </Unicode></TextEquiv>
                </Word>
                <Word id="segment_13">
                    <Coords points="1065,2295 1065,2335 1109,2335 1109,2295"/>
                    <Glyph id="char_43">
                        <Coords points="1065,2295 1065,2335 1065,2335 1065,2295"/>
                        <TextEquiv conf="1.0"><Unicode>I</Unicode></TextEquiv>
                    </Glyph>
                    <Glyph id="char_44">
                        <Coords points="1084,2295 1084,2335 1084,2335 1084,2295"/>
                        <TextEquiv conf="1.0"><Unicode>R</Unicode></TextEquiv>
                    </Glyph>
                    <Glyph id="char_45">
                        <Coords points="1109,2295 1109,2335 1109,2335 1109,2295"/>
                        <TextEquiv conf="0.9998"><Unicode>.</Unicode></TextEquiv>
                    </Glyph>
                    <TextEquiv conf="0.9999"><Unicode>IR.</Unicode></TextEquiv>
                </Word>
                <Word id="segment_14">
                    <Coords points="1112,2295 1112,2335 1114,2335 1114,2295"/>
                    <Glyph id="char_46">
                        <Coords points="1112,2295 1112,2335 1114,2335 1114,2295"/>
                        <TextEquiv conf="0.9824"><Unicode> </Unicode></TextEquiv>
                    </Glyph>
                    <TextEquiv conf="0.9824"><Unicode> </Unicode></TextEquiv>
                </Word>
                <Word id="segment_15">
                    <Coords points="1123,2295 1123,2335 1139,2335 1139,2295"/>
                    <Glyph id="char_47">
                        <Coords points="1123,2295 1123,2335 1123,2335 1123,2295"/>
                        <TextEquiv conf="1.0"><Unicode>I</Unicode></TextEquiv>
                    </Glyph>
                    <Glyph id="char_48">
                        <Coords points="1136,2295 1136,2335 1139,2335 1139,2295"/>
                        <TextEquiv conf="1.0"><Unicode>N</Unicode></TextEquiv>
                    </Glyph>
                    <TextEquiv conf="1.0"><Unicode>IN</Unicode></TextEquiv>
                </Word>
                <Word id="segment_16">
                    <Coords points="1164,2295 1164,2335 1164,2335 1164,2295"/>
                    <Glyph id="char_49">
                        <Coords points="1164,2295 1164,2335 1164,2335 1164,2295"/>
                        <TextEquiv conf="1.0"><Unicode> </Unicode></TextEquiv>
                    </Glyph>
                    <TextEquiv conf="1.0"><Unicode> </Unicode></TextEquiv>
                </Word>
                <Word id="segment_17">
                    <Coords points="1172,2295 1172,2335 1343,2335 1343,2320"/>
                    <Glyph id="char_50">
                        <Coords points="1172,2295 1172,2335 1172,2335 1172,2295"/>
                        <TextEquiv conf="1.0"><Unicode>T</Unicode></TextEquiv>
                    </Glyph>
                    <Glyph id="char_51">
                        <Coords points="1194,2295 1194,2335 1194,2335 1194,2295"/>
                        <TextEquiv conf="1.0"><Unicode>O</Unicode></TextEquiv>
                    </Glyph>
                    <Glyph id="char_52">
                        <Coords points="1215,2295 1215,2335 1215,2335 1215,2295"/>
                        <TextEquiv conf="1.0"><Unicode>B</Unicode></TextEquiv>
                    </Glyph>
                    <Glyph id="char_53">
                        <Coords points="1237,2295 1237,2335 1237,2335 1237,2295"/>
                        <TextEquiv conf="0.9824"><Unicode>I</Unicode></TextEquiv>
                    </Glyph>
                    <Glyph id="char_54">
                        <Coords points="1248,2295 1248,2335 1251,2335 1251,2295"/>
                        <TextEquiv conf="0.9989"><Unicode>N</Unicode></TextEquiv>
                    </Glyph>
                    <Glyph id="char_55">
                        <Coords points="1270,2295 1270,2335 1270,2335 1270,2295"/>
                        <TextEquiv conf="0.9999"><Unicode>G</Unicode></TextEquiv>
                    </Glyph>
                    <Glyph id="char_56">
                        <Coords points="1292,2295 1292,2335 1292,2335 1292,2295"/>
                        <TextEquiv conf="0.9999"><Unicode>E</Unicode></TextEquiv>
                    </Glyph>
                    <Glyph id="char_57">
                        <Coords points="1311,2295 1311,2335 1311,2335 1311,2295"/>
                        <TextEquiv conf="0.7788"><Unicode>N</Unicode></TextEquiv>
                    </Glyph>
                    <Glyph id="char_58">
                        <Coords points="1343,2320 1343,2335 1343,2335 1343,2320"/>
                        <TextEquiv conf="0.9979"><Unicode>.</Unicode></TextEquiv>
                    </Glyph>
                    <TextEquiv conf="0.9731"><Unicode>TOBINGEN.</Unicode></TextEquiv>
                </Word>
                <TextEquiv conf="0.9798"><Unicode>DRUCK VON H. LAUPP IR. IN TOBINGEN.</Unicode></TextEquiv>
            </TextLine>
        </TextRegion>
    </Page>
</PcGts>