<?xml version="1.0" encoding="UTF-8"?>
<PcGts xmlns="http://schema.primaresearch.org/PAGE/gts/pagecontent/2019-07-15" xmlns:xsi="http://www.w3.org/2001/XMLSchema-instance" xsi:schemaLocation="http://schema.primaresearch.org/PAGE/gts/pagecontent/2019-07-15 http://schema.primaresearch.org/PAGE/gts/pagecontent/2019-07-15/pagecontent.xsd">
    <Metadata>
        <Creator>kraken 6.0.3</Creator>
        <Created>2026-01-20T01:00:46.168806+00:00</Created>
        <LastChange>2026-01-20T01:00:46.168806+00:00</LastChange>
    </Metadata>
    <Page imageFilename="/tmp/tmpe6vgtpic.png" imageWidth="2025" imageHeight="2746">
        <TextRegion id="_ad87125d-eef5-4826-a012-07538a76a531" custom="type {type:text;}">
<Coords points="985,384 1078,408 1066,474 1001,494 1591,518 1609,633 1287,651 1129,700 1123,750 1231,774 1225,864 1182,926 1054,999 976,987 952,962 969,926 848,901 811,846 816,688 749,657 433,639 427,524 451,500 975,500 988,482 958,462 958,433 985,384"/>
            <TextLine id="_c984d5a8-4743-4bbf-9023-e55783867410" custom="type {type:default;}">
                <Coords points="1048,401 1034,396 975,398 972,405 973,436 973,445 1063,443 1063,433 1059,402 1048,401"/>
                <Baseline points="973,436 1063,433"/>
                <Word id="segment_0">
                    <Coords points="992,397 993,445 1044,443 1043,399"/>
                    <Glyph id="char_0">
                        <Coords points="992,397 993,445 993,445 992,397"/>
                        <TextEquiv conf="1.0"><Unicode>D</Unicode></TextEquiv>
                    </Glyph>
                    <Glyph id="char_1">
                        <Coords points="1023,396 1024,444 1024,444 1023,396"/>
                        <TextEquiv conf="1.0"><Unicode>I</Unicode></TextEquiv>
                    </Glyph>
                    <Glyph id="char_2">
                        <Coords points="1043,399 1044,443 1044,443 1043,399"/>
                        <TextEquiv conf="1.0"><Unicode>E</Unicode></TextEquiv>
                    </Glyph>
                    <TextEquiv conf="1.0"><Unicode>DIE</Unicode></TextEquiv>
                </Word>
                <TextEquiv conf="1.0"><Unicode>DIE</Unicode></TextEquiv>
            </TextLine>

            <TextLine id="_bdcdf86c-b5d7-40bb-a363-f161813efa12" custom="type {type:default;}">
                <Coords points="1599,584 1587,535 1536,535 1518,520 1516,520 1515,520 1484,518 1483,518 1481,518 1455,529 1437,520 1435,520 1374,520 1373,520 1371,520 1370,520 1358,530 1316,520 1315,520 1313,520 1312,520 1310,520 1294,533 1214,518 1109,518 1107,518 1106,518 1104,518 1091,530 1075,518 1074,518 1072,518 1071,518 1036,524 1026,517 1025,517 1023,517 1022,517 849,520 848,520 846,520 834,530 807,518 805,518 804,518 802,518 770,530 671,517 669,517 584,520 582,520 581,520 566,530 538,520 537,520 535,520 439,521 439,611 439,628 1602,628 1603,616 1600,593 1599,584"/>
                <Baseline points="439,611 1603,616"/>
                <Word id="segment_1">
                    <Coords points="462,521 462,628 698,628 698,521"/>
                    <Glyph id="char_3">
                        <Coords points="462,521 462,628 462,628 462,521"/>
                        <TextEquiv conf="1.0"><Unicode>E</Unicode></TextEquiv>
                    </Glyph>
                    <Glyph id="char_4">
                        <Coords points="523,520 523,628 523,628 523,520"/>
                        <TextEquiv conf="1.0"><Unicode>R</Unicode></TextEquiv>
                    </Glyph>
                    <Glyph id="char_5">
                        <Coords points="576,523 576,628 576,628 576,523"/>
                        <TextEquiv conf="1.0"><Unicode>S</Unicode></TextEquiv>
                    </Glyph>
                    <Glyph id="char_6">
                        <Coords points="652,518 652,628 652,628 652,518"/>
                        <TextEquiv conf="1.0"><Unicode>T</Unicode></TextEquiv>
                    </Glyph>
                    <Glyph id="char_7">
                        <Coords points="698,521 698,628 698,628 698,521"/>
                        <TextEquiv conf="1.0"><Unicode>E</Unicode></TextEquiv>
                    </Glyph>
                    <TextEquiv conf="1.0"><Unicode>ERSTE</Unicode></TextEquiv>
                </Word>
                <Word id="segment_2">
                    <Coords points="766,530 766,628 774,628 774,528"/>
                    <Glyph id="char_8">
                        <Coords points="766,530 766,628 774,628 774,528"/>
                        <TextEquiv conf="1.0"><Unicode> </Unicode></TextEquiv>
                    </Glyph>
                    <TextEquiv conf="1.0"><Unicode> </Unicode></TextEquiv>
                </Word>
                <Word id="segment_3">
                    <Coords points="804,518 804,628 1230,628 1230,521"/>
                    <Glyph id="char_9">
                        <Coords points="804,518 804,628 804,628 804,518"/>
                        <TextEquiv conf="0.999"><Unicode>D</Unicode></TextEquiv>
                    </Glyph>
                    <Glyph id="char_10">
                        <Coords points="865,520 865,628 865,628 865,520"/>
                        <TextEquiv conf="1.0"><Unicode>E</Unicode></TextEquiv>
                    </Glyph>
                    <Glyph id="char_11">
                        <Coords points="926,519 926,628 926,628 926,519"/>
                        <TextEquiv conf="1.0"><Unicode>U</Unicode></TextEquiv>
                    </Glyph>
                    <Glyph id="char_12">
                        <Coords points="987,518 987,628 994,628 994,517"/>
                        <TextEquiv conf="1.0"><Unicode>T</Unicode></TextEquiv>
                    </Glyph>
                    <Glyph id="char_13">
                        <Coords points="1040,523 1040,628 1040,628 1040,523"/>
                        <TextEquiv conf="1.0"><Unicode>S</Unicode></TextEquiv>
                    </Glyph>
                    <Glyph id="char_14">
                        <Coords points="1101,520 1101,628 1101,628 1101,520"/>
                        <TextEquiv conf="1.0"><Unicode>C</Unicode></TextEquiv>
                    </Glyph>
                    <Glyph id="char_15">
                        <Coords points="1162,518 1162,628 1162,628 1162,518"/>
                        <TextEquiv conf="0.9942"><Unicode>H</Unicode></TextEquiv>
                    </Glyph>
                    <Glyph id="char_16">
                        <Coords points="1230,521 1230,628 1230,628 1230,521"/>
                        <TextEquiv conf="1.0"><Unicode>E</Unicode></TextEquiv>
                    </Glyph>
                    <TextEquiv conf="0.9991"><Unicode>DEUTSCHE</Unicode></TextEquiv>
                </Word>
                <Word id="segment_4">
                    <Coords points="1291,533 1291,628 1299,628 1299,529"/>
                    <Glyph id="char_17">
                        <Coords points="1291,533 1291,628 1299,628 1299,529"/>
                        <TextEquiv conf="1.0"><Unicode> </Unicode></TextEquiv>
                    </Glyph>
                    <TextEquiv conf="1.0"><Unicode> </Unicode></TextEquiv>
                </Word>
                <Word id="segment_5">
                    <Coords points="1329,523 1329,628 1602,628 1602,608"/>
                    <Glyph id="char_18">
                        <Coords points="1329,523 1329,628 1329,628 1329,523"/>
                        <TextEquiv conf="1.0"><Unicode>B</Unicode></TextEquiv>
                    </Glyph>
                    <Glyph id="char_19">
                        <Coords points="1390,520 1390,628 1390,628 1390,520"/>
                        <TextEquiv conf="0.9998"><Unicode>I</Unicode></TextEquiv>
                    </Glyph>
                    <Glyph id="char_20">
                        <Coords points="1420,520 1420,628 1420,628 1420,520"/>
                        <TextEquiv conf="1.0"><Unicode>B</Unicode></TextEquiv>
                    </Glyph>
                    <Glyph id="char_21">
                        <Coords points="1489,518 1489,628 1489,628 1489,518"/>
                        <TextEquiv conf="0.9876"><Unicode>E</Unicode></TextEquiv>
                    </Glyph>
                    <Glyph id="char_22">
                        <Coords points="1550,535 1550,628 1550,628 1550,535"/>
                        <TextEquiv conf="0.9787"><Unicode>L</Unicode></TextEquiv>
                    </Glyph>
                    <Glyph id="char_23">
                        <Coords points="1602,608 1602,628 1602,628 1602,608"/>
                        <TextEquiv conf="0.9986"><Unicode>.</Unicode></TextEquiv>
                    </Glyph>
                    <TextEquiv conf="0.9941"><Unicode>BIBEL.</Unicode></TextEquiv>
                </Word>
                <TextEquiv conf="0.998"><Unicode>ERSTE DEUTSCHE BIBEL.</Unicode></TextEquiv>
            </TextLine>

            <TextLine id="_f22e1f14-704b-4a3a-b206-0d64e1d4fee6" custom="type {type:default;}">
                <Coords points="822,817 822,832 1219,832 1219,817 1219,781 822,781 822,817"/>
                <Baseline points="822,817 1219,817"/>
                <Word id="segment_6">
                    <Coords points="843,781 843,832 1007,832 1007,781"/>
                    <Glyph id="char_24">
                        <Coords points="843,781 843,832 843,832 843,781"/>
                        <TextEquiv conf="1.0"><Unicode>E</Unicode></TextEquiv>
                    </Glyph>
                    <Glyph id="char_25">
                        <Coords points="874,781 874,832 874,832 874,781"/>
                        <TextEquiv conf="1.0"><Unicode>R</Unicode></TextEquiv>
                    </Glyph>
                    <Glyph id="char_26">
                        <Coords points="909,781 909,832 909,832 909,781"/>
                        <TextEquiv conf="1.0"><Unicode>S</Unicode></TextEquiv>
                    </Glyph>
                    <Glyph id="char_27">
                        <Coords points="941,781 941,832 944,832 944,781"/>
                        <TextEquiv conf="1.0"><Unicode>T</Unicode></TextEquiv>
                    </Glyph>
                    <Glyph id="char_28">
                        <Coords points="976,781 976,832 976,832 976,781"/>
                        <TextEquiv conf="1.0"><Unicode>E</Unicode></TextEquiv>
                    </Glyph>
                    <Glyph id="char_29">
                        <Coords points="1007,781 1007,832 1007,832 1007,781"/>
                        <TextEquiv conf="1.0"><Unicode>R</Unicode></TextEquiv>
                    </Glyph>
                    <TextEquiv conf="1.0"><Unicode>ERSTER</Unicode></TextEquiv>
                </Word>
                <Word id="segment_7">
                    <Coords points="1052,781 1052,832 1056,832 1056,781"/>
                    <Glyph id="char_30">
                        <Coords points="1052,781 1052,832 1056,832 1056,781"/>
                        <TextEquiv conf="1.0"><Unicode> </Unicode></TextEquiv>
                    </Glyph>
                    <TextEquiv conf="1.0"><Unicode> </Unicode></TextEquiv>
                </Word>
                <Word id="segment_8">
                    <Coords points="1070,781 1070,832 1185,832 1185,781"/>
                    <Glyph id="char_31">
                        <Coords points="1070,781 1070,832 1070,832 1070,781"/>
                        <TextEquiv conf="0.9984"><Unicode>B</Unicode></TextEquiv>
                    </Glyph>
                    <Glyph id="char_32">
                        <Coords points="1108,781 1108,832 1108,832 1108,781"/>
                        <TextEquiv conf="1.0"><Unicode>A</Unicode></TextEquiv>
                    </Glyph>
                    <Glyph id="char_33">
                        <Coords points="1143,781 1143,832 1143,832 1143,781"/>
                        <TextEquiv conf="1.0"><Unicode>N</Unicode></TextEquiv>
                    </Glyph>
                    <Glyph id="char_34">
                        <Coords points="1185,781 1185,832 1185,832 1185,781"/>
                        <TextEquiv conf="0.9212"><Unicode>D</Unicode></TextEquiv>
                    </Glyph>
                    <TextEquiv conf="0.9799"><Unicode>BAND</Unicode></TextEquiv>
                </Word>
                <TextEquiv conf="0.9927"><Unicode>ERSTER BAND</Unicode></TextEquiv>
            </TextLine>

            <TextLine id="_b33f63a4-af7b-4dcd-81bb-26b7e9a5f075" custom="type {type:default;}">
                <Coords points="875,884 875,897 1161,895 1162,881 1159,846 900,840 898,840 897,840 874,848 875,884"/>
                <Baseline points="875,884 1162,881"/>
                <Word id="segment_9">
                    <Coords points="894,841 894,897 1151,895 1151,846"/>
                    <Glyph id="char_35">
                        <Coords points="894,841 894,897 894,897 894,841"/>
                        <TextEquiv conf="1.0"><Unicode>(</Unicode></TextEquiv>
                    </Glyph>
                    <Glyph id="char_36">
                        <Coords points="910,840 910,897 910,897 910,840"/>
                        <TextEquiv conf="1.0"><Unicode>E</Unicode></TextEquiv>
                    </Glyph>
                    <Glyph id="char_37">
                        <Coords points="937,841 937,897 937,897 937,841"/>
                        <TextEquiv conf="1.0"><Unicode>V</Unicode></TextEquiv>
                    </Glyph>
                    <Glyph id="char_38">
                        <Coords points="961,841 961,896 961,896 961,841"/>
                        <TextEquiv conf="1.0"><Unicode>A</Unicode></TextEquiv>
                    </Glyph>
                    <Glyph id="char_39">
                        <Coords points="984,842 984,896 984,896 984,842"/>
                        <TextEquiv conf="1.0"><Unicode>N</Unicode></TextEquiv>
                    </Glyph>
                    <Glyph id="char_40">
                        <Coords points="1038,843 1038,896 1038,896 1038,843"/>
                        <TextEquiv conf="1.0"><Unicode>E</Unicode></TextEquiv>
                    </Glyph>
                    <Glyph id="char_41">
                        <Coords points="1062,844 1062,896 1062,896 1062,844"/>
                        <TextEquiv conf="1.0"><Unicode>L</Unicode></TextEquiv>
                    </Glyph>
                    <Glyph id="char_42">
                        <Coords points="1085,844 1085,896 1085,896 1085,844"/>
                        <TextEquiv conf="0.9996"><Unicode>I</Unicode></TextEquiv>
                    </Glyph>
                    <Glyph id="char_43">
                        <Coords points="1101,845 1101,895 1101,895 1101,845"/>
                        <TextEquiv conf="1.0"><Unicode>E</Unicode></TextEquiv>
                    </Glyph>
                    <Glyph id="char_44">
                        <Coords points="1124,845 1124,895 1124,895 1124,845"/>
                        <TextEquiv conf="0.9999"><Unicode>N</Unicode></TextEquiv>
                    </Glyph>
                    <Glyph id="char_45">
                        <Coords points="1151,846 1151,895 1151,895 1151,846"/>
                        <TextEquiv conf="0.9698"><Unicode>)</Unicode></TextEquiv>
                    </Glyph>
                    <TextEquiv conf="0.9972"><Unicode>(EVANELIEN)</Unicode></TextEquiv>
                </Word>
                <TextEquiv conf="0.9972"><Unicode>(EVANELIEN)</Unicode></TextEquiv>
            </TextLine>
        </TextRegion>
        <TextRegion id="_a4f6c408-16ea-4f56-9a8d-c40dd1bfccd3" custom="type {type:text;}">
<Coords points="985,1031 1200,1037 1225,1090 1176,1115 811,1096 817,1043 985,1031"/>
            <TextLine id="_394070e6-d96a-4781-906f-8e1da818103c" custom="type {type:default;}">
                <Coords points="1214,1072 1204,1049 817,1049 817,1084 817,1101 1217,1101 1217,1084 1214,1072 1214,1072"/>
                <Baseline points="817,1084 1217,1084"/>
                <Word id="segment_10">
                    <Coords points="835,1049 835,1101 1190,1101 1190,1049"/>
                    <Glyph id="char_46">
                        <Coords points="835,1049 835,1101 835,1101 835,1049"/>
                        <TextEquiv conf="1.0"><Unicode>H</Unicode></TextEquiv>
                    </Glyph>
                    <Glyph id="char_47">
                        <Coords points="870,1049 870,1101 870,1101 870,1049"/>
                        <TextEquiv conf="1.0"><Unicode>E</Unicode></TextEquiv>
                    </Glyph>
                    <Glyph id="char_48">
                        <Coords points="899,1049 899,1101 899,1101 899,1049"/>
                        <TextEquiv conf="1.0"><Unicode>R</Unicode></TextEquiv>
                    </Glyph>
                    <Glyph id="char_49">
                        <Coords points="931,1049 931,1101 931,1101 931,1049"/>
                        <TextEquiv conf="1.0"><Unicode>A</Unicode></TextEquiv>
                    </Glyph>
                    <Glyph id="char_50">
                        <Coords points="959,1049 959,1101 959,1101 959,1049"/>
                        <TextEquiv conf="1.0"><Unicode>U</Unicode></TextEquiv>
                    </Glyph>
                    <Glyph id="char_51">
                        <Coords points="987,1049 987,1101 987,1101 987,1049"/>
                        <TextEquiv conf="1.0"><Unicode>S</Unicode></TextEquiv>
                    </Glyph>
                    <Glyph id="char_52">
                        <Coords points="1012,1049 1012,1101 1012,1101 1012,1049"/>
                        <TextEquiv conf="1.0"><Unicode>G</Unicode></TextEquiv>
                    </Glyph>
                    <Glyph id="char_53">
                        <Coords points="1044,1049 1044,1101 1044,1101 1044,1049"/>
                        <TextEquiv conf="1.0"><Unicode>E</Unicode></TextEquiv>
                    </Glyph>
                    <Glyph id="char_54">
                        <Coords points="1072,1049 1072,1101 1072,1101 1072,1049"/>
                        <TextEquiv conf="1.0"><Unicode>G</Unicode></TextEquiv>
                    </Glyph>
                    <Glyph id="char_55">
                        <Coords points="1101,1049 1101,1101 1101,1101 1101,1049"/>
                        <TextEquiv conf="1.0"><Unicode>E</Unicode></TextEquiv>
                    </Glyph>
                    <Glyph id="char_56">
                        <Coords points="1133,1049 1133,1101 1133,1101 1133,1049"/>
                        <TextEquiv conf="1.0"><Unicode>B</Unicode></TextEquiv>
                    </Glyph>
                    <Glyph id="char_57">
                        <Coords points="1161,1049 1161,1101 1161,1101 1161,1049"/>
                        <TextEquiv conf="1.0"><Unicode>E</Unicode></TextEquiv>
                    </Glyph>
                    <Glyph id="char_58">
                        <Coords points="1190,1049 1190,1101 1190,1101 1190,1049"/>
                        <TextEquiv conf="1.0"><Unicode>N</Unicode></TextEquiv>
                    </Glyph>
                    <TextEquiv conf="1.0"><Unicode>HERAUSGEGEBEN</Unicode></TextEquiv>
                </Word>
                <TextEquiv conf="1.0"><Unicode>HERAUSGEGEBEN</Unicode></TextEquiv>
            </TextLine>
        </TextRegion>
        <TextRegion id="_3e9f95c6-e19d-4d1d-956f-fa135d4b0197" custom="type {type:text;}">
<Coords points="999,1232 1072,1250 1066,1310 1001,1322 964,1304 964,1257 999,1232"/>
            <TextLine id="_e1d0a8ae-9221-43d5-b570-df665131cd68" custom="type {type:default;}">
                <Coords points="1063,1257 972,1257 972,1287 972,1298 1066,1298 1066,1287 1066,1278 1063,1257"/>
                <Baseline points="972,1287 1066,1287"/>
                <Word id="segment_11">
                    <Coords points="989,1257 989,1298 1041,1298 1041,1257"/>
                    <Glyph id="char_59">
                        <Coords points="989,1257 989,1298 989,1298 989,1257"/>
                        <TextEquiv conf="1.0"><Unicode>V</Unicode></TextEquiv>
                    </Glyph>
                    <Glyph id="char_60">
                        <Coords points="1012,1257 1012,1298 1012,1298 1012,1257"/>
                        <TextEquiv conf="1.0"><Unicode>O</Unicode></TextEquiv>
                    </Glyph>
                    <Glyph id="char_61">
                        <Coords points="1041,1257 1041,1298 1041,1298 1041,1257"/>
                        <TextEquiv conf="1.0"><Unicode>N</Unicode></TextEquiv>
                    </Glyph>
                    <TextEquiv conf="1.0"><Unicode>VON</Unicode></TextEquiv>
                </Word>
                <TextEquiv conf="1.0"><Unicode>VON</Unicode></TextEquiv>
            </TextLine>
        </TextRegion>
        <TextRegion id="_321fe9e2-9edc-4b2b-8450-c365a5628b39" custom="type {type:text;}">
<Coords points="804,1446 1231,1452 1255,1470 1255,1511 1225,1530 805,1530 787,1511 804,1446"/>
            <TextLine id="_181ac69b-39c3-4f0e-a41e-2fb38ff882a9" custom="type {type:default;}">
                <Coords points="1243,1461 801,1461 798,1467 798,1504 798,1517 1248,1517 1248,1504 1248,1466 1243,1461"/>
                <Baseline points="798,1504 1248,1504"/>
                <Word id="segment_12">
                    <Coords points="817,1461 817,1517 874,1517 874,1461"/>
                    <Glyph id="char_62">
                        <Coords points="817,1461 817,1517 817,1517 817,1461"/>
                        <TextEquiv conf="1.0"><Unicode>W</Unicode></TextEquiv>
                    </Glyph>
                    <Glyph id="char_63">
                        <Coords points="874,1461 874,1517 874,1517 874,1461"/>
                        <TextEquiv conf="1.0"><Unicode>.</Unicode></TextEquiv>
                    </Glyph>
                    <TextEquiv conf="1.0"><Unicode>W.</Unicode></TextEquiv>
                </Word>
                <Word id="segment_13">
                    <Coords points="878,1461 878,1517 882,1517 882,1461"/>
                    <Glyph id="char_64">
                        <Coords points="878,1461 878,1517 882,1517 882,1461"/>
                        <TextEquiv conf="1.0"><Unicode> </Unicode></TextEquiv>
                    </Glyph>
                    <TextEquiv conf="1.0"><Unicode> </Unicode></TextEquiv>
                </Word>
                <Word id="segment_14">
                    <Coords points="897,1461 897,1517 1248,1517 1248,1504"/>
                    <Glyph id="char_65">
                        <Coords points="897,1461 897,1517 897,1517 897,1461"/>
                        <TextEquiv conf="1.0"><Unicode>K</Unicode></TextEquiv>
                    </Glyph>
                    <Glyph id="char_66">
                        <Coords points="932,1461 932,1517 932,1517 932,1461"/>
                        <TextEquiv conf="1.0"><Unicode>U</Unicode></TextEquiv>
                    </Glyph>
                    <Glyph id="char_67">
                        <Coords points="962,1461 962,1517 962,1517 962,1461"/>
                        <TextEquiv conf="1.0"><Unicode>R</Unicode></TextEquiv>
                    </Glyph>
                    <Glyph id="char_68">
                        <Coords points="993,1461 993,1517 993,1517 993,1461"/>
                        <TextEquiv conf="1.0"><Unicode>R</Unicode></TextEquiv>
                    </Glyph>
                    <Glyph id="char_69">
                        <Coords points="1024,1461 1024,1517 1024,1517 1024,1461"/>
                        <TextEquiv conf="1.0"><Unicode>E</Unicode></TextEquiv>
                    </Glyph>
                    <Glyph id="char_70">
                        <Coords points="1054,1461 1054,1517 1054,1517 1054,1461"/>
                        <TextEquiv conf="1.0"><Unicode>L</Unicode></TextEquiv>
                    </Glyph>
                    <Glyph id="char_71">
                        <Coords points="1081,1461 1081,1517 1081,1517 1081,1461"/>
                        <TextEquiv conf="1.0"><Unicode>M</Unicode></TextEquiv>
                    </Glyph>
                    <Glyph id="char_72">
                        <Coords points="1119,1461 1119,1517 1119,1517 1119,1461"/>
                        <TextEquiv conf="0.9997"><Unicode>E</Unicode></TextEquiv>
                    </Glyph>
                    <Glyph id="char_73">
                        <Coords points="1153,1461 1153,1517 1153,1517 1153,1461"/>
                        <TextEquiv conf="1.0"><Unicode>Y</Unicode></TextEquiv>
                    </Glyph>
                    <Glyph id="char_74">
                        <Coords points="1184,1461 1184,1517 1184,1517 1184,1461"/>
                        <TextEquiv conf="1.0"><Unicode>E</Unicode></TextEquiv>
                    </Glyph>
                    <Glyph id="char_75">
                        <Coords points="1211,1461 1211,1517 1211,1517 1211,1461"/>
                        <TextEquiv conf="1.0"><Unicode>R</Unicode></TextEquiv>
                    </Glyph>
                    <Glyph id="char_76">
                        <Coords points="1248,1504 1248,1517 1248,1517 1248,1504"/>
                        <TextEquiv conf="0.8979"><Unicode>.</Unicode></TextEquiv>
                    </Glyph>
                    <TextEquiv conf="0.9915"><Unicode>KURRELMEYER.</Unicode></TextEquiv>
                </Word>
                <TextEquiv conf="0.9932"><Unicode>W. KURRELMEYER.</Unicode></TextEquiv>
            </TextLine>
        </TextRegion>
        <TextRegion id="_9a6d9f65-6195-401b-9d48-cfc6b52ae1a9" custom="type {type:text;}">
<Coords points="430,2282 1603,2282 1609,2317 1579,2335 1233,2347 1164,2390 848,2390 767,2347 421,2329 430,2282"/>
            <TextLine id="_3d8dcf52-f5cd-4820-8a14-ad6f0a4d279d" custom="type {type:default;}">
                <Coords points="1596,2282 1580,2282 1565,2282 1550,2282 1535,2282 1519,2282 1504,2282 1489,2282 1474,2282 1458,2282 1443,2282 1428,2282 1413,2282 1397,2282 1382,2282 1367,2282 1352,2282 1336,2282 1321,2282 1306,2282 1290,2282 1275,2282 1260,2282 1245,2282 1229,2282 1214,2282 1199,2282 1184,2282 1168,2282 1153,2282 1138,2282 1123,2282 1107,2282 1092,2282 1077,2282 1062,2282 1046,2282 1031,2282 1016,2282 1001,2282 985,2282 970,2282 955,2282 940,2282 924,2282 909,2282 894,2282 878,2282 863,2282 848,2282 833,2282 817,2282 816,2282 433,2283 424,2297 422,2315 422,2327 1602,2320 1603,2305 1600,2295 1596,2282"/>
                <Baseline points="422,2315 1603,2305"/>
                <Word id="segment_15">
                    <Coords points="438,2283 438,2327 620,2326 620,2283"/>
                    <Glyph id="char_77">
                        <Coords points="438,2283 438,2327 438,2327 438,2283"/>
                        <TextEquiv conf="1.0"><Unicode>G</Unicode></TextEquiv>
                    </Glyph>
                    <Glyph id="char_78">
                        <Coords points="464,2283 464,2327 464,2327 464,2283"/>
                        <TextEquiv conf="1.0"><Unicode>E</Unicode></TextEquiv>
                    </Glyph>
                    <Glyph id="char_79">
                        <Coords points="489,2283 489,2327 489,2327 489,2283"/>
                        <TextEquiv conf="1.0"><Unicode>D</Unicode></TextEquiv>
                    </Glyph>
                    <Glyph id="char_80">
                        <Coords points="515,2283 515,2326 515,2326 515,2283"/>
                        <TextEquiv conf="1.0"><Unicode>R</Unicode></TextEquiv>
                    </Glyph>
                    <Glyph id="char_81">
                        <Coords points="544,2283 544,2326 544,2326 544,2283"/>
                        <TextEquiv conf="1.0"><Unicode>U</Unicode></TextEquiv>
                    </Glyph>
                    <Glyph id="char_82">
                        <Coords points="569,2283 569,2326 569,2326 569,2283"/>
                        <TextEquiv conf="1.0"><Unicode>C</Unicode></TextEquiv>
                    </Glyph>
                    <Glyph id="char_83">
                        <Coords points="592,2283 592,2326 592,2326 592,2283"/>
                        <TextEquiv conf="1.0"><Unicode>K</Unicode></TextEquiv>
                    </Glyph>
                    <Glyph id="char_84">
                        <Coords points="617,2283 617,2326 620,2326 620,2283"/>
                        <TextEquiv conf="1.0"><Unicode>T</Unicode></TextEquiv>
                    </Glyph>
                    <TextEquiv conf="1.0"><Unicode>GEDRUCKT</Unicode></TextEquiv>
                </Word>
                <Word id="segment_16">
                    <Coords points="646,2282 646,2326 649,2326 649,2282"/>
                    <Glyph id="char_85">
                        <Coords points="646,2282 646,2326 649,2326 649,2282"/>
                        <TextEquiv conf="1.0"><Unicode> </Unicode></TextEquiv>
                    </Glyph>
                    <TextEquiv conf="1.0"><Unicode> </Unicode></TextEquiv>
                </Word>
                <Word id="segment_17">
                    <Coords points="659,2282 659,2326 710,2325 710,2282"/>
                    <Glyph id="char_86">
                        <Coords points="659,2282 659,2326 659,2326 659,2282"/>
                        <TextEquiv conf="1.0"><Unicode>F</Unicode></TextEquiv>
                    </Glyph>
                    <Glyph id="char_87">
                        <Coords points="684,2282 684,2325 684,2325 684,2282"/>
                        <TextEquiv conf="1.0"><Unicode>Ü</Unicode></TextEquiv>
                    </Glyph>
                    <Glyph id="char_88">
                        <Coords points="710,2282 710,2325 710,2325 710,2282"/>
                        <TextEquiv conf="1.0"><Unicode>R</Unicode></TextEquiv>
                    </Glyph>
                    <TextEquiv conf="1.0"><Unicode>FÜR</Unicode></TextEquiv>
                </Word>
                <Word id="segment_18">
                    <Coords points="739,2282 739,2325 742,2325 742,2282"/>
                    <Glyph id="char_89">
                        <Coords points="739,2282 739,2325 742,2325 742,2282"/>
                        <TextEquiv conf="1.0"><Unicode> </Unicode></TextEquiv>
                    </Glyph>
                    <TextEquiv conf="1.0"><Unicode> </Unicode></TextEquiv>
                </Word>
                <Word id="segment_19">
                    <Coords points="752,2282 752,2325 803,2325 803,2282"/>
                    <Glyph id="char_90">
                        <Coords points="752,2282 752,2325 752,2325 752,2282"/>
                        <TextEquiv conf="1.0"><Unicode>D</Unicode></TextEquiv>
                    </Glyph>
                    <Glyph id="char_91">
                        <Coords points="777,2282 777,2325 777,2325 777,2282"/>
                        <TextEquiv conf="1.0"><Unicode>E</Unicode></TextEquiv>
                    </Glyph>
                    <Glyph id="char_92">
                        <Coords points="803,2282 803,2325 803,2325 803,2282"/>
                        <TextEquiv conf="1.0"><Unicode>N</Unicode></TextEquiv>
                    </Glyph>
                    <TextEquiv conf="1.0"><Unicode>DEN</Unicode></TextEquiv>
                </Word>
                <Word id="segment_20">
                    <Coords points="828,2282 828,2325 832,2325 832,2282"/>
                    <Glyph id="char_93">
                        <Coords points="828,2282 828,2325 832,2325 832,2282"/>
                        <TextEquiv conf="0.9996"><Unicode> </Unicode></TextEquiv>
                    </Glyph>
                    <TextEquiv conf="0.9996"><Unicode> </Unicode></TextEquiv>
                </Word>
                <Word id="segment_21">
                    <Coords points="844,2282 844,2324 1136,2323 1136,2282"/>
                    <Glyph id="char_94">
                        <Coords points="844,2282 844,2324 844,2324 844,2282"/>
                        <TextEquiv conf="1.0"><Unicode>L</Unicode></TextEquiv>
                    </Glyph>
                    <Glyph id="char_95">
                        <Coords points="864,2282 864,2324 864,2324 864,2282"/>
                        <TextEquiv conf="1.0"><Unicode>I</Unicode></TextEquiv>
                    </Glyph>
                    <Glyph id="char_96">
                        <Coords points="883,2282 883,2324 883,2324 883,2282"/>
                        <TextEquiv conf="1.0"><Unicode>T</Unicode></TextEquiv>
                    </Glyph>
                    <Glyph id="char_97">
                        <Coords points="908,2282 908,2324 908,2324 908,2282"/>
                        <TextEquiv conf="1.0"><Unicode>T</Unicode></TextEquiv>
                    </Glyph>
                    <Glyph id="char_98">
                        <Coords points="931,2282 931,2324 931,2324 931,2282"/>
                        <TextEquiv conf="1.0"><Unicode>E</Unicode></TextEquiv>
                    </Glyph>
                    <Glyph id="char_99">
                        <Coords points="953,2282 953,2324 953,2324 953,2282"/>
                        <TextEquiv conf="1.0"><Unicode>R</Unicode></TextEquiv>
                    </Glyph>
                    <Glyph id="char_100">
                        <Coords points="979,2282 979,2324 979,2324 979,2282"/>
                        <TextEquiv conf="1.0"><Unicode>A</Unicode></TextEquiv>
                    </Glyph>
                    <Glyph id="char_101">
                        <Coords points="1004,2282 1004,2324 1004,2324 1004,2282"/>
                        <TextEquiv conf="0.9916"><Unicode>R</Unicode></TextEquiv>
                    </Glyph>
                    <Glyph id="char_102">
                        <Coords points="1030,2282 1030,2323 1030,2323 1030,2282"/>
                        <TextEquiv conf="1.0"><Unicode>I</Unicode></TextEquiv>
                    </Glyph>
                    <Glyph id="char_103">
                        <Coords points="1040,2282 1040,2323 1040,2323 1040,2282"/>
                        <TextEquiv conf="1.0"><Unicode>S</Unicode></TextEquiv>
                    </Glyph>
                    <Glyph id="char_104">
                        <Coords points="1062,2282 1062,2323 1062,2323 1062,2282"/>
                        <TextEquiv conf="1.0"><Unicode>C</Unicode></TextEquiv>
                    </Glyph>
                    <Glyph id="char_105">
                        <Coords points="1088,2282 1088,2323 1088,2323 1088,2282"/>
                        <TextEquiv conf="1.0"><Unicode>H</Unicode></TextEquiv>
                    </Glyph>
                    <Glyph id="char_106">
                        <Coords points="1113,2282 1113,2323 1113,2323 1113,2282"/>
                        <TextEquiv conf="1.0"><Unicode>E</Unicode></TextEquiv>
                    </Glyph>
                    <Glyph id="char_107">
                        <Coords points="1136,2282 1136,2323 1136,2323 1136,2282"/>
                        <TextEquiv conf="1.0"><Unicode>N</Unicode></TextEquiv>
                    </Glyph>
                    <TextEquiv conf="0.9994"><Unicode>LITTERARISCHEN</Unicode></TextEquiv>
                </Word>
                <Word id="segment_22">
                    <Coords points="1165,2282 1165,2323 1168,2323 1168,2282"/>
                    <Glyph id="char_108">
                        <Coords points="1165,2282 1165,2323 1168,2323 1168,2282"/>
                        <TextEquiv conf="1.0"><Unicode> </Unicode></TextEquiv>
                    </Glyph>
                    <TextEquiv conf="1.0"><Unicode> </Unicode></TextEquiv>
                </Word>
                <Word id="segment_23">
                    <Coords points="1177,2282 1177,2323 1286,2322 1286,2282"/>
                    <Glyph id="char_109">
                        <Coords points="1177,2282 1177,2323 1177,2323 1177,2282"/>
                        <TextEquiv conf="0.9907"><Unicode>V</Unicode></TextEquiv>
                    </Glyph>
                    <Glyph id="char_110">
                        <Coords points="1203,2282 1203,2322 1203,2322 1203,2282"/>
                        <TextEquiv conf="1.0"><Unicode>E</Unicode></TextEquiv>
                    </Glyph>
                    <Glyph id="char_111">
                        <Coords points="1225,2282 1225,2322 1225,2322 1225,2282"/>
                        <TextEquiv conf="1.0"><Unicode>R</Unicode></TextEquiv>
                    </Glyph>
                    <Glyph id="char_112">
                        <Coords points="1251,2282 1251,2322 1251,2322 1251,2282"/>
                        <TextEquiv conf="1.0"><Unicode>E</Unicode></TextEquiv>
                    </Glyph>
                    <Glyph id="char_113">
                        <Coords points="1273,2282 1273,2322 1273,2322 1273,2282"/>
                        <TextEquiv conf="1.0"><Unicode>I</Unicode></TextEquiv>
                    </Glyph>
                    <Glyph id="char_114">
                        <Coords points="1286,2282 1286,2322 1286,2322 1286,2282"/>
                        <TextEquiv conf="1.0"><Unicode>N</Unicode></TextEquiv>
                    </Glyph>
                    <TextEquiv conf="0.9984"><Unicode>VEREIN</Unicode></TextEquiv>
                </Word>
                <Word id="segment_24">
                    <Coords points="1315,2282 1315,2322 1315,2322 1315,2282"/>
                    <Glyph id="char_115">
                        <Coords points="1315,2282 1315,2322 1315,2322 1315,2282"/>
                        <TextEquiv conf="1.0"><Unicode> </Unicode></TextEquiv>
                    </Glyph>
                    <TextEquiv conf="1.0"><Unicode> </Unicode></TextEquiv>
                </Word>
                <Word id="segment_25">
                    <Coords points="1325,2282 1325,2322 1337,2322 1337,2282"/>
                    <Glyph id="char_116">
                        <Coords points="1325,2282 1325,2322 1325,2322 1325,2282"/>
                        <TextEquiv conf="1.0"><Unicode>I</Unicode></TextEquiv>
                    </Glyph>
                    <Glyph id="char_117">
                        <Coords points="1337,2282 1337,2322 1337,2322 1337,2282"/>
                        <TextEquiv conf="1.0"><Unicode>N</Unicode></TextEquiv>
                    </Glyph>
                    <TextEquiv conf="1.0"><Unicode>IN</Unicode></TextEquiv>
                </Word>
                <Word id="segment_26">
                    <Coords points="1366,2282 1366,2321 1366,2321 1366,2282"/>
                    <Glyph id="char_118">
                        <Coords points="1366,2282 1366,2321 1366,2321 1366,2282"/>
                        <TextEquiv conf="1.0"><Unicode> </Unicode></TextEquiv>
                    </Glyph>
                    <TextEquiv conf="1.0"><Unicode> </Unicode></TextEquiv>
                </Word>
                <Word id="segment_27">
                    <Coords points="1376,2282 1376,2321 1584,2320 1584,2282"/>
                    <Glyph id="char_119">
                        <Coords points="1376,2282 1376,2321 1376,2321 1376,2282"/>
                        <TextEquiv conf="1.0"><Unicode>S</Unicode></TextEquiv>
                    </Glyph>
                    <Glyph id="char_120">
                        <Coords points="1401,2282 1401,2321 1401,2321 1401,2282"/>
                        <TextEquiv conf="1.0"><Unicode>T</Unicode></TextEquiv>
                    </Glyph>
                    <Glyph id="char_121">
                        <Coords points="1424,2282 1424,2321 1424,2321 1424,2282"/>
                        <TextEquiv conf="0.9998"><Unicode>U</Unicode></TextEquiv>
                    </Glyph>
                    <Glyph id="char_122">
                        <Coords points="1449,2282 1449,2321 1453,2321 1453,2282"/>
                        <TextEquiv conf="0.9807"><Unicode>T</Unicode></TextEquiv>
                    </Glyph>
                    <Glyph id="char_123">
                        <Coords points="1478,2282 1478,2321 1478,2321 1478,2282"/>
                        <TextEquiv conf="1.0"><Unicode>T</Unicode></TextEquiv>
                    </Glyph>
                    <Glyph id="char_124">
                        <Coords points="1497,2282 1497,2321 1497,2321 1497,2282"/>
                        <TextEquiv conf="0.9995"><Unicode>G</Unicode></TextEquiv>
                    </Glyph>
                    <Glyph id="char_125">
                        <Coords points="1529,2282 1529,2320 1529,2320 1529,2282"/>
                        <TextEquiv conf="1.0"><Unicode>A</Unicode></TextEquiv>
                    </Glyph>
                    <Glyph id="char_126">
                        <Coords points="1555,2282 1555,2320 1555,2320 1555,2282"/>
                        <TextEquiv conf="1.0"><Unicode>R</Unicode></TextEquiv>
                    </Glyph>
                    <Glyph id="char_127">
                        <Coords points="1584,2282 1584,2320 1584,2320 1584,2282"/>
                        <TextEquiv conf="0.9911"><Unicode>T</Unicode></TextEquiv>
                    </Glyph>
                    <TextEquiv conf="0.9968"><Unicode>STUTTGART</Unicode></TextEquiv>
                </Word>
                <TextEquiv conf="0.9991"><Unicode>GEDRUCKT FÜR DEN LITTERARISCHEN VEREIN IN STUTTGART</Unicode></TextEquiv>
            </TextLine>

            <TextLine id="_02763001-6f0b-4fe7-88aa-c75e54b75178" custom="type {type:default;}">
                <Coords points="842,2367 842,2378 1182,2376 1184,2364 1181,2337 1074,2329 1072,2329 933,2337 877,2329 875,2329 874,2329 840,2338 842,2367"/>
                <Baseline points="842,2367 1184,2364"/>
                <Word id="segment_28">
                    <Coords points="855,2334 855,2378 1069,2377 1069,2329"/>
                    <Glyph id="char_128">
                        <Coords points="855,2334 855,2378 855,2378 855,2334"/>
                        <TextEquiv conf="0.9671"><Unicode>T</Unicode></TextEquiv>
                    </Glyph>
                    <Glyph id="char_129">
                        <Coords points="889,2331 889,2378 889,2378 889,2331"/>
                        <TextEquiv conf="1.0"><Unicode>Ü</Unicode></TextEquiv>
                    </Glyph>
                    <Glyph id="char_130">
                        <Coords points="922,2335 922,2378 922,2378 922,2335"/>
                        <TextEquiv conf="1.0"><Unicode>E</Unicode></TextEquiv>
                    </Glyph>
                    <Glyph id="char_131">
                        <Coords points="952,2336 952,2377 952,2377 952,2336"/>
                        <TextEquiv conf="1.0"><Unicode>I</Unicode></TextEquiv>
                    </Glyph>
                    <Glyph id="char_132">
                        <Coords points="976,2335 976,2377 976,2377 976,2335"/>
                        <TextEquiv conf="1.0"><Unicode>N</Unicode></TextEquiv>
                    </Glyph>
                    <Glyph id="char_133">
                        <Coords points="1006,2333 1006,2377 1006,2377 1006,2333"/>
                        <TextEquiv conf="1.0"><Unicode>G</Unicode></TextEquiv>
                    </Glyph>
                    <Glyph id="char_134">
                        <Coords points="1039,2331 1039,2377 1039,2377 1039,2331"/>
                        <TextEquiv conf="1.0"><Unicode>E</Unicode></TextEquiv>
                    </Glyph>
                    <Glyph id="char_135">
                        <Coords points="1069,2329 1069,2377 1069,2377 1069,2329"/>
                        <TextEquiv conf="0.9961"><Unicode>N</Unicode></TextEquiv>
                    </Glyph>
                    <TextEquiv conf="0.9954"><Unicode>TÜEINGEN</Unicode></TextEquiv>
                </Word>
                <Word id="segment_29">
                    <Coords points="1096,2331 1096,2377 1099,2376 1099,2331"/>
                    <Glyph id="char_136">
                        <Coords points="1096,2331 1096,2377 1099,2376 1099,2331"/>
                        <TextEquiv conf="1.0"><Unicode> </Unicode></TextEquiv>
                    </Glyph>
                    <TextEquiv conf="1.0"><Unicode> </Unicode></TextEquiv>
                </Word>
                <Word id="segment_30">
                    <Coords points="1109,2332 1109,2376 1184,2364 1184,2364"/>
                    <Glyph id="char_137">
                        <Coords points="1109,2332 1109,2376 1109,2376 1109,2332"/>
                        <TextEquiv conf="0.9998"><Unicode>1</Unicode></TextEquiv>
                    </Glyph>
                    <Glyph id="char_138">
                        <Coords points="1123,2333 1123,2376 1123,2376 1123,2333"/>
                        <TextEquiv conf="0.9999"><Unicode>9</Unicode></TextEquiv>
                    </Glyph>
                    <Glyph id="char_139">
                        <Coords points="1139,2334 1139,2376 1139,2376 1139,2334"/>
                        <TextEquiv conf="0.8463"><Unicode>0</Unicode></TextEquiv>
                    </Glyph>
                    <Glyph id="char_140">
                        <Coords points="1159,2335 1159,2376 1159,2376 1159,2335"/>
                        <TextEquiv conf="0.9758"><Unicode>4</Unicode></TextEquiv>
                    </Glyph>
                    <Glyph id="char_141">
                        <Coords points="1184,2364 1184,2364 1184,2364 1184,2364"/>
                        <TextEquiv conf="0.7"><Unicode>.</Unicode></TextEquiv>
                    </Glyph>
                    <TextEquiv conf="0.9044"><Unicode>1904.</Unicode></TextEquiv>
                </Word>
                <TextEquiv conf="0.9632"><Unicode>TÜEINGEN 1904.</Unicode></TextEquiv>
            </TextLine>
        </TextRegion>
    </Page>
</PcGts>