<?xml version="1.0" encoding="UTF-8"?>
<PcGts xmlns="http://schema.primaresearch.org/PAGE/gts/pagecontent/2019-07-15" xmlns:xsi="http://www.w3.org/2001/XMLSchema-instance" xsi:schemaLocation="http://schema.primaresearch.org/PAGE/gts/pagecontent/2019-07-15 http://schema.primaresearch.org/PAGE/gts/pagecontent/2019-07-15/pagecontent.xsd">
    <Metadata>
        <Creator>kraken 6.0.3</Creator>
        <Created>2026-01-20T00:58:46.934003+00:00</Created>
        <LastChange>2026-01-20T00:58:46.934003+00:00</LastChange>
    </Metadata>
    <Page imageFilename="/tmp/tmp3ew5giod.png" imageWidth="2025" imageHeight="2746">
        <TextRegion id="_af5d76a6-79cd-4e47-a07d-c96c5485b3f9" custom="type {type:text;}">
<Coords points="581,250 785,256 840,279 804,303 518,291 543,256 581,250"/>
            <TextLine id="_4270a08b-bde5-42b7-85fe-182fa085e90c" custom="type {type:default;}">
                <Coords points="810,266 795,260 541,260 535,265 520,283 520,288 520,297 819,297 819,288 819,270 810,266"/>
                <Baseline points="520,288 819,288"/>
                <Word id="segment_0">
                    <Coords points="538,262 538,297 606,297 606,260"/>
                    <Glyph id="char_0">
                        <Coords points="538,262 538,297 538,297 538,262"/>
                        <TextEquiv conf="1.0"><Unicode>S</Unicode></TextEquiv>
                    </Glyph>
                    <Glyph id="char_1">
                        <Coords points="551,260 551,297 551,297 551,260"/>
                        <TextEquiv conf="0.9999"><Unicode>t</Unicode></TextEquiv>
                    </Glyph>
                    <Glyph id="char_2">
                        <Coords points="558,260 558,297 558,297 558,260"/>
                        <TextEquiv conf="1.0"><Unicode>a</Unicode></TextEquiv>
                    </Glyph>
                    <Glyph id="char_3">
                        <Coords points="568,260 568,297 568,297 568,260"/>
                        <TextEquiv conf="0.8305"><Unicode>n</Unicode></TextEquiv>
                    </Glyph>
                    <Glyph id="char_4">
                        <Coords points="576,260 576,297 576,297 576,260"/>
                        <TextEquiv conf="1.0"><Unicode>d</Unicode></TextEquiv>
                    </Glyph>
                    <Glyph id="char_5">
                        <Coords points="589,260 589,297 589,297 589,260"/>
                        <TextEquiv conf="1.0"><Unicode>o</Unicode></TextEquiv>
                    </Glyph>
                    <Glyph id="char_6">
                        <Coords points="601,260 601,297 601,297 601,260"/>
                        <TextEquiv conf="1.0"><Unicode>r</Unicode></TextEquiv>
                    </Glyph>
                    <Glyph id="char_7">
                        <Coords points="606,260 606,297 606,297 606,260"/>
                        <TextEquiv conf="1.0"><Unicode>d</Unicode></TextEquiv>
                    </Glyph>
                    <TextEquiv conf="0.9788"><Unicode>Standord</Unicode></TextEquiv>
                </Word>
                <Word id="segment_1">
                    <Coords points="619,260 619,297 622,297 622,260"/>
                    <Glyph id="char_8">
                        <Coords points="619,260 619,297 622,297 622,260"/>
                        <TextEquiv conf="1.0"><Unicode> </Unicode></TextEquiv>
                    </Glyph>
                    <TextEquiv conf="1.0"><Unicode> </Unicode></TextEquiv>
                </Word>
                <Word id="segment_2">
                    <Coords points="627,260 627,297 718,297 718,260"/>
                    <Glyph id="char_9">
                        <Coords points="627,260 627,297 627,297 627,260"/>
                        <TextEquiv conf="0.9924"><Unicode>U</Unicode></TextEquiv>
                    </Glyph>
                    <Glyph id="char_10">
                        <Coords points="642,260 642,297 642,297 642,260"/>
                        <TextEquiv conf="1.0"><Unicode>n</Unicode></TextEquiv>
                    </Glyph>
                    <Glyph id="char_11">
                        <Coords points="652,260 652,297 652,297 652,260"/>
                        <TextEquiv conf="0.9988"><Unicode>t</Unicode></TextEquiv>
                    </Glyph>
                    <Glyph id="char_12">
                        <Coords points="670,260 670,297 670,297 670,260"/>
                        <TextEquiv conf="0.9882"><Unicode>e</Unicode></TextEquiv>
                    </Glyph>
                    <Glyph id="char_13">
                        <Coords points="683,260 683,297 683,297 683,260"/>
                        <TextEquiv conf="0.9992"><Unicode>r</Unicode></TextEquiv>
                    </Glyph>
                    <Glyph id="char_14">
                        <Coords points="690,260 690,297 690,297 690,260"/>
                        <TextEquiv conf="0.6975"><Unicode>u</Unicode></TextEquiv>
                    </Glyph>
                    <Glyph id="char_15">
                        <Coords points="701,260 701,297 701,297 701,260"/>
                        <TextEquiv conf="1.0"><Unicode>i</Unicode></TextEquiv>
                    </Glyph>
                    <Glyph id="char_16">
                        <Coords points="706,260 706,297 706,297 706,260"/>
                        <TextEquiv conf="0.8201"><Unicode>h</Unicode></TextEquiv>
                    </Glyph>
                    <Glyph id="char_17">
                        <Coords points="718,260 718,297 718,297 718,260"/>
                        <TextEquiv conf="1.0"><Unicode>/</Unicode></TextEquiv>
                    </Glyph>
                    <TextEquiv conf="0.944"><Unicode>Unteruih/</Unicode></TextEquiv>
                </Word>
                <Word id="segment_3">
                    <Coords points="721,260 721,297 723,297 723,260"/>
                    <Glyph id="char_18">
                        <Coords points="721,260 721,297 723,297 723,260"/>
                        <TextEquiv conf="1.0"><Unicode> </Unicode></TextEquiv>
                    </Glyph>
                    <TextEquiv conf="1.0"><Unicode> </Unicode></TextEquiv>
                </Word>
                <Word id="segment_4">
                    <Coords points="728,260 728,297 802,297 802,263"/>
                    <Glyph id="char_19">
                        <Coords points="728,260 728,297 728,297 728,260"/>
                        <TextEquiv conf="0.9976"><Unicode>U</Unicode></TextEquiv>
                    </Glyph>
                    <Glyph id="char_20">
                        <Coords points="756,260 756,297 756,297 756,260"/>
                        <TextEquiv conf="0.9824"><Unicode>r</Unicode></TextEquiv>
                    </Glyph>
                    <Glyph id="char_21">
                        <Coords points="767,260 767,297 767,297 767,260"/>
                        <TextEquiv conf="0.9766"><Unicode>a</Unicode></TextEquiv>
                    </Glyph>
                    <Glyph id="char_22">
                        <Coords points="777,260 777,297 777,297 777,260"/>
                        <TextEquiv conf="0.986"><Unicode>c</Unicode></TextEquiv>
                    </Glyph>
                    <Glyph id="char_23">
                        <Coords points="784,260 784,297 784,297 784,260"/>
                        <TextEquiv conf="0.9947"><Unicode>t</Unicode></TextEquiv>
                    </Glyph>
                    <Glyph id="char_24">
                        <Coords points="792,260 792,297 792,297 792,260"/>
                        <TextEquiv conf="0.9488"><Unicode>e</Unicode></TextEquiv>
                    </Glyph>
                    <Glyph id="char_25">
                        <Coords points="802,263 802,297 802,297 802,263"/>
                        <TextEquiv conf="0.973"><Unicode>s</Unicode></TextEquiv>
                    </Glyph>
                    <TextEquiv conf="0.9799"><Unicode>Uractes</Unicode></TextEquiv>
                </Word>
                <TextEquiv conf="0.9687"><Unicode>Standord Unteruih/ Uractes</Unicode></TextEquiv>
            </TextLine>
        </TextRegion>
        <TextRegion id="_076be8e5-5f6b-46bc-aec8-c8b2d457d9d0" custom="type {type:text;}">
<Coords points="410,366 914,366 962,413 901,450 421,443 396,407 410,366"/>
            <TextLine id="_f1567ef9-bf49-41ec-85fe-febc2b5cca10" custom="type {type:default;}">
                <Coords points="607,366 592,366 576,366 561,366 546,366 531,366 515,366 500,366 485,366 470,366 454,366 439,366 424,366 408,369 408,387 408,404 680,401 680,387 680,367 611,366 607,366"/>
                <Baseline points="408,387 680,387"/>
                <Word id="segment_5">
                    <Coords points="413,368 413,404 665,401 665,367"/>
                    <Glyph id="char_26">
                        <Coords points="413,368 413,404 416,404 416,368"/>
                        <TextEquiv conf="1.0"><Unicode>u</Unicode></TextEquiv>
                    </Glyph>
                    <Glyph id="char_27">
                        <Coords points="439,366 439,404 439,404 439,366"/>
                        <TextEquiv conf="0.9925"><Unicode>n</Unicode></TextEquiv>
                    </Glyph>
                    <Glyph id="char_28">
                        <Coords points="457,366 457,403 457,403 457,366"/>
                        <TextEquiv conf="0.9988"><Unicode>r</Unicode></TextEquiv>
                    </Glyph>
                    <Glyph id="char_29">
                        <Coords points="473,366 473,403 473,403 473,366"/>
                        <TextEquiv conf="1.0"><Unicode>i</Unicode></TextEquiv>
                    </Glyph>
                    <Glyph id="char_30">
                        <Coords points="489,366 489,403 489,403 489,366"/>
                        <TextEquiv conf="1.0"><Unicode>t</Unicode></TextEquiv>
                    </Glyph>
                    <Glyph id="char_31">
                        <Coords points="507,366 507,403 507,403 507,366"/>
                        <TextEquiv conf="0.9996"><Unicode>k</Unicode></TextEquiv>
                    </Glyph>
                    <Glyph id="char_32">
                        <Coords points="520,366 520,403 520,403 520,366"/>
                        <TextEquiv conf="0.9777"><Unicode>m</Unicode></TextEquiv>
                    </Glyph>
                    <Glyph id="char_33">
                        <Coords points="551,366 551,402 551,402 551,366"/>
                        <TextEquiv conf="0.9999"><Unicode>n</Unicode></TextEquiv>
                    </Glyph>
                    <Glyph id="char_34">
                        <Coords points="574,366 574,402 574,402 574,366"/>
                        <TextEquiv conf="0.9987"><Unicode>k</Unicode></TextEquiv>
                    </Glyph>
                    <Glyph id="char_35">
                        <Coords points="590,366 590,402 590,402 590,366"/>
                        <TextEquiv conf="1.0"><Unicode>t</Unicode></TextEquiv>
                    </Glyph>
                    <Glyph id="char_36">
                        <Coords points="606,366 606,402 606,402 606,366"/>
                        <TextEquiv conf="0.9484"><Unicode>i</Unicode></TextEquiv>
                    </Glyph>
                    <Glyph id="char_37">
                        <Coords points="619,366 619,402 619,402 619,366"/>
                        <TextEquiv conf="0.9898"><Unicode>n</Unicode></TextEquiv>
                    </Glyph>
                    <Glyph id="char_38">
                        <Coords points="642,366 642,401 642,401 642,366"/>
                        <TextEquiv conf="0.9361"><Unicode>a</Unicode></TextEquiv>
                    </Glyph>
                    <Glyph id="char_39">
                        <Coords points="658,367 658,401 658,401 658,367"/>
                        <TextEquiv conf="0.3018"><Unicode>d</Unicode></TextEquiv>
                    </Glyph>
                    <Glyph id="char_40">
                        <Coords points="665,367 665,401 665,401 665,367"/>
                        <TextEquiv conf="0.7374"><Unicode>h</Unicode></TextEquiv>
                    </Glyph>
                    <TextEquiv conf="0.9254"><Unicode>unritkmnktinadh</Unicode></TextEquiv>
                </Word>
                <TextEquiv conf="0.9254"><Unicode>unritkmnktinadh</Unicode></TextEquiv>
            </TextLine>

            <TextLine id="_ae51f96e-f6a2-4c68-af7a-bb9641bbe04e" custom="type {type:default;}">
                <Coords points="830,366 830,366 830,387 830,402 845,402 845,387 842,366 830,366"/>
                <Baseline points="830,387 845,387"/>
                
            </TextLine>

            <TextLine id="_ecb3c293-263d-46d7-bd20-ee4c3b36eb1d" custom="type {type:default;}">
                <Coords points="427,433 427,482 482,474 520,503 521,503 523,503 524,504 604,504 604,503 605,503 607,503 634,482 656,495 657,495 659,495 660,495 662,495 663,495 691,474 822,482 871,503 872,503 874,503 875,503 877,503 907,477 915,483 920,433 920,392 427,392 427,433"/>
                <Baseline points="427,433 920,433"/>
                <Word id="segment_6">
                    <Coords points="442,392 442,480 442,480 442,392"/>
                    <Glyph id="char_41">
                        <Coords points="442,392 442,480 442,480 442,392"/>
                        <TextEquiv conf="1.0"><Unicode>3</Unicode></TextEquiv>
                    </Glyph>
                    <TextEquiv conf="1.0"><Unicode>3</Unicode></TextEquiv>
                </Word>
                <Word id="segment_7">
                    <Coords points="473,392 473,475 473,475 473,392"/>
                    <Glyph id="char_42">
                        <Coords points="473,392 473,475 473,475 473,392"/>
                        <TextEquiv conf="1.0"><Unicode> </Unicode></TextEquiv>
                    </Glyph>
                    <TextEquiv conf="1.0"><Unicode> </Unicode></TextEquiv>
                </Word>
                <Word id="segment_8">
                    <Coords points="488,392 488,479 488,479 488,392"/>
                    <Glyph id="char_43">
                        <Coords points="488,392 488,479 488,479 488,392"/>
                        <TextEquiv conf="0.9989"><Unicode>b</Unicode></TextEquiv>
                    </Glyph>
                    <TextEquiv conf="0.9989"><Unicode>b</Unicode></TextEquiv>
                </Word>
                <Word id="segment_9">
                    <Coords points="511,392 511,496 511,496 511,392"/>
                    <Glyph id="char_44">
                        <Coords points="511,392 511,496 511,496 511,392"/>
                        <TextEquiv conf="1.0"><Unicode> </Unicode></TextEquiv>
                    </Glyph>
                    <TextEquiv conf="1.0"><Unicode> </Unicode></TextEquiv>
                </Word>
                <Word id="segment_10">
                    <Coords points="518,392 518,501 579,504 579,392"/>
                    <Glyph id="char_45">
                        <Coords points="518,392 518,501 518,501 518,392"/>
                        <TextEquiv conf="0.6889"><Unicode>1</Unicode></TextEquiv>
                    </Glyph>
                    <Glyph id="char_46">
                        <Coords points="549,392 549,504 549,504 549,392"/>
                        <TextEquiv conf="1.0"><Unicode>9</Unicode></TextEquiv>
                    </Glyph>
                    <Glyph id="char_47">
                        <Coords points="579,392 579,504 579,504 579,392"/>
                        <TextEquiv conf="0.9655"><Unicode>5</Unicode></TextEquiv>
                    </Glyph>
                    <TextEquiv conf="0.8848"><Unicode>195</Unicode></TextEquiv>
                </Word>
                <Word id="segment_11">
                    <Coords points="602,392 602,504 617,495 617,392"/>
                    <Glyph id="char_48">
                        <Coords points="602,392 602,504 617,495 617,392"/>
                        <TextEquiv conf="1.0"><Unicode> </Unicode></TextEquiv>
                    </Glyph>
                    <TextEquiv conf="1.0"><Unicode> </Unicode></TextEquiv>
                </Word>
                <Word id="segment_12">
                    <Coords points="625,392 625,489 685,478 685,392"/>
                    <Glyph id="char_49">
                        <Coords points="625,392 625,489 625,489 625,392"/>
                        <TextEquiv conf="1.0"><Unicode>9</Unicode></TextEquiv>
                    </Glyph>
                    <Glyph id="char_50">
                        <Coords points="655,392 655,494 655,494 655,392"/>
                        <TextEquiv conf="0.7637"><Unicode>8</Unicode></TextEquiv>
                    </Glyph>
                    <Glyph id="char_51">
                        <Coords points="685,392 685,478 685,478 685,392"/>
                        <TextEquiv conf="1.0"><Unicode>7</Unicode></TextEquiv>
                    </Glyph>
                    <TextEquiv conf="0.9212"><Unicode>987</Unicode></TextEquiv>
                </Word>
                <Word id="segment_13">
                    <Coords points="716,392 716,476 723,476 723,392"/>
                    <Glyph id="char_52">
                        <Coords points="716,392 716,476 723,476 723,392"/>
                        <TextEquiv conf="0.9907"><Unicode> </Unicode></TextEquiv>
                    </Glyph>
                    <TextEquiv conf="0.9907"><Unicode> </Unicode></TextEquiv>
                </Word>
                <Word id="segment_14">
                    <Coords points="731,392 731,476 792,480 792,392"/>
                    <Glyph id="char_53">
                        <Coords points="731,392 731,476 731,476 731,392"/>
                        <TextEquiv conf="0.9641"><Unicode>4</Unicode></TextEquiv>
                    </Glyph>
                    <Glyph id="char_54">
                        <Coords points="761,392 761,478 769,479 769,392"/>
                        <TextEquiv conf="0.9376"><Unicode>7</Unicode></TextEquiv>
                    </Glyph>
                    <Glyph id="char_55">
                        <Coords points="792,392 792,480 792,480 792,392"/>
                        <TextEquiv conf="0.6361"><Unicode>5</Unicode></TextEquiv>
                    </Glyph>
                    <TextEquiv conf="0.8459"><Unicode>475</Unicode></TextEquiv>
                </Word>
                <Word id="segment_15">
                    <Coords points="822,392 822,482 822,482 822,392"/>
                    <Glyph id="char_56">
                        <Coords points="822,392 822,482 822,482 822,392"/>
                        <TextEquiv conf="0.233"><Unicode> </Unicode></TextEquiv>
                    </Glyph>
                    <TextEquiv conf="0.233"><Unicode> </Unicode></TextEquiv>
                </Word>
                <Word id="segment_16">
                    <Coords points="837,392 837,488 906,478 906,392"/>
                    <Glyph id="char_57">
                        <Coords points="837,392 837,488 837,488 837,392"/>
                        <TextEquiv conf="0.7487"><Unicode>b</Unicode></TextEquiv>
                    </Glyph>
                    <Glyph id="char_58">
                        <Coords points="868,392 868,502 868,502 868,392"/>
                        <TextEquiv conf="0.8732"><Unicode>8</Unicode></TextEquiv>
                    </Glyph>
                    <Glyph id="char_59">
                        <Coords points="906,392 906,478 906,478 906,392"/>
                        <TextEquiv conf="0.7885"><Unicode>0</Unicode></TextEquiv>
                    </Glyph>
                    <TextEquiv conf="0.8035"><Unicode>b80</Unicode></TextEquiv>
                </Word>
                <TextEquiv conf="0.8731"><Unicode>3 b 195 987 475 b80</Unicode></TextEquiv>
            </TextLine>
        </TextRegion>
    </Page>
</PcGts>