<?xml version="1.0" encoding="UTF-8"?>
<PcGts xmlns="http://schema.primaresearch.org/PAGE/gts/pagecontent/2019-07-15" xmlns:xsi="http://www.w3.org/2001/XMLSchema-instance" xsi:schemaLocation="http://schema.primaresearch.org/PAGE/gts/pagecontent/2019-07-15 http://schema.primaresearch.org/PAGE/gts/pagecontent/2019-07-15/pagecontent.xsd">
    <Metadata>
        <Creator>kraken 6.0.3</Creator>
        <Created>2026-01-20T00:59:16.725364+00:00</Created>
        <LastChange>2026-01-20T00:59:16.725364+00:00</LastChange>
    </Metadata>
    <Page imageFilename="/tmp/tmphqro8acm.png" imageWidth="2025" imageHeight="2746">
        <TextRegion id="_edf4dc20-db08-415a-b401-cffd033dffb0" custom="type {type:text;}">
<Coords points="302,323 334,323 340,340 309,346 364,347 383,372 376,517 413,598 401,675 425,707 425,791 450,811 437,1035 486,1128 499,1220 468,1273 517,1305 517,1377 462,1420 299,1420 280,1395 280,567 302,323"/>
            <TextLine id="_ce28ae60-2b7b-4bd4-99b4-ea95d5a53876" custom="type {type:default;}">
                <Coords points="318,887 337,890 337,851 334,828 315,822 317,852 318,887"/>
                <Baseline points="317,852 337,851"/>
                <Word id="segment_0">
                    <Coords points="322,824 325,888 325,888 322,824"/>
                    <Glyph id="char_0">
                        <Coords points="322,824 325,888 325,888 322,824"/>
                        <TextEquiv conf="0.9998"><Unicode>1</Unicode></TextEquiv>
                    </Glyph>
                    <TextEquiv conf="0.9998"><Unicode>1</Unicode></TextEquiv>
                </Word>
                <TextEquiv conf="0.9998"><Unicode>1</Unicode></TextEquiv>
            </TextLine>

            <TextLine id="_c67ca851-c4b1-483e-bede-e48a32e62d48" custom="type {type:default;}">
                <Coords points="317,488 294,485 296,504 315,508 320,508 320,488 317,488"/>
                <Baseline points="315,508 317,488"/>
                
            </TextLine>

            <TextLine id="_83794536-4bb2-4242-9ca5-81f9bd2a2c0a" custom="type {type:default;}">
                <Coords points="340,698 354,672 317,668 292,665 292,694 314,697 340,698"/>
                <Baseline points="314,697 317,668"/>
                <Word id="segment_1">
                    <Coords points="292,690 342,695 342,695 292,690"/>
                    <Glyph id="char_1">
                        <Coords points="292,690 342,695 342,695 292,690"/>
                        <TextEquiv conf="1.0"><Unicode>*</Unicode></TextEquiv>
                    </Glyph>
                    <TextEquiv conf="1.0"><Unicode>*</Unicode></TextEquiv>
                </Word>
                <TextEquiv conf="1.0"><Unicode>*</Unicode></TextEquiv>
            </TextLine>

            <TextLine id="_b6a6310c-3f0b-4745-b3a6-75c4ccf20060" custom="type {type:default;}">
                <Coords points="392,1196 392,1211 436,1211 436,1194 431,1174 390,1174 392,1196"/>
                <Baseline points="392,1196 436,1194"/>
                <Word id="segment_2">
                    <Coords points="420,1174 422,1211 422,1211 420,1174"/>
                    <Glyph id="char_2">
                        <Coords points="420,1174 422,1211 422,1211 420,1174"/>
                        <TextEquiv conf="0.93"><Unicode>—</Unicode></TextEquiv>
                    </Glyph>
                    <TextEquiv conf="0.93"><Unicode>—</Unicode></TextEquiv>
                </Word>
                <TextEquiv conf="0.93"><Unicode>—</Unicode></TextEquiv>
            </TextLine>

            <TextLine id="_3271d136-5bbd-47d7-9f5e-938dc5d2bab6" custom="type {type:default;}">
                <Coords points="361,1394 361,1412 416,1411 416,1394 413,1322 361,1342 361,1394"/>
                <Baseline points="361,1394 416,1394"/>
                <Word id="segment_3">
                    <Coords points="374,1337 374,1412 374,1412 374,1337"/>
                    <Glyph id="char_3">
                        <Coords points="374,1337 374,1412 374,1412 374,1337"/>
                        <TextEquiv conf="1.0"><Unicode>5</Unicode></TextEquiv>
                    </Glyph>
                    <TextEquiv conf="1.0"><Unicode>5</Unicode></TextEquiv>
                </Word>
                <TextEquiv conf="1.0"><Unicode>5</Unicode></TextEquiv>
            </TextLine>
        </TextRegion>
        <TextRegion id="_b53067a0-9430-4956-be35-4a7108363d2c" custom="type {type:text;}">
<Coords points="1669,134 1707,140 1744,341 1744,602 1719,627 1672,614 1648,402 1593,260 1611,164 1669,134"/>
            <TextLine id="_0c6ab30c-5f54-4c5f-87f1-20448d4b8af8" custom="type {type:default;}">
                <Coords points="1707,599 1707,619 1716,617 1716,599 1716,581 1707,581 1707,599"/>
                <Baseline points="1707,599 1716,599"/>
                <Word id="segment_4">
                    <Coords points="1711,581 1711,618 1711,618 1711,581"/>
                    <Glyph id="char_4">
                        <Coords points="1711,581 1711,618 1711,618 1711,581"/>
                        <TextEquiv conf="0.5858"><Unicode>.</Unicode></TextEquiv>
                    </Glyph>
                    <TextEquiv conf="0.5858"><Unicode>.</Unicode></TextEquiv>
                </Word>
                <TextEquiv conf="0.5858"><Unicode>.</Unicode></TextEquiv>
            </TextLine>
        </TextRegion>
        <TextRegion id="_0fd3f96f-ea9a-414a-9f02-8615fb67229b" custom="type {type:text;}">
<Coords points="350,335 358,335 358,340 347,340 350,335"/>        </TextRegion>
        <TextRegion id="_7a889119-56c7-4f9a-8e7e-1230f98b5811" custom="type {type:text;}">
<Coords points="540,1293 553,1293 553,1304 531,1304 540,1293"/>        </TextRegion>
    </Page>
</PcGts>