<?xml version="1.0" encoding="UTF-8"?>
<PcGts xmlns="http://schema.primaresearch.org/PAGE/gts/pagecontent/2019-07-15" xmlns:xsi="http://www.w3.org/2001/XMLSchema-instance" xsi:schemaLocation="http://schema.primaresearch.org/PAGE/gts/pagecontent/2019-07-15 http://schema.primaresearch.org/PAGE/gts/pagecontent/2019-07-15/pagecontent.xsd">
    <Metadata>
        <Creator>kraken 6.0.3</Creator>
        <Created>2026-01-20T01:00:11.074729+00:00</Created>
        <LastChange>2026-01-20T01:00:11.074729+00:00</LastChange>
    </Metadata>
    <Page imageFilename="/tmp/tmp_tadxv_j.png" imageWidth="2025" imageHeight="2746">
        <TextRegion id="_0bfca28a-5437-4596-9a08-6571ad2009a4" custom="type {type:text;}">
<Coords points="753,414 1274,427 1298,451 1298,565 1286,584 1060,602 744,584 720,553 720,439 753,414"/>
            <TextLine id="_444f0175-11b9-4a78-8106-538122837315" custom="type {type:default;}">
                <Coords points="1286,440 1278,433 1275,431 1274,431 1272,431 1271,431 1229,439 1219,431 1217,431 1216,431 1214,431 1173,439 1164,431 1162,431 1161,431 1159,431 1110,439 737,437 737,550 735,565 740,570 740,572 741,572 743,572 744,572 1001,565 1010,573 1011,573 1013,573 1014,573 1287,565 1289,553 1289,443 1286,440"/>
                <Baseline points="737,550 1289,553"/>
                <Word id="segment_0">
                    <Coords points="758,437 757,572 1252,566 1253,434"/>
                    <Glyph id="char_0">
                        <Coords points="758,437 757,572 757,572 758,437"/>
                        <TextEquiv conf="1.0"><Unicode>B</Unicode></TextEquiv>
                    </Glyph>
                    <Glyph id="char_1">
                        <Coords points="816,437 815,570 815,570 816,437"/>
                        <TextEquiv conf="1.0"><Unicode>I</Unicode></TextEquiv>
                    </Glyph>
                    <Glyph id="char_2">
                        <Coords points="864,438 863,569 863,569 864,438"/>
                        <TextEquiv conf="1.0"><Unicode>B</Unicode></TextEquiv>
                    </Glyph>
                    <Glyph id="char_3">
                        <Coords points="923,438 922,567 922,567 923,438"/>
                        <TextEquiv conf="1.0"><Unicode>L</Unicode></TextEquiv>
                    </Glyph>
                    <Glyph id="char_4">
                        <Coords points="981,438 980,566 980,566 981,438"/>
                        <TextEquiv conf="1.0"><Unicode>I</Unicode></TextEquiv>
                    </Glyph>
                    <Glyph id="char_5">
                        <Coords points="1020,439 1019,573 1019,573 1020,439"/>
                        <TextEquiv conf="0.9999"><Unicode>O</Unicode></TextEquiv>
                    </Glyph>
                    <Glyph id="char_6">
                        <Coords points="1088,439 1087,571 1087,571 1088,439"/>
                        <TextEquiv conf="0.9749"><Unicode>T</Unicode></TextEquiv>
                    </Glyph>
                    <Glyph id="char_7">
                        <Coords points="1136,435 1135,569 1135,569 1136,435"/>
                        <TextEquiv conf="1.0"><Unicode>H</Unicode></TextEquiv>
                    </Glyph>
                    <Glyph id="char_8">
                        <Coords points="1204,433 1203,567 1203,567 1204,433"/>
                        <TextEquiv conf="0.9957"><Unicode>E</Unicode></TextEquiv>
                    </Glyph>
                    <Glyph id="char_9">
                        <Coords points="1253,434 1252,566 1252,566 1253,434"/>
                        <TextEquiv conf="0.734"><Unicode>K</Unicode></TextEquiv>
                    </Glyph>
                    <TextEquiv conf="0.9704"><Unicode>BIBLIOTHEK</Unicode></TextEquiv>
                </Word>
                <TextEquiv conf="0.9704"><Unicode>BIBLIOTHEK</Unicode></TextEquiv>
            </TextLine>
        </TextRegion>
        <TextRegion id="_9de1d092-e6ad-4f8d-80fb-1d5fd0fb312f" custom="type {type:text;}">
<Coords points="993,732 1072,756 1048,810 970,803 964,750 993,732"/>
            <TextLine id="_9c6536d6-8218-420a-a26e-5b4c41ab7f08" custom="type {type:default;}">
                <Coords points="1049,749 1043,747 973,747 973,778 973,791 1052,791 1052,778 1052,750 1049,749"/>
                <Baseline points="973,778 1052,778"/>
                <Word id="segment_1">
                    <Coords points="988,747 988,791 1038,791 1038,747"/>
                    <Glyph id="char_10">
                        <Coords points="988,747 988,791 988,791 988,747"/>
                        <TextEquiv conf="1.0"><Unicode>D</Unicode></TextEquiv>
                    </Glyph>
                    <Glyph id="char_11">
                        <Coords points="1016,747 1016,791 1016,791 1016,747"/>
                        <TextEquiv conf="1.0"><Unicode>E</Unicode></TextEquiv>
                    </Glyph>
                    <Glyph id="char_12">
                        <Coords points="1038,747 1038,791 1038,791 1038,747"/>
                        <TextEquiv conf="1.0"><Unicode>S</Unicode></TextEquiv>
                    </Glyph>
                    <TextEquiv conf="1.0"><Unicode>DES</Unicode></TextEquiv>
                </Word>
                <TextEquiv conf="1.0"><Unicode>DES</Unicode></TextEquiv>
            </TextLine>
        </TextRegion>
        <TextRegion id="_baf559a2-bb2d-4819-8eca-1f6422e11947" custom="type {type:text;}">
<Coords points="814,970 1567,976 1603,988 1609,1041 1573,1084 1257,1090 1194,1133 1104,1151 1078,1206 1207,1238 1219,1292 1194,1334 1055,1371 1072,1420 1054,1432 1176,1470 1182,1542 1121,1560 842,1554 848,1458 933,1421 805,1316 799,1244 830,1189 799,1135 592,1115 433,1139 408,1084 408,994 433,976 814,970"/>
            <TextLine id="_a445b9b9-aba7-4c07-b38c-d0d089f21136" custom="type {type:default;}">
                <Coords points="425,1054 425,1069 1196,1063 1196,1054 1196,999 1167,988 1165,988 1136,988 1135,988 1133,988 1132,988 1121,997 1109,988 1107,988 1106,988 1104,988 1066,996 1011,990 1010,990 1008,990 1007,990 1007,991 1001,997 981,988 979,988 978,988 976,988 975,988 961,999 932,988 930,988 929,988 927,988 907,999 897,990 895,990 894,990 892,990 891,990 862,999 839,990 837,990 836,990 834,990 810,999 773,991 772,991 735,999 724,990 723,990 721,990 720,990 718,990 691,999 676,990 674,990 672,990 671,990 669,990 631,999 608,990 607,990 605,990 604,990 573,999 561,990 560,990 558,990 556,990 514,999 503,990 502,990 500,990 499,990 497,990 470,999 425,993 425,1054"/>
                <Baseline points="425,1054 1196,1054"/>
                <Word id="segment_2">
                    <Coords points="436,994 436,1069 1142,1063 1142,988"/>
                    <Glyph id="char_13">
                        <Coords points="436,994 436,1069 436,1069 436,994"/>
                        <TextEquiv conf="1.0"><Unicode>L</Unicode></TextEquiv>
                    </Glyph>
                    <Glyph id="char_14">
                        <Coords points="491,992 491,1068 491,1068 491,992"/>
                        <TextEquiv conf="1.0"><Unicode>I</Unicode></TextEquiv>
                    </Glyph>
                    <Glyph id="char_15">
                        <Coords points="540,993 540,1068 540,1068 540,993"/>
                        <TextEquiv conf="1.0"><Unicode>T</Unicode></TextEquiv>
                    </Glyph>
                    <Glyph id="char_16">
                        <Coords points="600,991 600,1068 600,1068 600,991"/>
                        <TextEquiv conf="1.0"><Unicode>T</Unicode></TextEquiv>
                    </Glyph>
                    <Glyph id="char_17">
                        <Coords points="655,993 655,1067 655,1067 655,993"/>
                        <TextEquiv conf="1.0"><Unicode>E</Unicode></TextEquiv>
                    </Glyph>
                    <Glyph id="char_18">
                        <Coords points="710,993 710,1067 710,1067 710,993"/>
                        <TextEquiv conf="1.0"><Unicode>R</Unicode></TextEquiv>
                    </Glyph>
                    <Glyph id="char_19">
                        <Coords points="770,991 770,1066 770,1066 770,991"/>
                        <TextEquiv conf="0.9998"><Unicode>A</Unicode></TextEquiv>
                    </Glyph>
                    <Glyph id="char_20">
                        <Coords points="825,993 825,1066 825,1066 825,993"/>
                        <TextEquiv conf="1.0"><Unicode>R</Unicode></TextEquiv>
                    </Glyph>
                    <Glyph id="char_21">
                        <Coords points="885,992 885,1065 885,1065 885,992"/>
                        <TextEquiv conf="1.0"><Unicode>I</Unicode></TextEquiv>
                    </Glyph>
                    <Glyph id="char_22">
                        <Coords points="918,993 918,1065 918,1065 918,993"/>
                        <TextEquiv conf="1.0"><Unicode>S</Unicode></TextEquiv>
                    </Glyph>
                    <Glyph id="char_23">
                        <Coords points="973,990 973,1065 973,1065 973,990"/>
                        <TextEquiv conf="1.0"><Unicode>C</Unicode></TextEquiv>
                    </Glyph>
                    <Glyph id="char_24">
                        <Coords points="1027,992 1027,1064 1027,1064 1027,992"/>
                        <TextEquiv conf="1.0"><Unicode>H</Unicode></TextEquiv>
                    </Glyph>
                    <Glyph id="char_25">
                        <Coords points="1087,992 1087,1064 1087,1064 1087,992"/>
                        <TextEquiv conf="1.0"><Unicode>E</Unicode></TextEquiv>
                    </Glyph>
                    <Glyph id="char_26">
                        <Coords points="1142,988 1142,1063 1142,1063 1142,988"/>
                        <TextEquiv conf="1.0"><Unicode>N</Unicode></TextEquiv>
                    </Glyph>
                    <TextEquiv conf="1.0"><Unicode>LITTERARISCHEN</Unicode></TextEquiv>
                </Word>
                <TextEquiv conf="1.0"><Unicode>LITTERARISCHEN</Unicode></TextEquiv>
            </TextLine>

            <TextLine id="_9c233186-b21c-43d0-af59-905b698b67e0" custom="type {type:default;}">
                <Coords points="1204,1054 1204,1063 1587,1064 1590,1052 1585,991 1374,996 1352,988 1350,988 1348,988 1347,988 1324,996 1301,988 1300,988 1298,988 1297,988 1275,996 1260,987 1258,987 1257,987 1255,987 1202,997 1204,1054"/>
                <Baseline points="1204,1054 1590,1052"/>
                <Word id="segment_3">
                    <Coords points="1241,990 1241,1063 1566,1064 1566,991"/>
                    <Glyph id="char_27">
                        <Coords points="1241,990 1241,1063 1246,1063 1246,989"/>
                        <TextEquiv conf="1.0"><Unicode>V</Unicode></TextEquiv>
                    </Glyph>
                    <Glyph id="char_28">
                        <Coords points="1298,988 1298,1063 1298,1063 1298,988"/>
                        <TextEquiv conf="1.0"><Unicode>E</Unicode></TextEquiv>
                    </Glyph>
                    <Glyph id="char_29">
                        <Coords points="1356,989 1356,1063 1356,1063 1356,989"/>
                        <TextEquiv conf="1.0"><Unicode>R</Unicode></TextEquiv>
                    </Glyph>
                    <Glyph id="char_30">
                        <Coords points="1414,995 1414,1064 1414,1064 1414,995"/>
                        <TextEquiv conf="1.0"><Unicode>E</Unicode></TextEquiv>
                    </Glyph>
                    <Glyph id="char_31">
                        <Coords points="1471,994 1471,1064 1471,1064 1471,994"/>
                        <TextEquiv conf="1.0"><Unicode>I</Unicode></TextEquiv>
                    </Glyph>
                    <Glyph id="char_32">
                        <Coords points="1508,993 1508,1064 1508,1064 1508,993"/>
                        <TextEquiv conf="1.0"><Unicode>N</Unicode></TextEquiv>
                    </Glyph>
                    <Glyph id="char_33">
                        <Coords points="1566,991 1566,1064 1566,1064 1566,991"/>
                        <TextEquiv conf="1.0"><Unicode>S</Unicode></TextEquiv>
                    </Glyph>
                    <TextEquiv conf="1.0"><Unicode>VEREINS</Unicode></TextEquiv>
                </Word>
                <TextEquiv conf="1.0"><Unicode>VEREINS</Unicode></TextEquiv>
            </TextLine>

            <TextLine id="_960bc2c3-ccba-4d9a-a431-91bd439c6452" custom="type {type:default;}">
                <Coords points="1204,1250 813,1250 813,1287 813,1301 1208,1301 1208,1287 1208,1257 1204,1250"/>
                <Baseline points="813,1287 1208,1287"/>
                <Word id="segment_4">
                    <Coords points="834,1250 834,1301 851,1301 851,1250"/>
                    <Glyph id="char_34">
                        <Coords points="834,1250 834,1301 834,1301 834,1250"/>
                        <TextEquiv conf="1.0"><Unicode>I</Unicode></TextEquiv>
                    </Glyph>
                    <Glyph id="char_35">
                        <Coords points="851,1250 851,1301 851,1301 851,1250"/>
                        <TextEquiv conf="1.0"><Unicode>N</Unicode></TextEquiv>
                    </Glyph>
                    <TextEquiv conf="1.0"><Unicode>IN</Unicode></TextEquiv>
                </Word>
                <Word id="segment_5">
                    <Coords points="893,1250 893,1301 896,1301 896,1250"/>
                    <Glyph id="char_36">
                        <Coords points="893,1250 893,1301 896,1301 896,1250"/>
                        <TextEquiv conf="1.0"><Unicode> </Unicode></TextEquiv>
                    </Glyph>
                    <TextEquiv conf="1.0"><Unicode> </Unicode></TextEquiv>
                </Word>
                <Word id="segment_6">
                    <Coords points="907,1250 907,1301 1208,1301 1208,1287"/>
                    <Glyph id="char_37">
                        <Coords points="907,1250 907,1301 907,1301 907,1250"/>
                        <TextEquiv conf="1.0"><Unicode>S</Unicode></TextEquiv>
                    </Glyph>
                    <Glyph id="char_38">
                        <Coords points="938,1250 938,1301 942,1301 942,1250"/>
                        <TextEquiv conf="1.0"><Unicode>T</Unicode></TextEquiv>
                    </Glyph>
                    <Glyph id="char_39">
                        <Coords points="969,1250 969,1301 969,1301 969,1250"/>
                        <TextEquiv conf="0.9999"><Unicode>U</Unicode></TextEquiv>
                    </Glyph>
                    <Glyph id="char_40">
                        <Coords points="1008,1250 1008,1301 1008,1301 1008,1250"/>
                        <TextEquiv conf="0.9979"><Unicode>T</Unicode></TextEquiv>
                    </Glyph>
                    <Glyph id="char_41">
                        <Coords points="1042,1250 1042,1301 1042,1301 1042,1250"/>
                        <TextEquiv conf="1.0"><Unicode>T</Unicode></TextEquiv>
                    </Glyph>
                    <Glyph id="char_42">
                        <Coords points="1063,1250 1063,1301 1063,1301 1063,1250"/>
                        <TextEquiv conf="1.0"><Unicode>G</Unicode></TextEquiv>
                    </Glyph>
                    <Glyph id="char_43">
                        <Coords points="1101,1250 1101,1301 1101,1301 1101,1250"/>
                        <TextEquiv conf="1.0"><Unicode>A</Unicode></TextEquiv>
                    </Glyph>
                    <Glyph id="char_44">
                        <Coords points="1133,1250 1133,1301 1133,1301 1133,1250"/>
                        <TextEquiv conf="1.0"><Unicode>R</Unicode></TextEquiv>
                    </Glyph>
                    <Glyph id="char_45">
                        <Coords points="1174,1250 1174,1301 1174,1301 1174,1250"/>
                        <TextEquiv conf="0.9998"><Unicode>T</Unicode></TextEquiv>
                    </Glyph>
                    <Glyph id="char_46">
                        <Coords points="1208,1287 1208,1301 1208,1301 1208,1287"/>
                        <TextEquiv conf="1.0"><Unicode>.</Unicode></TextEquiv>
                    </Glyph>
                    <TextEquiv conf="0.9998"><Unicode>STUTTGART.</Unicode></TextEquiv>
                </Word>
                <TextEquiv conf="0.9998"><Unicode>IN STUTTGART.</Unicode></TextEquiv>
            </TextLine>

            <TextLine id="_8856ea8b-af03-4919-8813-f42afb8d3946" custom="type {type:default;}">
                <Coords points="849,1528 849,1539 1173,1537 1175,1525 1171,1478 918,1470 917,1470 915,1470 897,1478 877,1470 875,1470 874,1470 872,1470 848,1479 849,1528"/>
                <Baseline points="849,1528 1175,1525"/>
                <Word id="segment_7">
                    <Coords points="867,1472 868,1539 1175,1525 1175,1525"/>
                    <Glyph id="char_47">
                        <Coords points="867,1472 868,1539 868,1539 867,1472"/>
                        <TextEquiv conf="1.0"><Unicode>C</Unicode></TextEquiv>
                    </Glyph>
                    <Glyph id="char_48">
                        <Coords points="909,1472 910,1539 910,1539 909,1472"/>
                        <TextEquiv conf="1.0"><Unicode>C</Unicode></TextEquiv>
                    </Glyph>
                    <Glyph id="char_49">
                        <Coords points="955,1471 956,1538 956,1538 955,1471"/>
                        <TextEquiv conf="1.0"><Unicode>X</Unicode></TextEquiv>
                    </Glyph>
                    <Glyph id="char_50">
                        <Coords points="1002,1473 1003,1538 1003,1538 1002,1473"/>
                        <TextEquiv conf="1.0"><Unicode>X</Unicode></TextEquiv>
                    </Glyph>
                    <Glyph id="char_51">
                        <Coords points="1050,1474 1050,1538 1050,1538 1050,1474"/>
                        <TextEquiv conf="1.0"><Unicode>X</Unicode></TextEquiv>
                    </Glyph>
                    <Glyph id="char_52">
                        <Coords points="1092,1475 1092,1537 1092,1537 1092,1475"/>
                        <TextEquiv conf="1.0"><Unicode>I</Unicode></TextEquiv>
                    </Glyph>
                    <Glyph id="char_53">
                        <Coords points="1120,1476 1120,1537 1120,1537 1120,1476"/>
                        <TextEquiv conf="1.0"><Unicode>V</Unicode></TextEquiv>
                    </Glyph>
                    <Glyph id="char_54">
                        <Coords points="1175,1525 1175,1525 1175,1525 1175,1525"/>
                        <TextEquiv conf="0.9989"><Unicode>.</Unicode></TextEquiv>
                    </Glyph>
                    <TextEquiv conf="0.9999"><Unicode>CCXXXIV.</Unicode></TextEquiv>
                </Word>
                <TextEquiv conf="0.9999"><Unicode>CCXXXIV.</Unicode></TextEquiv>
            </TextLine>
        </TextRegion>
        <TextRegion id="_d9f317d3-0ee0-414e-8561-8d4e5c9eb3d5" custom="type {type:text;}">
<Coords points="926,2117 1158,2123 1176,2158 1146,2195 866,2195 866,2123 926,2117"/>
            <TextLine id="_e88a0371-0bee-4083-a40e-1d1e80c23531" custom="type {type:default;}">
                <Coords points="1158,2131 1088,2125 1086,2125 941,2132 914,2125 912,2125 911,2125 868,2134 869,2169 869,2180 1164,2176 1165,2166 1164,2164 1158,2131"/>
                <Baseline points="869,2169 1165,2166"/>
                <Word id="segment_8">
                    <Coords points="887,2130 887,2180 1165,2166 1165,2166"/>
                    <Glyph id="char_55">
                        <Coords points="887,2130 887,2180 887,2180 887,2130"/>
                        <TextEquiv conf="1.0"><Unicode>T</Unicode></TextEquiv>
                    </Glyph>
                    <Glyph id="char_56">
                        <Coords points="920,2126 920,2179 920,2179 920,2126"/>
                        <TextEquiv conf="1.0"><Unicode>Ü</Unicode></TextEquiv>
                    </Glyph>
                    <Glyph id="char_57">
                        <Coords points="957,2131 957,2179 957,2179 957,2131"/>
                        <TextEquiv conf="1.0"><Unicode>B</Unicode></TextEquiv>
                    </Glyph>
                    <Glyph id="char_58">
                        <Coords points="994,2129 994,2178 994,2178 994,2129"/>
                        <TextEquiv conf="1.0"><Unicode>I</Unicode></TextEquiv>
                    </Glyph>
                    <Glyph id="char_59">
                        <Coords points="1019,2128 1019,2178 1019,2178 1019,2128"/>
                        <TextEquiv conf="1.0"><Unicode>N</Unicode></TextEquiv>
                    </Glyph>
                    <Glyph id="char_60">
                        <Coords points="1056,2126 1056,2177 1056,2177 1056,2126"/>
                        <TextEquiv conf="1.0"><Unicode>G</Unicode></TextEquiv>
                    </Glyph>
                    <Glyph id="char_61">
                        <Coords points="1096,2126 1096,2177 1096,2177 1096,2126"/>
                        <TextEquiv conf="1.0"><Unicode>E</Unicode></TextEquiv>
                    </Glyph>
                    <Glyph id="char_62">
                        <Coords points="1129,2128 1129,2176 1129,2176 1129,2128"/>
                        <TextEquiv conf="1.0"><Unicode>N</Unicode></TextEquiv>
                    </Glyph>
                    <Glyph id="char_63">
                        <Coords points="1165,2166 1165,2166 1165,2166 1165,2166"/>
                        <TextEquiv conf="0.9997"><Unicode>.</Unicode></TextEquiv>
                    </Glyph>
                    <TextEquiv conf="1.0"><Unicode>TÜBINGEN.</Unicode></TextEquiv>
                </Word>
                <TextEquiv conf="1.0"><Unicode>TÜBINGEN.</Unicode></TextEquiv>
            </TextLine>
        </TextRegion>
        <TextRegion id="_63eb8cc8-e3f0-45ec-b469-02e28ace9afb" custom="type {type:text;}">
<Coords points="863,2215 1475,2221 1481,2250 1110,2268 1078,2335 1030,2341 958,2329 964,2270 938,2262 543,2250 555,2221 863,2215"/>
            <TextLine id="_5c0124c4-4230-4503-a04e-de65754e5ba2" custom="type {type:default;}">
                <Coords points="1461,2219 1446,2219 1431,2219 1416,2219 1400,2219 1385,2219 1370,2219 1355,2219 1339,2219 1324,2219 1309,2218 1294,2218 1278,2218 1263,2218 1248,2218 1233,2218 1217,2218 1202,2218 1187,2218 1171,2218 1156,2216 1141,2216 1126,2216 1110,2216 1095,2216 1080,2216 1065,2216 1049,2216 1034,2216 1019,2216 1017,2215 627,2218 622,2219 607,2219 592,2219 576,2219 561,2219 549,2233 547,2244 547,2254 1475,2251 1475,2236 1472,2231 1461,2219"/>
                <Baseline points="547,2244 1475,2236"/>
                <Word id="segment_9">
                    <Coords points="558,2223 558,2254 722,2253 722,2217"/>
                    <Glyph id="char_64">
                        <Coords points="558,2223 558,2254 558,2254 558,2223"/>
                        <TextEquiv conf="1.0"><Unicode>G</Unicode></TextEquiv>
                    </Glyph>
                    <Glyph id="char_65">
                        <Coords points="585,2219 585,2254 585,2254 585,2219"/>
                        <TextEquiv conf="1.0"><Unicode>R</Unicode></TextEquiv>
                    </Glyph>
                    <Glyph id="char_66">
                        <Coords points="604,2219 604,2254 604,2254 604,2219"/>
                        <TextEquiv conf="1.0"><Unicode>D</Unicode></TextEquiv>
                    </Glyph>
                    <Glyph id="char_67">
                        <Coords points="629,2218 629,2254 629,2254 629,2218"/>
                        <TextEquiv conf="1.0"><Unicode>R</Unicode></TextEquiv>
                    </Glyph>
                    <Glyph id="char_68">
                        <Coords points="651,2218 651,2254 651,2254 651,2218"/>
                        <TextEquiv conf="0.9977"><Unicode>U</Unicode></TextEquiv>
                    </Glyph>
                    <Glyph id="char_69">
                        <Coords points="673,2218 673,2254 673,2254 673,2218"/>
                        <TextEquiv conf="1.0"><Unicode>C</Unicode></TextEquiv>
                    </Glyph>
                    <Glyph id="char_70">
                        <Coords points="695,2217 695,2254 695,2254 695,2217"/>
                        <TextEquiv conf="0.9999"><Unicode>K</Unicode></TextEquiv>
                    </Glyph>
                    <Glyph id="char_71">
                        <Coords points="722,2217 722,2253 722,2253 722,2217"/>
                        <TextEquiv conf="1.0"><Unicode>T</Unicode></TextEquiv>
                    </Glyph>
                    <TextEquiv conf="0.9997"><Unicode>GRDRUCKT</Unicode></TextEquiv>
                </Word>
                <Word id="segment_10">
                    <Coords points="744,2217 744,2253 747,2253 747,2217"/>
                    <Glyph id="char_72">
                        <Coords points="744,2217 744,2253 747,2253 747,2217"/>
                        <TextEquiv conf="1.0"><Unicode> </Unicode></TextEquiv>
                    </Glyph>
                    <TextEquiv conf="1.0"><Unicode> </Unicode></TextEquiv>
                </Word>
                <Word id="segment_11">
                    <Coords points="755,2217 755,2253 799,2253 799,2217"/>
                    <Glyph id="char_73">
                        <Coords points="755,2217 755,2253 755,2253 755,2217"/>
                        <TextEquiv conf="0.9999"><Unicode>A</Unicode></TextEquiv>
                    </Glyph>
                    <Glyph id="char_74">
                        <Coords points="774,2217 774,2253 774,2253 774,2217"/>
                        <TextEquiv conf="1.0"><Unicode>U</Unicode></TextEquiv>
                    </Glyph>
                    <Glyph id="char_75">
                        <Coords points="799,2217 799,2253 799,2253 799,2217"/>
                        <TextEquiv conf="1.0"><Unicode>F</Unicode></TextEquiv>
                    </Glyph>
                    <TextEquiv conf="1.0"><Unicode>AUF</Unicode></TextEquiv>
                </Word>
                <Word id="segment_12">
                    <Coords points="821,2217 821,2253 823,2253 823,2216"/>
                    <Glyph id="char_76">
                        <Coords points="821,2217 821,2253 823,2253 823,2216"/>
                        <TextEquiv conf="1.0"><Unicode> </Unicode></TextEquiv>
                    </Glyph>
                    <TextEquiv conf="1.0"><Unicode> </Unicode></TextEquiv>
                </Word>
                <Word id="segment_13">
                    <Coords points="834,2216 834,2253 936,2253 936,2216"/>
                    <Glyph id="char_77">
                        <Coords points="834,2216 834,2253 834,2253 834,2216"/>
                        <TextEquiv conf="1.0"><Unicode>K</Unicode></TextEquiv>
                    </Glyph>
                    <Glyph id="char_78">
                        <Coords points="854,2216 854,2253 854,2253 854,2216"/>
                        <TextEquiv conf="0.9999"><Unicode>O</Unicode></TextEquiv>
                    </Glyph>
                    <Glyph id="char_79">
                        <Coords points="875,2216 875,2253 875,2253 875,2216"/>
                        <TextEquiv conf="1.0"><Unicode>S</Unicode></TextEquiv>
                    </Glyph>
                    <Glyph id="char_80">
                        <Coords points="895,2216 895,2253 895,2253 895,2216"/>
                        <TextEquiv conf="1.0"><Unicode>T</Unicode></TextEquiv>
                    </Glyph>
                    <Glyph id="char_81">
                        <Coords points="914,2216 914,2253 914,2253 914,2216"/>
                        <TextEquiv conf="1.0"><Unicode>E</Unicode></TextEquiv>
                    </Glyph>
                    <Glyph id="char_82">
                        <Coords points="933,2216 933,2253 936,2253 936,2216"/>
                        <TextEquiv conf="1.0"><Unicode>N</Unicode></TextEquiv>
                    </Glyph>
                    <TextEquiv conf="1.0"><Unicode>KOSTEN</Unicode></TextEquiv>
                </Word>
                <Word id="segment_14">
                    <Coords points="960,2215 960,2253 963,2253 963,2215"/>
                    <Glyph id="char_83">
                        <Coords points="960,2215 960,2253 963,2253 963,2215"/>
                        <TextEquiv conf="0.9999"><Unicode> </Unicode></TextEquiv>
                    </Glyph>
                    <TextEquiv conf="0.9999"><Unicode> </Unicode></TextEquiv>
                </Word>
                <Word id="segment_15">
                    <Coords points="974,2215 974,2253 1015,2252 1015,2215"/>
                    <Glyph id="char_84">
                        <Coords points="974,2215 974,2253 974,2253 974,2215"/>
                        <TextEquiv conf="1.0"><Unicode>D</Unicode></TextEquiv>
                    </Glyph>
                    <Glyph id="char_85">
                        <Coords points="996,2215 996,2253 996,2253 996,2215"/>
                        <TextEquiv conf="1.0"><Unicode>E</Unicode></TextEquiv>
                    </Glyph>
                    <Glyph id="char_86">
                        <Coords points="1015,2215 1015,2252 1015,2252 1015,2215"/>
                        <TextEquiv conf="0.9997"><Unicode>S</Unicode></TextEquiv>
                    </Glyph>
                    <TextEquiv conf="0.9999"><Unicode>DES</Unicode></TextEquiv>
                </Word>
                <Word id="segment_16">
                    <Coords points="1037,2216 1037,2252 1040,2252 1040,2216"/>
                    <Glyph id="char_87">
                        <Coords points="1037,2216 1037,2252 1040,2252 1040,2216"/>
                        <TextEquiv conf="1.0"><Unicode> </Unicode></TextEquiv>
                    </Glyph>
                    <TextEquiv conf="1.0"><Unicode> </Unicode></TextEquiv>
                </Word>
                <Word id="segment_17">
                    <Coords points="1051,2216 1051,2252 1297,2252 1297,2218"/>
                    <Glyph id="char_88">
                        <Coords points="1051,2216 1051,2252 1051,2252 1051,2216"/>
                        <TextEquiv conf="1.0"><Unicode>I</Unicode></TextEquiv>
                    </Glyph>
                    <Glyph id="char_89">
                        <Coords points="1070,2216 1070,2252 1070,2252 1070,2216"/>
                        <TextEquiv conf="0.9999"><Unicode>I</Unicode></TextEquiv>
                    </Glyph>
                    <Glyph id="char_90">
                        <Coords points="1081,2216 1081,2252 1086,2252 1086,2216"/>
                        <TextEquiv conf="1.0"><Unicode>T</Unicode></TextEquiv>
                    </Glyph>
                    <Glyph id="char_91">
                        <Coords points="1103,2216 1103,2252 1105,2252 1105,2216"/>
                        <TextEquiv conf="1.0"><Unicode>T</Unicode></TextEquiv>
                    </Glyph>
                    <Glyph id="char_92">
                        <Coords points="1122,2216 1122,2252 1122,2252 1122,2216"/>
                        <TextEquiv conf="1.0"><Unicode>E</Unicode></TextEquiv>
                    </Glyph>
                    <Glyph id="char_93">
                        <Coords points="1141,2216 1141,2252 1141,2252 1141,2216"/>
                        <TextEquiv conf="1.0"><Unicode>R</Unicode></TextEquiv>
                    </Glyph>
                    <Glyph id="char_94">
                        <Coords points="1163,2217 1163,2252 1163,2252 1163,2217"/>
                        <TextEquiv conf="0.9998"><Unicode>A</Unicode></TextEquiv>
                    </Glyph>
                    <Glyph id="char_95">
                        <Coords points="1185,2218 1185,2252 1185,2252 1185,2218"/>
                        <TextEquiv conf="1.0"><Unicode>R</Unicode></TextEquiv>
                    </Glyph>
                    <Glyph id="char_96">
                        <Coords points="1204,2218 1204,2252 1204,2252 1204,2218"/>
                        <TextEquiv conf="1.0"><Unicode>I</Unicode></TextEquiv>
                    </Glyph>
                    <Glyph id="char_97">
                        <Coords points="1215,2218 1215,2252 1218,2252 1218,2218"/>
                        <TextEquiv conf="1.0"><Unicode>S</Unicode></TextEquiv>
                    </Glyph>
                    <Glyph id="char_98">
                        <Coords points="1234,2218 1234,2252 1234,2252 1234,2218"/>
                        <TextEquiv conf="1.0"><Unicode>C</Unicode></TextEquiv>
                    </Glyph>
                    <Glyph id="char_99">
                        <Coords points="1253,2218 1253,2252 1253,2252 1253,2218"/>
                        <TextEquiv conf="1.0"><Unicode>H</Unicode></TextEquiv>
                    </Glyph>
                    <Glyph id="char_100">
                        <Coords points="1278,2218 1278,2252 1278,2252 1278,2218"/>
                        <TextEquiv conf="1.0"><Unicode>E</Unicode></TextEquiv>
                    </Glyph>
                    <Glyph id="char_101">
                        <Coords points="1297,2218 1297,2252 1297,2252 1297,2218"/>
                        <TextEquiv conf="1.0"><Unicode>N</Unicode></TextEquiv>
                    </Glyph>
                    <TextEquiv conf="1.0"><Unicode>IITTERARISCHEN</Unicode></TextEquiv>
                </Word>
                <Word id="segment_18">
                    <Coords points="1324,2219 1324,2251 1330,2251 1330,2219"/>
                    <Glyph id="char_102">
                        <Coords points="1324,2219 1324,2251 1330,2251 1330,2219"/>
                        <TextEquiv conf="0.998"><Unicode> </Unicode></TextEquiv>
                    </Glyph>
                    <TextEquiv conf="0.998"><Unicode> </Unicode></TextEquiv>
                </Word>
                <Word id="segment_19">
                    <Coords points="1338,2219 1338,2251 1474,2251 1474,2234"/>
                    <Glyph id="char_103">
                        <Coords points="1338,2219 1338,2251 1338,2251 1338,2219"/>
                        <TextEquiv conf="0.9794"><Unicode>V</Unicode></TextEquiv>
                    </Glyph>
                    <Glyph id="char_104">
                        <Coords points="1360,2219 1360,2251 1360,2251 1360,2219"/>
                        <TextEquiv conf="0.9746"><Unicode>E</Unicode></TextEquiv>
                    </Glyph>
                    <Glyph id="char_105">
                        <Coords points="1379,2219 1379,2251 1379,2251 1379,2219"/>
                        <TextEquiv conf="0.9425"><Unicode>R</Unicode></TextEquiv>
                    </Glyph>
                    <Glyph id="char_106">
                        <Coords points="1401,2219 1401,2251 1401,2251 1401,2219"/>
                        <TextEquiv conf="0.9967"><Unicode>E</Unicode></TextEquiv>
                    </Glyph>
                    <Glyph id="char_107">
                        <Coords points="1420,2219 1420,2251 1420,2251 1420,2219"/>
                        <TextEquiv conf="0.999"><Unicode>I</Unicode></TextEquiv>
                    </Glyph>
                    <Glyph id="char_108">
                        <Coords points="1434,2219 1434,2251 1434,2251 1434,2219"/>
                        <TextEquiv conf="0.9902"><Unicode>N</Unicode></TextEquiv>
                    </Glyph>
                    <Glyph id="char_109">
                        <Coords points="1456,2219 1456,2251 1456,2251 1456,2219"/>
                        <TextEquiv conf="0.6777"><Unicode>s</Unicode></TextEquiv>
                    </Glyph>
                    <Glyph id="char_110">
                        <Coords points="1474,2234 1474,2251 1474,2251 1474,2234"/>
                        <TextEquiv conf="0.753"><Unicode>.</Unicode></TextEquiv>
                    </Glyph>
                    <TextEquiv conf="0.9141"><Unicode>VEREINs.</Unicode></TextEquiv>
                </Word>
                <TextEquiv conf="0.9853"><Unicode>GRDRUCKT AUF KOSTEN DES IITTERARISCHEN VEREINs.</Unicode></TextEquiv>
            </TextLine>

            <TextLine id="_d14bf998-f25a-409f-8845-466c6e602300" custom="type {type:default;}">
                <Coords points="970,2314 969,2326 1075,2329 1078,2317 1078,2288 1010,2277 1008,2277 970,2283 970,2314"/>
                <Baseline points="970,2314 1078,2317"/>
                <Word id="segment_20">
                    <Coords points="988,2280 987,2326 1078,2317 1078,2317"/>
                    <Glyph id="char_111">
                        <Coords points="988,2280 987,2326 987,2326 988,2280"/>
                        <TextEquiv conf="0.9999"><Unicode>1</Unicode></TextEquiv>
                    </Glyph>
                    <Glyph id="char_112">
                        <Coords points="1005,2277 1004,2327 1004,2327 1005,2277"/>
                        <TextEquiv conf="1.0"><Unicode>9</Unicode></TextEquiv>
                    </Glyph>
                    <Glyph id="char_113">
                        <Coords points="1026,2280 1025,2328 1025,2328 1026,2280"/>
                        <TextEquiv conf="1.0"><Unicode>0</Unicode></TextEquiv>
                    </Glyph>
                    <Glyph id="char_114">
                        <Coords points="1050,2283 1049,2328 1049,2328 1050,2283"/>
                        <TextEquiv conf="1.0"><Unicode>4</Unicode></TextEquiv>
                    </Glyph>
                    <Glyph id="char_115">
                        <Coords points="1078,2317 1078,2317 1078,2317 1078,2317"/>
                        <TextEquiv conf="0.9999"><Unicode>.</Unicode></TextEquiv>
                    </Glyph>
                    <TextEquiv conf="1.0"><Unicode>1904.</Unicode></TextEquiv>
                </Word>
                <TextEquiv conf="1.0"><Unicode>1904.</Unicode></TextEquiv>
            </TextLine>
        </TextRegion>
    </Page>
</PcGts>