<?xml version="1.0" encoding="UTF-8"?>
<PcGts xmlns="http://schema.primaresearch.org/PAGE/gts/pagecontent/2019-07-15" xmlns:xsi="http://www.w3.org/2001/XMLSchema-instance" xsi:schemaLocation="http://schema.primaresearch.org/PAGE/gts/pagecontent/2019-07-15 http://schema.primaresearch.org/PAGE/gts/pagecontent/2019-07-15/pagecontent.xsd">
    <Metadata>
        <Creator>kraken 6.0.3</Creator>
        <Created>2026-01-20T01:01:02.806638+00:00</Created>
        <LastChange>2026-01-20T01:01:02.806638+00:00</LastChange>
    </Metadata>
    <Page imageFilename="/tmp/tmpyfw82ukv.png" imageWidth="2025" imageHeight="2746">
        <TextRegion id="_059c11f4-7c51-43ae-a5f7-c4a9b115c393" custom="type {type:text;}">
<Coords points="814,1275 1292,1281 1298,1310 1274,1334 1165,1347 1133,1408 891,1408 854,1401 805,1328 814,1275"/>
            <TextLine id="_33b68c21-2721-4b7c-bc5c-6a2cae3e45b8" custom="type {type:default;}">
                <Coords points="1290,1286 1275,1279 1260,1279 1245,1279 1229,1279 1214,1279 1199,1279 1184,1279 802,1279 802,1304 802,1318 1292,1318 1292,1304 1292,1293 1290,1286"/>
                <Baseline points="802,1304 1292,1304"/>
                <Word id="segment_0">
                    <Coords points="818,1279 818,1318 879,1318 879,1279"/>
                    <Glyph id="char_0">
                        <Coords points="818,1279 818,1318 818,1318 818,1279"/>
                        <TextEquiv conf="1.0"><Unicode>A</Unicode></TextEquiv>
                    </Glyph>
                    <Glyph id="char_1">
                        <Coords points="839,1279 839,1318 839,1318 839,1279"/>
                        <TextEquiv conf="1.0"><Unicode>I</Unicode></TextEquiv>
                    </Glyph>
                    <Glyph id="char_2">
                        <Coords points="850,1279 850,1318 850,1318 850,1279"/>
                        <TextEquiv conf="1.0"><Unicode>.</Unicode></TextEquiv>
                    </Glyph>
                    <Glyph id="char_3">
                        <Coords points="858,1279 858,1318 858,1318 858,1279"/>
                        <TextEquiv conf="0.9991"><Unicode>L</Unicode></TextEquiv>
                    </Glyph>
                    <Glyph id="char_4">
                        <Coords points="879,1279 879,1318 879,1318 879,1279"/>
                        <TextEquiv conf="1.0"><Unicode>E</Unicode></TextEquiv>
                    </Glyph>
                    <TextEquiv conf="0.9998"><Unicode>AI.LE</Unicode></TextEquiv>
                </Word>
                <Word id="segment_1">
                    <Coords points="903,1279 903,1318 906,1318 906,1279"/>
                    <Glyph id="char_5">
                        <Coords points="903,1279 903,1318 906,1318 906,1279"/>
                        <TextEquiv conf="1.0"><Unicode> </Unicode></TextEquiv>
                    </Glyph>
                    <TextEquiv conf="1.0"><Unicode> </Unicode></TextEquiv>
                </Word>
                <Word id="segment_2">
                    <Coords points="917,1279 917,1318 1021,1318 1021,1279"/>
                    <Glyph id="char_6">
                        <Coords points="917,1279 917,1318 917,1318 917,1279"/>
                        <TextEquiv conf="1.0"><Unicode>R</Unicode></TextEquiv>
                    </Glyph>
                    <Glyph id="char_7">
                        <Coords points="938,1279 938,1318 938,1318 938,1279"/>
                        <TextEquiv conf="1.0"><Unicode>E</Unicode></TextEquiv>
                    </Glyph>
                    <Glyph id="char_8">
                        <Coords points="957,1279 957,1318 957,1318 957,1279"/>
                        <TextEquiv conf="1.0"><Unicode>C</Unicode></TextEquiv>
                    </Glyph>
                    <Glyph id="char_9">
                        <Coords points="975,1279 975,1318 975,1318 975,1279"/>
                        <TextEquiv conf="1.0"><Unicode>H</Unicode></TextEquiv>
                    </Glyph>
                    <Glyph id="char_10">
                        <Coords points="999,1279 999,1318 999,1318 999,1279"/>
                        <TextEquiv conf="1.0"><Unicode>T</Unicode></TextEquiv>
                    </Glyph>
                    <Glyph id="char_11">
                        <Coords points="1021,1279 1021,1318 1021,1318 1021,1279"/>
                        <TextEquiv conf="1.0"><Unicode>R</Unicode></TextEquiv>
                    </Glyph>
                    <TextEquiv conf="1.0"><Unicode>RECHTR</Unicode></TextEquiv>
                </Word>
                <Word id="segment_3">
                    <Coords points="1048,1279 1048,1318 1050,1318 1050,1279"/>
                    <Glyph id="char_12">
                        <Coords points="1048,1279 1048,1318 1050,1318 1050,1279"/>
                        <TextEquiv conf="1.0"><Unicode> </Unicode></TextEquiv>
                    </Glyph>
                    <TextEquiv conf="1.0"><Unicode> </Unicode></TextEquiv>
                </Word>
                <Word id="segment_4">
                    <Coords points="1058,1279 1058,1318 1292,1318 1292,1304"/>
                    <Glyph id="char_13">
                        <Coords points="1058,1279 1058,1318 1058,1318 1058,1279"/>
                        <TextEquiv conf="1.0"><Unicode>V</Unicode></TextEquiv>
                    </Glyph>
                    <Glyph id="char_14">
                        <Coords points="1077,1279 1077,1318 1077,1318 1077,1279"/>
                        <TextEquiv conf="1.0"><Unicode>O</Unicode></TextEquiv>
                    </Glyph>
                    <Glyph id="char_15">
                        <Coords points="1098,1279 1098,1318 1098,1318 1098,1279"/>
                        <TextEquiv conf="1.0"><Unicode>R</Unicode></TextEquiv>
                    </Glyph>
                    <Glyph id="char_16">
                        <Coords points="1120,1279 1120,1318 1120,1318 1120,1279"/>
                        <TextEquiv conf="1.0"><Unicode>B</Unicode></TextEquiv>
                    </Glyph>
                    <Glyph id="char_17">
                        <Coords points="1141,1279 1141,1318 1141,1318 1141,1279"/>
                        <TextEquiv conf="1.0"><Unicode>E</Unicode></TextEquiv>
                    </Glyph>
                    <Glyph id="char_18">
                        <Coords points="1160,1279 1160,1318 1160,1318 1160,1279"/>
                        <TextEquiv conf="1.0"><Unicode>H</Unicode></TextEquiv>
                    </Glyph>
                    <Glyph id="char_19">
                        <Coords points="1186,1279 1186,1318 1186,1318 1186,1279"/>
                        <TextEquiv conf="1.0"><Unicode>A</Unicode></TextEquiv>
                    </Glyph>
                    <Glyph id="char_20">
                        <Coords points="1205,1279 1205,1318 1205,1318 1205,1279"/>
                        <TextEquiv conf="1.0"><Unicode>L</Unicode></TextEquiv>
                    </Glyph>
                    <Glyph id="char_21">
                        <Coords points="1229,1279 1229,1318 1229,1318 1229,1279"/>
                        <TextEquiv conf="0.9993"><Unicode>T</Unicode></TextEquiv>
                    </Glyph>
                    <Glyph id="char_22">
                        <Coords points="1245,1279 1245,1318 1245,1318 1245,1279"/>
                        <TextEquiv conf="1.0"><Unicode>E</Unicode></TextEquiv>
                    </Glyph>
                    <Glyph id="char_23">
                        <Coords points="1264,1279 1264,1318 1264,1318 1264,1279"/>
                        <TextEquiv conf="1.0"><Unicode>N</Unicode></TextEquiv>
                    </Glyph>
                    <Glyph id="char_24">
                        <Coords points="1292,1304 1292,1318 1292,1318 1292,1304"/>
                        <TextEquiv conf="0.9992"><Unicode>.</Unicode></TextEquiv>
                    </Glyph>
                    <TextEquiv conf="0.9999"><Unicode>VORBEHALTEN.</Unicode></TextEquiv>
                </Word>
                <TextEquiv conf="0.9999"><Unicode>AI.LE RECHTR VORBEHALTEN.</Unicode></TextEquiv>
            </TextLine>

            <TextLine id="_17fbaa19-a61c-4ebc-8a0a-b0990c934446" custom="type {type:default;}">
                <Coords points="866,1373 865,1382 1127,1391 1130,1376 1130,1333 1109,1325 1107,1325 1106,1325 1104,1325 1103,1325 1103,1327 1086,1342 1037,1342 1010,1337 994,1322 994,1321 993,1321 991,1321 930,1321 929,1321 927,1321 926,1321 907,1336 891,1322 889,1322 888,1322 886,1322 885,1322 883,1322 866,1334 866,1373"/>
                <Baseline points="866,1373 1130,1376"/>
                <Word id="segment_5">
                    <Coords points="886,1322 885,1383 1103,1390 1104,1325"/>
                    <Glyph id="char_25">
                        <Coords points="886,1322 885,1383 885,1383 886,1322"/>
                        <TextEquiv conf="1.0"><Unicode>1</Unicode></TextEquiv>
                    </Glyph>
                    <Glyph id="char_26">
                        <Coords points="918,1328 917,1384 917,1384 918,1328"/>
                        <TextEquiv conf="1.0"><Unicode>3</Unicode></TextEquiv>
                    </Glyph>
                    <Glyph id="char_27">
                        <Coords points="969,1321 968,1386 968,1386 969,1321"/>
                        <TextEquiv conf="1.0"><Unicode>9</Unicode></TextEquiv>
                    </Glyph>
                    <Glyph id="char_28">
                        <Coords points="1010,1337 1010,1387 1010,1387 1010,1337"/>
                        <TextEquiv conf="1.0"><Unicode>5</Unicode></TextEquiv>
                    </Glyph>
                    <Glyph id="char_29">
                        <Coords points="1057,1342 1057,1389 1057,1389 1057,1342"/>
                        <TextEquiv conf="1.0"><Unicode>5</Unicode></TextEquiv>
                    </Glyph>
                    <Glyph id="char_30">
                        <Coords points="1104,1325 1103,1390 1103,1390 1104,1325"/>
                        <TextEquiv conf="1.0"><Unicode>3</Unicode></TextEquiv>
                    </Glyph>
                    <TextEquiv conf="1.0"><Unicode>139553</Unicode></TextEquiv>
                </Word>
                <TextEquiv conf="1.0"><Unicode>139553</Unicode></TextEquiv>
            </TextLine>
        </TextRegion>
        <TextRegion id="_23551eac-9f61-4df6-829f-a5e541437cc5" custom="type {type:text;}">
<Coords points="813,1855 1426,1861 1439,1963 1390,1987 1213,1993 482,1981 476,1873 494,1861 813,1855"/>
            <TextLine id="_dc3d796e-2d2d-4b32-af0e-eb665823444a" custom="type {type:default;}">
                <Coords points="514,1957 511,1967 518,1967 521,1958 521,1938 517,1937 514,1957"/>
                <Baseline points="514,1957 521,1958"/>
                <Word id="segment_6">
                    <Coords points="521,1938 517,1967 517,1967 521,1938"/>
                    <Glyph id="char_31">
                        <Coords points="521,1938 517,1967 517,1967 521,1938"/>
                        <TextEquiv conf="0.9961"><Unicode>.</Unicode></TextEquiv>
                    </Glyph>
                    <TextEquiv conf="0.9961"><Unicode>.</Unicode></TextEquiv>
                </Word>
                <TextEquiv conf="0.9961"><Unicode>.</Unicode></TextEquiv>
            </TextLine>

            <TextLine id="_cc91c92f-65ac-4386-a0f8-0550965e6e22" custom="type {type:default;}">
                <Coords points="553,1957 552,1967 875,1967 877,1955 877,1937 741,1934 737,1926 735,1926 735,1925 734,1925 732,1925 730,1925 553,1932 553,1957"/>
                <Baseline points="553,1957 624,1951 877,1955"/>
                <Word id="segment_7">
                    <Coords points="588,1931 591,1967 877,1957 877,1937"/>
                    <Glyph id="char_32">
                        <Coords points="588,1931 591,1967 591,1967 588,1931"/>
                        <TextEquiv conf="1.0"><Unicode>1</Unicode></TextEquiv>
                    </Glyph>
                    <Glyph id="char_33">
                        <Coords points="682,1927 682,1967 682,1967 682,1927"/>
                        <TextEquiv conf="0.6873"><Unicode>.</Unicode></TextEquiv>
                    </Glyph>
                    <Glyph id="char_34">
                        <Coords points="726,1925 726,1967 726,1967 726,1925"/>
                        <TextEquiv conf="1.0"><Unicode>:</Unicode></TextEquiv>
                    </Glyph>
                    <Glyph id="char_35">
                        <Coords points="786,1935 786,1967 786,1967 786,1935"/>
                        <TextEquiv conf="0.9981"><Unicode>:</Unicode></TextEquiv>
                    </Glyph>
                    <Glyph id="char_36">
                        <Coords points="812,1936 812,1967 812,1967 812,1936"/>
                        <TextEquiv conf="0.9983"><Unicode>:</Unicode></TextEquiv>
                    </Glyph>
                    <Glyph id="char_37">
                        <Coords points="877,1937 877,1957 877,1957 877,1937"/>
                        <TextEquiv conf="0.8189"><Unicode>.</Unicode></TextEquiv>
                    </Glyph>
                    <TextEquiv conf="0.9171"><Unicode>1.:::.</Unicode></TextEquiv>
                </Word>
                <TextEquiv conf="0.9171"><Unicode>1.:::.</Unicode></TextEquiv>
            </TextLine>

            <TextLine id="_8e38a00f-d4c0-4f51-9b6f-a2854248a38a" custom="type {type:default;}">
                <Coords points="944,1955 944,1961 1019,1961 1019,1955 1019,1932 944,1928 944,1955"/>
                <Baseline points="944,1955 1019,1955"/>
                <Word id="segment_8">
                    <Coords points="965,1929 965,1961 979,1961 979,1930"/>
                    <Glyph id="char_38">
                        <Coords points="965,1929 965,1961 967,1961 967,1929"/>
                        <TextEquiv conf="0.7999"><Unicode>.</Unicode></TextEquiv>
                    </Glyph>
                    <Glyph id="char_39">
                        <Coords points="979,1930 979,1961 979,1961 979,1930"/>
                        <TextEquiv conf="0.9998"><Unicode>*</Unicode></TextEquiv>
                    </Glyph>
                    <TextEquiv conf="0.8999"><Unicode>.*</Unicode></TextEquiv>
                </Word>
                <TextEquiv conf="0.8999"><Unicode>.*</Unicode></TextEquiv>
            </TextLine>
        </TextRegion>
        <TextRegion id="_71df6c62-c19d-4bc5-a5b5-15c0c4ac99d0" custom="type {type:text;}">
<Coords points="717,2331 1280,2331 1371,2337 1377,2360 1359,2384 1280,2390 824,2390 701,2372 717,2331"/>
            <TextLine id="_f5ae8118-955a-46cc-8487-f35e1c806e14" custom="type {type:default;}">
                <Coords points="1362,2335 717,2335 708,2349 708,2361 708,2373 1370,2370 1371,2358 1368,2343 1362,2335"/>
                <Baseline points="708,2361 1371,2358"/>
                <Word id="segment_9">
                    <Coords points="726,2335 726,2373 807,2373 807,2335"/>
                    <Glyph id="char_40">
                        <Coords points="726,2335 726,2373 726,2373 726,2335"/>
                        <TextEquiv conf="1.0"><Unicode>D</Unicode></TextEquiv>
                    </Glyph>
                    <Glyph id="char_41">
                        <Coords points="746,2335 746,2373 746,2373 746,2335"/>
                        <TextEquiv conf="1.0"><Unicode>R</Unicode></TextEquiv>
                    </Glyph>
                    <Glyph id="char_42">
                        <Coords points="766,2335 766,2373 766,2373 766,2335"/>
                        <TextEquiv conf="1.0"><Unicode>U</Unicode></TextEquiv>
                    </Glyph>
                    <Glyph id="char_43">
                        <Coords points="789,2335 789,2373 789,2373 789,2335"/>
                        <TextEquiv conf="1.0"><Unicode>C</Unicode></TextEquiv>
                    </Glyph>
                    <Glyph id="char_44">
                        <Coords points="807,2335 807,2373 807,2373 807,2335"/>
                        <TextEquiv conf="1.0"><Unicode>K</Unicode></TextEquiv>
                    </Glyph>
                    <TextEquiv conf="1.0"><Unicode>DRUCK</Unicode></TextEquiv>
                </Word>
                <Word id="segment_10">
                    <Coords points="835,2335 835,2372 840,2372 840,2335"/>
                    <Glyph id="char_45">
                        <Coords points="835,2335 835,2372 840,2372 840,2335"/>
                        <TextEquiv conf="1.0"><Unicode> </Unicode></TextEquiv>
                    </Glyph>
                    <TextEquiv conf="1.0"><Unicode> </Unicode></TextEquiv>
                </Word>
                <Word id="segment_11">
                    <Coords points="845,2335 845,2372 888,2372 888,2335"/>
                    <Glyph id="char_46">
                        <Coords points="845,2335 845,2372 845,2372 845,2335"/>
                        <TextEquiv conf="1.0"><Unicode>V</Unicode></TextEquiv>
                    </Glyph>
                    <Glyph id="char_47">
                        <Coords points="868,2335 868,2372 868,2372 868,2335"/>
                        <TextEquiv conf="1.0"><Unicode>O</Unicode></TextEquiv>
                    </Glyph>
                    <Glyph id="char_48">
                        <Coords points="888,2335 888,2372 888,2372 888,2335"/>
                        <TextEquiv conf="1.0"><Unicode>N</Unicode></TextEquiv>
                    </Glyph>
                    <TextEquiv conf="1.0"><Unicode>VON</Unicode></TextEquiv>
                </Word>
                <Word id="segment_12">
                    <Coords points="914,2335 914,2372 916,2372 916,2335"/>
                    <Glyph id="char_49">
                        <Coords points="914,2335 914,2372 916,2372 916,2335"/>
                        <TextEquiv conf="1.0"><Unicode> </Unicode></TextEquiv>
                    </Glyph>
                    <TextEquiv conf="1.0"><Unicode> </Unicode></TextEquiv>
                </Word>
                <Word id="segment_13">
                    <Coords points="926,2335 926,2372 965,2372 965,2335"/>
                    <Glyph id="char_50">
                        <Coords points="926,2335 926,2372 926,2372 926,2335"/>
                        <TextEquiv conf="1.0"><Unicode>M</Unicode></TextEquiv>
                    </Glyph>
                    <Glyph id="char_51">
                        <Coords points="962,2335 962,2372 965,2372 965,2335"/>
                        <TextEquiv conf="1.0"><Unicode>.</Unicode></TextEquiv>
                    </Glyph>
                    <TextEquiv conf="1.0"><Unicode>M.</Unicode></TextEquiv>
                </Word>
                <Word id="segment_14">
                    <Coords points="967,2335 967,2372 970,2372 970,2335"/>
                    <Glyph id="char_52">
                        <Coords points="967,2335 967,2372 970,2372 970,2335"/>
                        <TextEquiv conf="1.0"><Unicode> </Unicode></TextEquiv>
                    </Glyph>
                    <TextEquiv conf="1.0"><Unicode> </Unicode></TextEquiv>
                </Word>
                <Word id="segment_15">
                    <Coords points="977,2335 977,2372 1059,2371 1059,2335"/>
                    <Glyph id="char_53">
                        <Coords points="977,2335 977,2372 977,2372 977,2335"/>
                        <TextEquiv conf="1.0"><Unicode>L</Unicode></TextEquiv>
                    </Glyph>
                    <Glyph id="char_54">
                        <Coords points="998,2335 998,2372 998,2372 998,2335"/>
                        <TextEquiv conf="1.0"><Unicode>A</Unicode></TextEquiv>
                    </Glyph>
                    <Glyph id="char_55">
                        <Coords points="1018,2335 1018,2372 1018,2372 1018,2335"/>
                        <TextEquiv conf="1.0"><Unicode>U</Unicode></TextEquiv>
                    </Glyph>
                    <Glyph id="char_56">
                        <Coords points="1041,2335 1041,2371 1041,2371 1041,2335"/>
                        <TextEquiv conf="1.0"><Unicode>P</Unicode></TextEquiv>
                    </Glyph>
                    <Glyph id="char_57">
                        <Coords points="1059,2335 1059,2371 1059,2371 1059,2335"/>
                        <TextEquiv conf="1.0"><Unicode>P</Unicode></TextEquiv>
                    </Glyph>
                    <TextEquiv conf="1.0"><Unicode>LAUPP</Unicode></TextEquiv>
                </Word>
                <Word id="segment_16">
                    <Coords points="1084,2335 1084,2371 1086,2371 1086,2335"/>
                    <Glyph id="char_58">
                        <Coords points="1084,2335 1084,2371 1086,2371 1086,2335"/>
                        <TextEquiv conf="1.0"><Unicode> </Unicode></TextEquiv>
                    </Glyph>
                    <TextEquiv conf="1.0"><Unicode> </Unicode></TextEquiv>
                </Word>
                <Word id="segment_17">
                    <Coords points="1094,2335 1094,2371 1112,2371 1112,2335"/>
                    <Glyph id="char_59">
                        <Coords points="1094,2335 1094,2371 1094,2371 1094,2335"/>
                        <TextEquiv conf="0.9999"><Unicode>I</Unicode></TextEquiv>
                    </Glyph>
                    <Glyph id="char_60">
                        <Coords points="1112,2335 1112,2371 1112,2371 1112,2335"/>
                        <TextEquiv conf="0.9999"><Unicode>R</Unicode></TextEquiv>
                    </Glyph>
                    <TextEquiv conf="0.9999"><Unicode>IR</Unicode></TextEquiv>
                </Word>
                <Word id="segment_18">
                    <Coords points="1137,2335 1137,2371 1140,2371 1140,2335"/>
                    <Glyph id="char_61">
                        <Coords points="1137,2335 1137,2371 1140,2371 1140,2335"/>
                        <TextEquiv conf="1.0"><Unicode> </Unicode></TextEquiv>
                    </Glyph>
                    <TextEquiv conf="1.0"><Unicode> </Unicode></TextEquiv>
                </Word>
                <Word id="segment_19">
                    <Coords points="1150,2335 1150,2371 1163,2371 1163,2335"/>
                    <Glyph id="char_62">
                        <Coords points="1150,2335 1150,2371 1150,2371 1150,2335"/>
                        <TextEquiv conf="1.0"><Unicode>I</Unicode></TextEquiv>
                    </Glyph>
                    <Glyph id="char_63">
                        <Coords points="1163,2335 1163,2371 1163,2371 1163,2335"/>
                        <TextEquiv conf="1.0"><Unicode>N</Unicode></TextEquiv>
                    </Glyph>
                    <TextEquiv conf="1.0"><Unicode>IN</Unicode></TextEquiv>
                </Word>
                <Word id="segment_20">
                    <Coords points="1191,2335 1191,2371 1193,2371 1193,2335"/>
                    <Glyph id="char_64">
                        <Coords points="1191,2335 1191,2371 1193,2371 1193,2335"/>
                        <TextEquiv conf="1.0"><Unicode> </Unicode></TextEquiv>
                    </Glyph>
                    <TextEquiv conf="1.0"><Unicode> </Unicode></TextEquiv>
                </Word>
                <Word id="segment_21">
                    <Coords points="1201,2335 1201,2371 1370,2369 1370,2353"/>
                    <Glyph id="char_65">
                        <Coords points="1201,2335 1201,2371 1203,2371 1203,2335"/>
                        <TextEquiv conf="1.0"><Unicode>T</Unicode></TextEquiv>
                    </Glyph>
                    <Glyph id="char_66">
                        <Coords points="1221,2335 1221,2371 1221,2371 1221,2335"/>
                        <TextEquiv conf="1.0"><Unicode>O</Unicode></TextEquiv>
                    </Glyph>
                    <Glyph id="char_67">
                        <Coords points="1244,2335 1244,2371 1244,2371 1244,2335"/>
                        <TextEquiv conf="1.0"><Unicode>B</Unicode></TextEquiv>
                    </Glyph>
                    <Glyph id="char_68">
                        <Coords points="1264,2335 1264,2370 1264,2370 1264,2335"/>
                        <TextEquiv conf="0.7325"><Unicode>I</Unicode></TextEquiv>
                    </Glyph>
                    <Glyph id="char_69">
                        <Coords points="1277,2335 1277,2370 1277,2370 1277,2335"/>
                        <TextEquiv conf="0.9978"><Unicode>N</Unicode></TextEquiv>
                    </Glyph>
                    <Glyph id="char_70">
                        <Coords points="1297,2335 1297,2370 1297,2370 1297,2335"/>
                        <TextEquiv conf="0.9992"><Unicode>G</Unicode></TextEquiv>
                    </Glyph>
                    <Glyph id="char_71">
                        <Coords points="1320,2335 1320,2370 1320,2370 1320,2335"/>
                        <TextEquiv conf="0.9958"><Unicode>E</Unicode></TextEquiv>
                    </Glyph>
                    <Glyph id="char_72">
                        <Coords points="1341,2335 1341,2370 1341,2370 1341,2335"/>
                        <TextEquiv conf="0.9996"><Unicode>N</Unicode></TextEquiv>
                    </Glyph>
                    <Glyph id="char_73">
                        <Coords points="1370,2353 1370,2369 1370,2369 1370,2353"/>
                        <TextEquiv conf="0.9996"><Unicode>.</Unicode></TextEquiv>
                    </Glyph>
                    <TextEquiv conf="0.9694"><Unicode>TOBINGEN.</Unicode></TextEquiv>
                </Word>
                <TextEquiv conf="0.9919"><Unicode>DRUCK VON M. LAUPP IR IN TOBINGEN.</Unicode></TextEquiv>
            </TextLine>
        </TextRegion>
    </Page>
</PcGts>