<?xml version="1.0" encoding="UTF-8"?>
<PcGts xmlns="http://schema.primaresearch.org/PAGE/gts/pagecontent/2019-07-15" xmlns:xsi="http://www.w3.org/2001/XMLSchema-instance" xsi:schemaLocation="http://schema.primaresearch.org/PAGE/gts/pagecontent/2019-07-15 http://schema.primaresearch.org/PAGE/gts/pagecontent/2019-07-15/pagecontent.xsd">
    <Metadata>
        <Creator>kraken 6.0.3</Creator>
        <Created>2026-01-20T00:59:30.242095+00:00</Created>
        <LastChange>2026-01-20T00:59:30.242095+00:00</LastChange>
    </Metadata>
    <Page imageFilename="/tmp/tmpl98mtu14.png" imageWidth="2025" imageHeight="2746">
        <TextRegion id="_03dfb7aa-0fd9-405d-8d5d-91aedd4730aa" custom="type {type:text;}">
<Coords points="325,115 499,128 505,205 468,225 444,291 299,291 280,273 286,140 325,115"/>
            <TextLine id="_693c7122-bb5a-43a4-bccc-8a81520f61b4" custom="type {type:default;}">
                <Coords points="358,270 376,277 379,263 375,210 354,205 358,265 358,270"/>
                <Baseline points="358,265 379,263"/>
                
            </TextLine>

            <TextLine id="_3212e5c2-cd73-4948-ac93-8222ed284961" custom="type {type:default;}">
                <Coords points="466,125 451,123 433,141 421,141 421,170 419,186 422,189 424,189 424,190 425,190 427,190 428,190 430,190 451,180 483,189 488,172 488,129 470,125 466,125"/>
                <Baseline points="421,170 488,172"/>
                <Word id="segment_0">
                    <Coords points="445,129 444,184 467,184 468,125"/>
                    <Glyph id="char_0">
                        <Coords points="445,129 444,184 444,184 445,129"/>
                        <TextEquiv conf="0.9879"><Unicode>.</Unicode></TextEquiv>
                    </Glyph>
                    <Glyph id="char_1">
                        <Coords points="468,125 467,184 467,184 468,125"/>
                        <TextEquiv conf="1.0"><Unicode>V</Unicode></TextEquiv>
                    </Glyph>
                    <TextEquiv conf="0.9939"><Unicode>.V</Unicode></TextEquiv>
                </Word>
                <TextEquiv conf="0.9939"><Unicode>.V</Unicode></TextEquiv>
            </TextLine>
        </TextRegion>
        <TextRegion id="_b73d0705-61c3-47da-ac75-a68e963b1eea" custom="type {type:text;}">
<Coords points="1576,201 1585,207 1579,218 1574,218 1576,201"/>        </TextRegion>
    </Page>
</PcGts>