<?xml version="1.0" encoding="UTF-8"?>
<PcGts xmlns="http://schema.primaresearch.org/PAGE/gts/pagecontent/2019-07-15" xmlns:xsi="http://www.w3.org/2001/XMLSchema-instance" xsi:schemaLocation="http://schema.primaresearch.org/PAGE/gts/pagecontent/2019-07-15 http://schema.primaresearch.org/PAGE/gts/pagecontent/2019-07-15/pagecontent.xsd">
    <Metadata>
        <Creator>kraken 6.0.3</Creator>
        <Created>2026-01-20T00:59:43.629194+00:00</Created>
        <LastChange>2026-01-20T00:59:43.629194+00:00</LastChange>
    </Metadata>
    <Page imageFilename="/tmp/tmphuvfi9od.png" imageWidth="2025" imageHeight="2746">
        <TextRegion id="_766fe813-1da4-4d08-8ebd-27eb2ed349fc" custom="type {type:text;}">
<Coords points="1574,927 1585,927 1585,932 1574,932 1574,927"/>        </TextRegion>
    </Page>
</PcGts>