<?xml version="1.0" encoding="UTF-8"?>
<PcGts xmlns="http://schema.primaresearch.org/PAGE/gts/pagecontent/2019-07-15" xmlns:xsi="http://www.w3.org/2001/XMLSchema-instance" xsi:schemaLocation="http://schema.primaresearch.org/PAGE/gts/pagecontent/2019-07-15 http://schema.primaresearch.org/PAGE/gts/pagecontent/2019-07-15/pagecontent.xsd">
    <Metadata>
        <Creator>kraken 6.0.3</Creator>
        <Created>2026-01-20T00:59:02.826846+00:00</Created>
        <LastChange>2026-01-20T00:59:02.826846+00:00</LastChange>
    </Metadata>
    <Page imageFilename="/tmp/tmpqj807gg8.png" imageWidth="2025" imageHeight="2746">
        <TextRegion id="_f08a6294-c7bf-436d-8c83-5dc9d99da355" custom="type {type:text;}">
<Coords points="849,122 1384,122 1554,152 1579,608 1603,677 1585,846 1622,854 1628,932 1609,980 1554,994 1573,1017 1524,1037 1500,1109 1562,1159 1622,1165 1652,1202 1634,1365 1652,1379 1658,1578 1707,1647 1707,1884 1677,2048 1458,2176 1469,2225 1439,2251 1439,2286 1335,2294 1355,2318 1439,2324 1432,2390 1469,2446 1445,2512 1396,2549 1098,2567 1023,2518 390,2518 415,2453 372,2408 378,2147 305,2012 292,1932 292,1031 335,970 712,982 738,958 798,964 804,926 738,926 732,903 810,903 824,842 700,791 573,791 616,657 608,565 433,572 329,541 311,433 335,225 366,158 560,176 665,128 849,122"/>
            <TextLine id="_73a9e320-74d3-44c3-935d-3c7e695b98fc" custom="type {type:default;}">
                <Coords points="352,324 352,332 387,341 389,341 430,334 430,324 430,306 352,306 352,324"/>
                <Baseline points="352,324 430,324"/>
                <Word id="segment_0">
                    <Coords points="364,306 364,335 414,337 414,306"/>
                    <Glyph id="char_0">
                        <Coords points="364,306 364,335 364,335 364,306"/>
                        <TextEquiv conf="0.9998"><Unicode>.</Unicode></TextEquiv>
                    </Glyph>
                    <Glyph id="char_1">
                        <Coords points="396,306 396,340 396,340 396,306"/>
                        <TextEquiv conf="1.0"><Unicode>1</Unicode></TextEquiv>
                    </Glyph>
                    <Glyph id="char_2">
                        <Coords points="414,306 414,337 414,337 414,306"/>
                        <TextEquiv conf="1.0"><Unicode>.</Unicode></TextEquiv>
                    </Glyph>
                    <TextEquiv conf="0.9999"><Unicode>.1.</Unicode></TextEquiv>
                </Word>
                <Word id="segment_1">
                    <Coords points="416,306 416,336 416,336 416,306"/>
                    <Glyph id="char_3">
                        <Coords points="416,306 416,336 416,336 416,306"/>
                        <TextEquiv conf="1.0"><Unicode> </Unicode></TextEquiv>
                    </Glyph>
                    <TextEquiv conf="1.0"><Unicode> </Unicode></TextEquiv>
                </Word>
                <Word id="segment_2">
                    <Coords points="430,324 430,334 430,334 430,324"/>
                    <Glyph id="char_4">
                        <Coords points="430,324 430,334 430,334 430,324"/>
                        <TextEquiv conf="0.9754"><Unicode>.</Unicode></TextEquiv>
                    </Glyph>
                    <TextEquiv conf="0.9754"><Unicode>.</Unicode></TextEquiv>
                </Word>
                <TextEquiv conf="0.995"><Unicode>.1. .</Unicode></TextEquiv>
            </TextLine>

            <TextLine id="_a4f7301c-a933-4b59-a425-869c5de12964" custom="type {type:default;}">
                <Coords points="315,1700 315,1707 346,1714 347,1714 349,1714 375,1704 401,1711 402,1711 404,1711 405,1711 407,1711 418,1702 418,1696 416,1673 379,1662 378,1662 376,1662 375,1662 373,1662 373,1664 364,1673 346,1656 346,1655 344,1655 343,1655 312,1653 315,1700"/>
                <Baseline points="315,1700 418,1696"/>
                <Word id="segment_3">
                    <Coords points="326,1654 328,1710 386,1707 385,1664"/>
                    <Glyph id="char_5">
                        <Coords points="326,1654 328,1710 328,1710 326,1654"/>
                        <TextEquiv conf="1.0"><Unicode>F</Unicode></TextEquiv>
                    </Glyph>
                    <Glyph id="char_6">
                        <Coords points="385,1664 386,1707 386,1707 385,1664"/>
                        <TextEquiv conf="0.8951"><Unicode>.</Unicode></TextEquiv>
                    </Glyph>
                    <TextEquiv conf="0.9476"><Unicode>F.</Unicode></TextEquiv>
                </Word>
                <TextEquiv conf="0.9476"><Unicode>F.</Unicode></TextEquiv>
            </TextLine>

            <TextLine id="_ef679ae7-187f-4c9b-acbc-7b695739acb1" custom="type {type:default;}">
                <Coords points="321,1824 321,1951 350,1951 350,1949 352,1949 354,1949 354,1948 431,1877 457,1877 457,1824 457,1806 390,1806 361,1778 361,1777 360,1777 358,1777 321,1777 321,1824"/>
                <Baseline points="321,1824 457,1824"/>
                <Word id="segment_4">
                    <Coords points="359,1777 359,1943 359,1943 359,1777"/>
                    <Glyph id="char_7">
                        <Coords points="359,1777 359,1943 359,1943 359,1777"/>
                        <TextEquiv conf="0.9999"><Unicode>5</Unicode></TextEquiv>
                    </Glyph>
                    <TextEquiv conf="0.9999"><Unicode>5</Unicode></TextEquiv>
                </Word>
                <TextEquiv conf="0.9999"><Unicode>5</Unicode></TextEquiv>
            </TextLine>

            <TextLine id="_926f9f00-52c3-46bb-a783-b2706d60c1fd" custom="type {type:default;}">
                <Coords points="483,1157 483,1162 515,1168 518,1156 517,1135 495,1127 494,1127 492,1127 491,1127 489,1127 482,1131 483,1157"/>
                <Baseline points="483,1157 518,1156"/>
                <Word id="segment_5">
                    <Coords points="501,1129 502,1166 502,1166 501,1129"/>
                    <Glyph id="char_8">
                        <Coords points="501,1129 502,1166 502,1166 501,1129"/>
                        <TextEquiv conf="0.9988"><Unicode>1</Unicode></TextEquiv>
                    </Glyph>
                    <TextEquiv conf="0.9988"><Unicode>1</Unicode></TextEquiv>
                </Word>
                <TextEquiv conf="0.9988"><Unicode>1</Unicode></TextEquiv>
            </TextLine>

            <TextLine id="_bc31673a-6a9d-4acd-8bae-2cfa118ec00c" custom="type {type:default;}">
                <Coords points="431,2399 431,2410 474,2419 476,2419 477,2419 479,2419 494,2410 494,2399 492,2378 431,2379 431,2399"/>
                <Baseline points="431,2399 494,2399"/>
                <Word id="segment_6">
                    <Coords points="449,2379 449,2414 480,2418 480,2378"/>
                    <Glyph id="char_9">
                        <Coords points="449,2379 449,2414 449,2414 449,2379"/>
                        <TextEquiv conf="1.0"><Unicode>7</Unicode></TextEquiv>
                    </Glyph>
                    <Glyph id="char_10">
                        <Coords points="480,2378 480,2418 480,2418 480,2378"/>
                        <TextEquiv conf="0.7365"><Unicode>.</Unicode></TextEquiv>
                    </Glyph>
                    <TextEquiv conf="0.8682"><Unicode>7.</Unicode></TextEquiv>
                </Word>
                <TextEquiv conf="0.8682"><Unicode>7.</Unicode></TextEquiv>
            </TextLine>

            <TextLine id="_eba40831-5bd6-497c-8ba4-3b72113305c7" custom="type {type:default;}">
                <Coords points="512,2398 512,2401 598,2395 599,2390 596,2372 509,2372 512,2398"/>
                <Baseline points="512,2398 599,2390"/>
                <Word id="segment_7">
                    <Coords points="556,2372 558,2398 564,2397 562,2372"/>
                    <Glyph id="char_11">
                        <Coords points="556,2372 558,2398 558,2398 556,2372"/>
                        <TextEquiv conf="0.9255"><Unicode>.</Unicode></TextEquiv>
                    </Glyph>
                    <Glyph id="char_12">
                        <Coords points="562,2372 564,2397 564,2397 562,2372"/>
                        <TextEquiv conf="0.9939"><Unicode>.</Unicode></TextEquiv>
                    </Glyph>
                    <TextEquiv conf="0.9597"><Unicode>..</Unicode></TextEquiv>
                </Word>
                <TextEquiv conf="0.9597"><Unicode>..</Unicode></TextEquiv>
            </TextLine>

            <TextLine id="_c6dfac36-cbe7-49b2-9892-331a40973a4c" custom="type {type:default;}">
                <Coords points="767,567 767,582 791,582 791,567 790,546 767,547 767,567"/>
                <Baseline points="767,567 791,567"/>
                <Word id="segment_8">
                    <Coords points="772,547 772,582 789,582 789,546"/>
                    <Glyph id="char_13">
                        <Coords points="772,547 772,582 775,582 775,547"/>
                        <TextEquiv conf="0.9616"><Unicode>.</Unicode></TextEquiv>
                    </Glyph>
                    <Glyph id="char_14">
                        <Coords points="789,546 789,582 789,582 789,546"/>
                        <TextEquiv conf="0.7892"><Unicode>:</Unicode></TextEquiv>
                    </Glyph>
                    <TextEquiv conf="0.8754"><Unicode>.:</Unicode></TextEquiv>
                </Word>
                <TextEquiv conf="0.8754"><Unicode>.:</Unicode></TextEquiv>
            </TextLine>

            <TextLine id="_4b1277db-7ba9-4595-bf15-0e373d338d4b" custom="type {type:default;}">
                <Coords points="889,1717 889,1726 915,1726 915,1714 912,1694 886,1696 889,1717"/>
                <Baseline points="889,1717 915,1714"/>
                <Word id="segment_9">
                    <Coords points="899,1695 902,1726 915,1714 915,1714"/>
                    <Glyph id="char_15">
                        <Coords points="899,1695 902,1726 902,1726 899,1695"/>
                        <TextEquiv conf="0.8978"><Unicode>.</Unicode></TextEquiv>
                    </Glyph>
                    <Glyph id="char_16">
                        <Coords points="914,1709 915,1716 915,1714 915,1714"/>
                        <TextEquiv conf="0.9963"><Unicode>.</Unicode></TextEquiv>
                    </Glyph>
                    <TextEquiv conf="0.947"><Unicode>..</Unicode></TextEquiv>
                </Word>
                <TextEquiv conf="0.947"><Unicode>..</Unicode></TextEquiv>
            </TextLine>

            <TextLine id="_484d5a08-7118-4dc8-a0c9-8881e97b02c0" custom="type {type:default;}">
                <Coords points="1017,196 991,189 994,221 998,247 1022,237 1020,218 1017,196"/>
                <Baseline points="994,221 1020,218"/>
                <Word id="segment_10">
                    <Coords points="1007,193 1012,241 1012,241 1007,193"/>
                    <Glyph id="char_17">
                        <Coords points="1007,193 1012,241 1012,241 1007,193"/>
                        <TextEquiv conf="0.9966"><Unicode>.</Unicode></TextEquiv>
                    </Glyph>
                    <TextEquiv conf="0.9966"><Unicode>.</Unicode></TextEquiv>
                </Word>
                <TextEquiv conf="0.9966"><Unicode>.</Unicode></TextEquiv>
            </TextLine>

            <TextLine id="_18d64eeb-8a4c-4655-ac81-2583ad98e541" custom="type {type:default;}">
                <Coords points="967,311 967,323 1019,321 1019,311 1019,292 967,292 967,311"/>
                <Baseline points="967,311 1019,311"/>
                <Word id="segment_11">
                    <Coords points="976,292 976,323 1002,322 1002,292"/>
                    <Glyph id="char_18">
                        <Coords points="976,292 976,323 976,323 976,292"/>
                        <TextEquiv conf="1.0"><Unicode>—</Unicode></TextEquiv>
                    </Glyph>
                    <Glyph id="char_19">
                        <Coords points="1000,292 1000,322 1002,322 1002,292"/>
                        <TextEquiv conf="0.8677"><Unicode>.</Unicode></TextEquiv>
                    </Glyph>
                    <TextEquiv conf="0.9338"><Unicode>—.</Unicode></TextEquiv>
                </Word>
                <TextEquiv conf="0.9338"><Unicode>—.</Unicode></TextEquiv>
            </TextLine>

            <TextLine id="_bb3c1a40-4693-43eb-ab6b-4474e227cf93" custom="type {type:default;}">
                <Coords points="961,1708 961,1713 985,1720 990,1707 987,1687 959,1684 961,1708"/>
                <Baseline points="961,1708 990,1707"/>
                <Word id="segment_12">
                    <Coords points="987,1690 988,1712 988,1712 987,1690"/>
                    <Glyph id="char_20">
                        <Coords points="987,1690 988,1712 988,1712 987,1690"/>
                        <TextEquiv conf="0.9998"><Unicode>,</Unicode></TextEquiv>
                    </Glyph>
                    <TextEquiv conf="0.9998"><Unicode>,</Unicode></TextEquiv>
                </Word>
                <TextEquiv conf="0.9998"><Unicode>,</Unicode></TextEquiv>
            </TextLine>

            <TextLine id="_00bca2de-dd06-4309-9d89-21dc699b5234" custom="type {type:default;}">
                <Coords points="1028,961 1028,996 1046,996 1046,961 1045,933 1028,933 1028,961"/>
                <Baseline points="1028,961 1046,961"/>
                <Word id="segment_13">
                    <Coords points="1038,933 1038,996 1038,996 1038,933"/>
                    <Glyph id="char_21">
                        <Coords points="1038,933 1038,996 1038,996 1038,933"/>
                        <TextEquiv conf="0.9996"><Unicode>,</Unicode></TextEquiv>
                    </Glyph>
                    <TextEquiv conf="0.9996"><Unicode>,</Unicode></TextEquiv>
                </Word>
                <TextEquiv conf="0.9996"><Unicode>,</Unicode></TextEquiv>
            </TextLine>

            <TextLine id="_7a829024-5b9e-4ed9-b508-ff6e237f4c82" custom="type {type:default;}">
                <Coords points="1026,1702 1026,1717 1036,1717 1036,1702 1036,1684 1026,1684 1026,1702"/>
                <Baseline points="1026,1702 1036,1702"/>
                <Word id="segment_14">
                    <Coords points="1034,1684 1034,1717 1034,1717 1034,1684"/>
                    <Glyph id="char_22">
                        <Coords points="1034,1684 1034,1717 1034,1717 1034,1684"/>
                        <TextEquiv conf="0.9969"><Unicode>.</Unicode></TextEquiv>
                    </Glyph>
                    <TextEquiv conf="0.9969"><Unicode>.</Unicode></TextEquiv>
                </Word>
                <TextEquiv conf="0.9969"><Unicode>.</Unicode></TextEquiv>
            </TextLine>

            <TextLine id="_55e65fc0-a01a-429b-ae58-e78018e48205" custom="type {type:default;}">
                <Coords points="805,2387 805,2390 853,2392 865,2404 865,2405 866,2405 868,2405 869,2407 923,2407 923,2405 924,2405 926,2405 926,2404 933,2398 946,2405 947,2405 949,2405 950,2405 952,2405 985,2392 1028,2401 1030,2385 1023,2356 1001,2367 914,2367 878,2358 877,2358 875,2358 874,2358 872,2358 872,2360 865,2367 804,2367 805,2387"/>
                <Baseline points="805,2387 1030,2385"/>
                <Word id="segment_15">
                    <Coords points="939,2367 939,2401 939,2401 939,2367"/>
                    <Glyph id="char_23">
                        <Coords points="939,2367 939,2401 939,2401 939,2367"/>
                        <TextEquiv conf="0.7393"><Unicode>.</Unicode></TextEquiv>
                    </Glyph>
                    <TextEquiv conf="0.7393"><Unicode>.</Unicode></TextEquiv>
                </Word>
                <TextEquiv conf="0.7393"><Unicode>.</Unicode></TextEquiv>
            </TextLine>

            <TextLine id="_186ed66a-402c-421a-883a-c92e4e97a8b3" custom="type {type:default;}">
                <Coords points="1039,2012 1040,2025 1048,2025 1046,2010 1042,1992 1034,1992 1039,2012"/>
                <Baseline points="1039,2012 1046,2010"/>
                <Word id="segment_16">
                    <Coords points="1046,2010 1046,2010 1046,2010 1046,2010"/>
                    <Glyph id="char_24">
                        <Coords points="1046,2010 1046,2010 1046,2010 1046,2010"/>
                        <TextEquiv conf="0.9947"><Unicode>.</Unicode></TextEquiv>
                    </Glyph>
                    <TextEquiv conf="0.9947"><Unicode>.</Unicode></TextEquiv>
                </Word>
                <TextEquiv conf="0.9947"><Unicode>.</Unicode></TextEquiv>
            </TextLine>

            <TextLine id="_cfa28fd1-e274-4bcf-802c-823560529568" custom="type {type:default;}">
                <Coords points="1055,707 1055,723 1062,724 1063,707 1063,689 1055,689 1055,707"/>
                <Baseline points="1055,707 1063,707"/>
                <Word id="segment_17">
                    <Coords points="1063,707 1063,707 1063,707 1063,707"/>
                    <Glyph id="char_25">
                        <Coords points="1063,707 1063,707 1063,707 1063,707"/>
                        <TextEquiv conf="0.9951"><Unicode>.</Unicode></TextEquiv>
                    </Glyph>
                    <TextEquiv conf="0.9951"><Unicode>.</Unicode></TextEquiv>
                </Word>
                <TextEquiv conf="0.9951"><Unicode>.</Unicode></TextEquiv>
            </TextLine>

            <TextLine id="_29a5bc57-62a9-4baa-8495-ad6c3e7fb2f1" custom="type {type:default;}">
                <Coords points="1062,1037 1066,1040 1075,1012 1078,991 1071,987 1066,1011 1062,1037"/>
                <Baseline points="1066,1011 1075,1012"/>
                
            </TextLine>

            <TextLine id="_d56f5752-a64c-4364-9b52-6d5bddffb19a" custom="type {type:default;}">
                <Coords points="1100,268 1103,259 1083,253 1062,247 1060,254 1080,263 1100,268"/>
                <Baseline points="1080,263 1083,253"/>
                <Word id="segment_18">
                    <Coords points="1062,247 1103,259 1103,259 1062,247"/>
                    <Glyph id="char_26">
                        <Coords points="1062,247 1103,259 1103,259 1062,247"/>
                        <TextEquiv conf="0.9916"><Unicode>.</Unicode></TextEquiv>
                    </Glyph>
                    <TextEquiv conf="0.9916"><Unicode>.</Unicode></TextEquiv>
                </Word>
                <TextEquiv conf="0.9916"><Unicode>.</Unicode></TextEquiv>
            </TextLine>

            <TextLine id="_56370827-0008-41fa-a9df-842f25de175d" custom="type {type:default;}">
                <Coords points="1110,213 1110,228 1190,227 1190,213 1190,195 1110,195 1110,213"/>
                <Baseline points="1110,213 1190,213"/>
                <Word id="segment_19">
                    <Coords points="1115,195 1115,228 1186,227 1186,195"/>
                    <Glyph id="char_27">
                        <Coords points="1115,195 1115,228 1115,228 1115,195"/>
                        <TextEquiv conf="1.0"><Unicode>1</Unicode></TextEquiv>
                    </Glyph>
                    <Glyph id="char_28">
                        <Coords points="1133,195 1133,228 1133,228 1133,195"/>
                        <TextEquiv conf="0.9966"><Unicode>.</Unicode></TextEquiv>
                    </Glyph>
                    <Glyph id="char_29">
                        <Coords points="1166,195 1166,227 1166,227 1166,195"/>
                        <TextEquiv conf="0.9982"><Unicode>.</Unicode></TextEquiv>
                    </Glyph>
                    <Glyph id="char_30">
                        <Coords points="1186,195 1186,227 1186,227 1186,195"/>
                        <TextEquiv conf="0.9992"><Unicode>.</Unicode></TextEquiv>
                    </Glyph>
                    <TextEquiv conf="0.9985"><Unicode>1...</Unicode></TextEquiv>
                </Word>
                <TextEquiv conf="0.9985"><Unicode>1...</Unicode></TextEquiv>
            </TextLine>

            <TextLine id="_717002fe-8c21-48cc-9b0c-297f3266b872" custom="type {type:default;}">
                <Coords points="1109,370 1109,376 1181,381 1182,367 1178,347 1107,349 1109,370"/>
                <Baseline points="1109,370 1182,367"/>
                <Word id="segment_20">
                    <Coords points="1155,348 1156,379 1182,368 1182,367"/>
                    <Glyph id="char_31">
                        <Coords points="1155,348 1156,379 1156,379 1155,348"/>
                        <TextEquiv conf="1.0"><Unicode>,</Unicode></TextEquiv>
                    </Glyph>
                    <Glyph id="char_32">
                        <Coords points="1182,367 1182,368 1182,368 1182,367"/>
                        <TextEquiv conf="0.7329"><Unicode>.</Unicode></TextEquiv>
                    </Glyph>
                    <TextEquiv conf="0.8664"><Unicode>,.</Unicode></TextEquiv>
                </Word>
                <TextEquiv conf="0.8664"><Unicode>,.</Unicode></TextEquiv>
            </TextLine>

            <TextLine id="_744d3d85-d5ca-4e1c-8bf1-f0ad0b3c0ab3" custom="type {type:default;}">
                <Coords points="1144,1810 1139,1839 1181,1838 1185,1816 1187,1791 1147,1781 1144,1810"/>
                <Baseline points="1144,1810 1185,1816"/>
                <Word id="segment_21">
                    <Coords points="1164,1785 1156,1839 1156,1839 1164,1785"/>
                    <Glyph id="char_33">
                        <Coords points="1164,1785 1156,1839 1156,1839 1164,1785"/>
                        <TextEquiv conf="0.9977"><Unicode>,</Unicode></TextEquiv>
                    </Glyph>
                    <TextEquiv conf="0.9977"><Unicode>,</Unicode></TextEquiv>
                </Word>
                <TextEquiv conf="0.9977"><Unicode>,</Unicode></TextEquiv>
            </TextLine>

            <TextLine id="_db97c511-6a09-4196-b51e-b30cf2288d26" custom="type {type:default;}">
                <Coords points="1175,2241 1175,2253 1207,2250 1207,2237 1204,2218 1171,2215 1175,2241"/>
                <Baseline points="1175,2241 1207,2237"/>
                <Word id="segment_22">
                    <Coords points="1177,2216 1181,2252 1207,2237 1207,2237"/>
                    <Glyph id="char_34">
                        <Coords points="1177,2216 1181,2252 1181,2252 1177,2216"/>
                        <TextEquiv conf="1.0"><Unicode>.</Unicode></TextEquiv>
                    </Glyph>
                    <Glyph id="char_35">
                        <Coords points="1207,2237 1207,2237 1207,2237 1207,2237"/>
                        <TextEquiv conf="0.7205"><Unicode>.</Unicode></TextEquiv>
                    </Glyph>
                    <TextEquiv conf="0.8602"><Unicode>..</Unicode></TextEquiv>
                </Word>
                <TextEquiv conf="0.8602"><Unicode>..</Unicode></TextEquiv>
            </TextLine>

            <TextLine id="_eb7ef8f3-490f-4d00-9208-dd87760373dc" custom="type {type:default;}">
                <Coords points="1083,2546 1083,2556 1170,2556 1170,2555 1171,2555 1173,2555 1187,2544 1187,2536 1184,2517 1080,2524 1083,2546"/>
                <Baseline points="1083,2546 1187,2536"/>
                <Word id="segment_23">
                    <Coords points="1101,2523 1104,2556 1104,2556 1101,2523"/>
                    <Glyph id="char_36">
                        <Coords points="1101,2523 1104,2556 1104,2556 1101,2523"/>
                        <TextEquiv conf="0.6338"><Unicode>.</Unicode></TextEquiv>
                    </Glyph>
                    <TextEquiv conf="0.6338"><Unicode>.</Unicode></TextEquiv>
                </Word>
                <Word id="segment_24">
                    <Coords points="1106,2522 1109,2556 1109,2556 1106,2522"/>
                    <Glyph id="char_37">
                        <Coords points="1106,2522 1109,2556 1109,2556 1106,2522"/>
                        <TextEquiv conf="0.9997"><Unicode> </Unicode></TextEquiv>
                    </Glyph>
                    <TextEquiv conf="0.9997"><Unicode> </Unicode></TextEquiv>
                </Word>
                <Word id="segment_25">
                    <Coords points="1115,2522 1118,2556 1118,2556 1115,2522"/>
                    <Glyph id="char_38">
                        <Coords points="1115,2522 1118,2556 1118,2556 1115,2522"/>
                        <TextEquiv conf="0.9998"><Unicode>½</Unicode></TextEquiv>
                    </Glyph>
                    <TextEquiv conf="0.9998"><Unicode>½</Unicode></TextEquiv>
                </Word>
                <Word id="segment_26">
                    <Coords points="1148,2519 1151,2556 1151,2556 1148,2519"/>
                    <Glyph id="char_39">
                        <Coords points="1148,2519 1151,2556 1151,2556 1148,2519"/>
                        <TextEquiv conf="0.9996"><Unicode> </Unicode></TextEquiv>
                    </Glyph>
                    <TextEquiv conf="0.9996"><Unicode> </Unicode></TextEquiv>
                </Word>
                <Word id="segment_27">
                    <Coords points="1156,2519 1159,2556 1187,2536 1187,2536"/>
                    <Glyph id="char_40">
                        <Coords points="1156,2519 1159,2556 1159,2556 1156,2519"/>
                        <TextEquiv conf="0.8889"><Unicode>:</Unicode></TextEquiv>
                    </Glyph>
                    <Glyph id="char_41">
                        <Coords points="1187,2536 1187,2536 1187,2536 1187,2536"/>
                        <TextEquiv conf="0.1821"><Unicode>.</Unicode></TextEquiv>
                    </Glyph>
                    <TextEquiv conf="0.5355"><Unicode>:.</Unicode></TextEquiv>
                </Word>
                <TextEquiv conf="0.784"><Unicode>. ½ :.</Unicode></TextEquiv>
            </TextLine>

            <TextLine id="_53d15bc8-617e-4339-beb6-609fdca3d5c9" custom="type {type:default;}">
                <Coords points="1246,424 1248,436 1272,434 1272,421 1268,401 1243,402 1246,424"/>
                <Baseline points="1246,424 1272,421"/>
                <Word id="segment_28">
                    <Coords points="1250,402 1254,435 1272,423 1272,419"/>
                    <Glyph id="char_42">
                        <Coords points="1250,402 1254,435 1254,435 1250,402"/>
                        <TextEquiv conf="1.0"><Unicode>„</Unicode></TextEquiv>
                    </Glyph>
                    <Glyph id="char_43">
                        <Coords points="1272,419 1272,423 1272,423 1272,419"/>
                        <TextEquiv conf="0.9132"><Unicode>.</Unicode></TextEquiv>
                    </Glyph>
                    <TextEquiv conf="0.9566"><Unicode>„.</Unicode></TextEquiv>
                </Word>
                <TextEquiv conf="0.9566"><Unicode>„.</Unicode></TextEquiv>
            </TextLine>

            <TextLine id="_15e96e2c-f4dd-43a8-a683-50239c77cb92" custom="type {type:default;}">
                <Coords points="1252,1514 1249,1530 1278,1533 1281,1517 1281,1498 1254,1495 1252,1514"/>
                <Baseline points="1252,1514 1281,1517"/>
                
            </TextLine>

            <TextLine id="_2bf2d939-6c63-4593-b970-ab20d2b14bc2" custom="type {type:default;}">
                <Coords points="1211,1557 1211,1568 1251,1582 1252,1582 1254,1582 1255,1582 1257,1582 1277,1566 1277,1556 1274,1536 1210,1531 1211,1557"/>
                <Baseline points="1211,1557 1277,1556"/>
                <Word id="segment_29">
                    <Coords points="1239,1533 1239,1578 1264,1576 1264,1535"/>
                    <Glyph id="char_44">
                        <Coords points="1239,1533 1239,1578 1239,1578 1239,1533"/>
                        <TextEquiv conf="0.9409"><Unicode>—</Unicode></TextEquiv>
                    </Glyph>
                    <Glyph id="char_45">
                        <Coords points="1264,1535 1264,1576 1264,1576 1264,1535"/>
                        <TextEquiv conf="1.0"><Unicode>⸗</Unicode></TextEquiv>
                    </Glyph>
                    <TextEquiv conf="0.9704"><Unicode>—⸗</Unicode></TextEquiv>
                </Word>
                <TextEquiv conf="0.9704"><Unicode>—⸗</Unicode></TextEquiv>
            </TextLine>

            <TextLine id="_007ca98d-ca93-4f4c-9fc2-c1bf8578252a" custom="type {type:default;}">
                <Coords points="1333,1299 1335,1321 1344,1318 1344,1299 1344,1281 1333,1281 1333,1299"/>
                <Baseline points="1333,1299 1344,1299"/>
                <Word id="segment_30">
                    <Coords points="1339,1281 1339,1320 1339,1320 1339,1281"/>
                    <Glyph id="char_46">
                        <Coords points="1339,1281 1339,1320 1339,1320 1339,1281"/>
                        <TextEquiv conf="0.9999"><Unicode>5</Unicode></TextEquiv>
                    </Glyph>
                    <TextEquiv conf="0.9999"><Unicode>5</Unicode></TextEquiv>
                </Word>
                <TextEquiv conf="0.9999"><Unicode>5</Unicode></TextEquiv>
            </TextLine>

            <TextLine id="_750dca93-f1a3-4165-9538-6af91372c0ac" custom="type {type:default;}">
                <Coords points="1359,376 1359,395 1370,393 1370,376 1370,358 1359,358 1359,376"/>
                <Baseline points="1359,376 1370,376"/>
                <Word id="segment_31">
                    <Coords points="1362,358 1362,394 1362,394 1362,358"/>
                    <Glyph id="char_47">
                        <Coords points="1362,358 1362,394 1362,394 1362,358"/>
                        <TextEquiv conf="0.6484"><Unicode>2</Unicode></TextEquiv>
                    </Glyph>
                    <TextEquiv conf="0.6484"><Unicode>2</Unicode></TextEquiv>
                </Word>
                <TextEquiv conf="0.6484"><Unicode>2</Unicode></TextEquiv>
            </TextLine>

            <TextLine id="_31030fa7-d4fc-4bb2-af8c-6e5c16f3b960" custom="type {type:default;}">
                <Coords points="1439,842 1439,854 1487,845 1487,837 1484,819 1435,820 1439,842"/>
                <Baseline points="1439,842 1487,837"/>
                <Word id="segment_32">
                    <Coords points="1444,820 1447,852 1483,846 1480,819"/>
                    <Glyph id="char_48">
                        <Coords points="1444,820 1447,852 1447,852 1444,820"/>
                        <TextEquiv conf="0.8446"><Unicode>.</Unicode></TextEquiv>
                    </Glyph>
                    <Glyph id="char_49">
                        <Coords points="1454,820 1457,851 1457,851 1454,820"/>
                        <TextEquiv conf="0.903"><Unicode>.</Unicode></TextEquiv>
                    </Glyph>
                    <Glyph id="char_50">
                        <Coords points="1480,819 1483,846 1483,846 1480,819"/>
                        <TextEquiv conf="0.9542"><Unicode>.</Unicode></TextEquiv>
                    </Glyph>
                    <TextEquiv conf="0.9006"><Unicode>...</Unicode></TextEquiv>
                </Word>
                <TextEquiv conf="0.9006"><Unicode>...</Unicode></TextEquiv>
            </TextLine>

            <TextLine id="_7467c0b4-e7d6-44d9-998f-83ff08ca4e3a" custom="type {type:default;}">
                <Coords points="1403,1174 1402,1182 1503,1196 1506,1177 1506,1157 1487,1147 1486,1147 1484,1147 1483,1147 1481,1147 1454,1156 1403,1153 1403,1174"/>
                <Baseline points="1403,1174 1506,1177"/>
                <Word id="segment_33">
                    <Coords points="1434,1155 1433,1186 1433,1186 1434,1155"/>
                    <Glyph id="char_51">
                        <Coords points="1434,1155 1433,1186 1433,1186 1434,1155"/>
                        <TextEquiv conf="1.0"><Unicode>9</Unicode></TextEquiv>
                    </Glyph>
                    <TextEquiv conf="1.0"><Unicode>9</Unicode></TextEquiv>
                </Word>
                <Word id="segment_34">
                    <Coords points="1464,1153 1463,1190 1463,1190 1464,1153"/>
                    <Glyph id="char_52">
                        <Coords points="1464,1153 1463,1190 1463,1190 1464,1153"/>
                        <TextEquiv conf="1.0"><Unicode> </Unicode></TextEquiv>
                    </Glyph>
                    <TextEquiv conf="1.0"><Unicode> </Unicode></TextEquiv>
                </Word>
                <Word id="segment_35">
                    <Coords points="1471,1150 1470,1191 1506,1177 1506,1175"/>
                    <Glyph id="char_53">
                        <Coords points="1471,1150 1470,1191 1470,1191 1471,1150"/>
                        <TextEquiv conf="0.9996"><Unicode>4</Unicode></TextEquiv>
                    </Glyph>
                    <Glyph id="char_54">
                        <Coords points="1506,1175 1506,1177 1506,1177 1506,1175"/>
                        <TextEquiv conf="0.1883"><Unicode>,</Unicode></TextEquiv>
                    </Glyph>
                    <TextEquiv conf="0.5939"><Unicode>4,</Unicode></TextEquiv>
                </Word>
                <TextEquiv conf="0.797"><Unicode>9 4,</Unicode></TextEquiv>
            </TextLine>

            <TextLine id="_4baf2b2f-c4c0-4418-be7b-68c0c51ac77f" custom="type {type:default;}">
                <Coords points="1377,1942 1376,1949 1405,1955 1408,1943 1408,1923 1377,1922 1377,1942"/>
                <Baseline points="1377,1942 1408,1943"/>
                <Word id="segment_36">
                    <Coords points="1394,1923 1393,1952 1395,1953 1396,1923"/>
                    <Glyph id="char_55">
                        <Coords points="1394,1923 1393,1952 1395,1953 1396,1923"/>
                        <TextEquiv conf="0.9898"><Unicode>—</Unicode></TextEquiv>
                    </Glyph>
                    <TextEquiv conf="0.9898"><Unicode>—</Unicode></TextEquiv>
                </Word>
                <TextEquiv conf="0.9898"><Unicode>—</Unicode></TextEquiv>
            </TextLine>

            <TextLine id="_f837f9d8-dadc-45da-b62b-d6fd02663fc4" custom="type {type:default;}">
                <Coords points="1417,1522 1414,1539 1468,1557 1474,1528 1486,1409 1461,1394 1460,1394 1458,1394 1457,1394 1429,1395 1417,1522"/>
                <Baseline points="1417,1522 1474,1528"/>
                <Word id="segment_37">
                    <Coords points="1455,1394 1438,1547 1438,1547 1455,1394"/>
                    <Glyph id="char_56">
                        <Coords points="1455,1394 1438,1547 1438,1547 1455,1394"/>
                        <TextEquiv conf="0.9999"><Unicode>1</Unicode></TextEquiv>
                    </Glyph>
                    <TextEquiv conf="0.9999"><Unicode>1</Unicode></TextEquiv>
                </Word>
                <TextEquiv conf="0.9999"><Unicode>1</Unicode></TextEquiv>
            </TextLine>

            <TextLine id="_828daaf4-079f-4dcb-bbe2-cadd794afaa1" custom="type {type:default;}">
                <Coords points="1466,1700 1464,1713 1495,1710 1497,1702 1495,1684 1466,1679 1466,1700"/>
                <Baseline points="1466,1700 1497,1702"/>
                <Word id="segment_38">
                    <Coords points="1483,1682 1481,1711 1497,1702 1497,1702"/>
                    <Glyph id="char_57">
                        <Coords points="1483,1682 1481,1711 1481,1711 1483,1682"/>
                        <TextEquiv conf="0.7077"><Unicode>.</Unicode></TextEquiv>
                    </Glyph>
                    <Glyph id="char_58">
                        <Coords points="1495,1685 1493,1710 1497,1702 1497,1702"/>
                        <TextEquiv conf="0.9995"><Unicode>.</Unicode></TextEquiv>
                    </Glyph>
                    <TextEquiv conf="0.8536"><Unicode>..</Unicode></TextEquiv>
                </Word>
                <TextEquiv conf="0.8536"><Unicode>..</Unicode></TextEquiv>
            </TextLine>

            <TextLine id="_26e834cd-1201-4f7a-8668-5c5f8d335008" custom="type {type:default;}">
                <Coords points="1536,1702 1536,1714 1548,1720 1551,1702 1551,1684 1536,1684 1536,1702"/>
                <Baseline points="1536,1702 1551,1702"/>
                
            </TextLine>

            <TextLine id="_c788d554-fceb-4a6d-958a-adcfd3fec112" custom="type {type:default;}">
                <Coords points="1559,686 1561,697 1576,695 1574,683 1568,663 1554,665 1559,686"/>
                <Baseline points="1559,686 1574,683"/>
                <Word id="segment_39">
                    <Coords points="1567,663 1573,695 1575,695 1570,670"/>
                    <Glyph id="char_59">
                        <Coords points="1567,663 1573,695 1575,695 1570,670"/>
                        <TextEquiv conf="0.9997"><Unicode>.</Unicode></TextEquiv>
                    </Glyph>
                    <TextEquiv conf="0.9997"><Unicode>.</Unicode></TextEquiv>
                </Word>
                <TextEquiv conf="0.9997"><Unicode>.</Unicode></TextEquiv>
            </TextLine>

            <TextLine id="_54450efc-5e09-4c4f-9131-7ae401fe7340" custom="type {type:default;}">
                <Coords points="1643,1646 1652,1652 1660,1639 1664,1614 1652,1606 1646,1636 1643,1646"/>
                <Baseline points="1646,1636 1660,1639"/>
                
            </TextLine>
        </TextRegion>
        <TextRegion id="_24830a22-acef-4d79-aa2c-a7edcc39686d" custom="type {type:text;}">
<Coords points="1558,2135 1573,2152 1538,2170 1532,2141 1558,2135"/>        </TextRegion>
    </Page>
</PcGts>