<?xml version="1.0" encoding="UTF-8"?>
<PcGts xmlns="http://schema.primaresearch.org/PAGE/gts/pagecontent/2019-07-15" xmlns:xsi="http://www.w3.org/2001/XMLSchema-instance" xsi:schemaLocation="http://schema.primaresearch.org/PAGE/gts/pagecontent/2019-07-15 http://schema.primaresearch.org/PAGE/gts/pagecontent/2019-07-15/pagecontent.xsd">
    <Metadata>
        <Creator>kraken 6.0.3</Creator>
        <Created>2026-01-20T01:01:17.915748+00:00</Created>
        <LastChange>2026-01-20T01:01:17.915748+00:00</LastChange>
    </Metadata>
    <Page imageFilename="/tmp/tmpw3rfgcpw.png" imageWidth="2025" imageHeight="2746">
        <TextRegion id="_64b78607-0609-43f6-9f91-a4b1ee811ca5" custom="type {type:text;}">
<Coords points="671,1238 1365,1250 1390,1263 1390,1334 628,1347 616,1257 671,1238"/>
            <TextLine id="_2f0e095e-4b11-4245-b22b-23b48f9265a6" custom="type {type:default;}">
                <Coords points="631,1318 631,1331 1379,1331 1379,1315 1376,1264 1262,1255 1260,1255 1258,1255 1257,1255 1248,1263 1222,1254 1220,1254 1219,1254 1217,1254 1191,1263 1149,1252 1147,1252 1146,1252 1144,1252 1142,1252 1142,1254 1135,1260 1129,1254 1127,1254 1126,1254 1083,1254 1081,1254 1080,1254 1078,1254 1078,1255 1072,1261 1065,1255 1065,1254 1063,1254 1062,1254 1013,1254 1011,1254 1010,1254 1008,1254 1008,1255 1007,1255 999,1264 927,1255 926,1255 924,1255 906,1264 872,1255 871,1255 869,1255 868,1255 866,1255 854,1263 846,1257 846,1255 845,1255 843,1255 807,1254 805,1254 804,1254 802,1254 791,1263 773,1252 772,1252 770,1252 769,1252 767,1252 753,1264 729,1257 727,1257 726,1257 724,1257 697,1264 686,1255 686,1254 685,1254 683,1254 637,1254 636,1254 634,1254 633,1254 633,1255 631,1255 630,1257 631,1318"/>
                <Baseline points="631,1318 1379,1315"/>
                <Word id="segment_0">
                    <Coords points="647,1254 647,1331 940,1331 940,1257"/>
                    <Glyph id="char_0">
                        <Coords points="647,1254 647,1331 647,1331 647,1254"/>
                        <TextEquiv conf="1.0"><Unicode>M</Unicode></TextEquiv>
                    </Glyph>
                    <Glyph id="char_1">
                        <Coords points="718,1259 718,1331 718,1331 718,1259"/>
                        <TextEquiv conf="1.0"><Unicode>E</Unicode></TextEquiv>
                    </Glyph>
                    <Glyph id="char_2">
                        <Coords points="778,1255 778,1331 778,1331 778,1255"/>
                        <TextEquiv conf="1.0"><Unicode>I</Unicode></TextEquiv>
                    </Glyph>
                    <Glyph id="char_3">
                        <Coords points="816,1254 816,1331 816,1331 816,1254"/>
                        <TextEquiv conf="1.0"><Unicode>N</Unicode></TextEquiv>
                    </Glyph>
                    <Glyph id="char_4">
                        <Coords points="881,1257 881,1331 881,1331 881,1257"/>
                        <TextEquiv conf="1.0"><Unicode>E</Unicode></TextEquiv>
                    </Glyph>
                    <Glyph id="char_5">
                        <Coords points="940,1257 940,1331 940,1331 940,1257"/>
                        <TextEquiv conf="1.0"><Unicode>R</Unicode></TextEquiv>
                    </Glyph>
                    <TextEquiv conf="1.0"><Unicode>MEINER</Unicode></TextEquiv>
                </Word>
                <Word id="segment_1">
                    <Coords points="1005,1258 1005,1331 1011,1331 1011,1254"/>
                    <Glyph id="char_6">
                        <Coords points="1005,1258 1005,1331 1011,1331 1011,1254"/>
                        <TextEquiv conf="1.0"><Unicode> </Unicode></TextEquiv>
                    </Glyph>
                    <TextEquiv conf="1.0"><Unicode> </Unicode></TextEquiv>
                </Word>
                <Word id="segment_2">
                    <Coords points="1027,1254 1027,1331 1379,1317 1379,1315"/>
                    <Glyph id="char_7">
                        <Coords points="1027,1254 1027,1331 1027,1331 1027,1254"/>
                        <TextEquiv conf="0.9995"><Unicode>M</Unicode></TextEquiv>
                    </Glyph>
                    <Glyph id="char_8">
                        <Coords points="1098,1254 1098,1331 1098,1331 1098,1254"/>
                        <TextEquiv conf="1.0"><Unicode>U</Unicode></TextEquiv>
                    </Glyph>
                    <Glyph id="char_9">
                        <Coords points="1163,1256 1163,1331 1168,1331 1168,1257"/>
                        <TextEquiv conf="1.0"><Unicode>T</Unicode></TextEquiv>
                    </Glyph>
                    <Glyph id="char_10">
                        <Coords points="1223,1254 1223,1331 1223,1331 1223,1254"/>
                        <TextEquiv conf="1.0"><Unicode>T</Unicode></TextEquiv>
                    </Glyph>
                    <Glyph id="char_11">
                        <Coords points="1277,1256 1277,1331 1277,1331 1277,1256"/>
                        <TextEquiv conf="1.0"><Unicode>E</Unicode></TextEquiv>
                    </Glyph>
                    <Glyph id="char_12">
                        <Coords points="1337,1261 1337,1331 1337,1331 1337,1261"/>
                        <TextEquiv conf="0.9779"><Unicode>R</Unicode></TextEquiv>
                    </Glyph>
                    <Glyph id="char_13">
                        <Coords points="1379,1315 1379,1317 1379,1317 1379,1315"/>
                        <TextEquiv conf="1.0"><Unicode>.</Unicode></TextEquiv>
                    </Glyph>
                    <TextEquiv conf="0.9968"><Unicode>MUTTER.</Unicode></TextEquiv>
                </Word>
                <TextEquiv conf="0.9984"><Unicode>MEINER MUTTER.</Unicode></TextEquiv>
            </TextLine>
        </TextRegion>
    </Page>
</PcGts>