<?xml version="1.0" encoding="UTF-8"?>
<PcGts xmlns="http://schema.primaresearch.org/PAGE/gts/pagecontent/2019-07-15" xmlns:xsi="http://www.w3.org/2001/XMLSchema-instance" xsi:schemaLocation="http://schema.primaresearch.org/PAGE/gts/pagecontent/2019-07-15 http://schema.primaresearch.org/PAGE/gts/pagecontent/2019-07-15/pagecontent.xsd">
    <Metadata>
        <Creator>kraken 6.0.3</Creator>
        <Created>2026-01-20T00:46:52.518762+00:00</Created>
        <LastChange>2026-01-20T00:46:52.518762+00:00</LastChange>
    </Metadata>
    <Page imageFilename="/tmp/tmpubev_hog.png" imageWidth="1567" imageHeight="3267">
        <TextRegion id="_d4eed8c7-c9a1-477a-aba1-616f94e58375" custom="type {type:text;}">
<Coords points="101,421 295,428 310,520 254,535 237,586 94,593 65,522 72,442 101,421"/>
            <TextLine id="_54a2aec5-81d9-4bf6-aebf-74cef705c861" custom="type {type:default;}">
                <Coords points="259,426 243,441 148,441 110,426 108,426 107,426 105,426 103,426 103,428 92,437 94,488 94,493 305,493 306,484 305,441 270,426 259,426"/>
                <Baseline points="94,488 306,484"/>
                <Word id="segment_0">
                    <Coords points="107,426 108,493 260,493 259,426"/>
                    <Glyph id="char_0">
                        <Coords points="107,426 108,493 108,493 107,426"/>
                        <TextEquiv conf="1.0"><Unicode>8</Unicode></TextEquiv>
                    </Glyph>
                    <Glyph id="char_1">
                        <Coords points="160,441 161,493 161,493 160,441"/>
                        <TextEquiv conf="1.0"><Unicode>3</Unicode></TextEquiv>
                    </Glyph>
                    <Glyph id="char_2">
                        <Coords points="202,441 203,493 203,493 202,441"/>
                        <TextEquiv conf="1.0"><Unicode>0</Unicode></TextEquiv>
                    </Glyph>
                    <Glyph id="char_3">
                        <Coords points="245,439 246,493 251,493 250,434"/>
                        <TextEquiv conf="1.0"><Unicode>.</Unicode></TextEquiv>
                    </Glyph>
                    <Glyph id="char_4">
                        <Coords points="259,426 260,493 260,493 259,426"/>
                        <TextEquiv conf="1.0"><Unicode>0</Unicode></TextEquiv>
                    </Glyph>
                    <TextEquiv conf="1.0"><Unicode>830.0</Unicode></TextEquiv>
                </Word>
                <TextEquiv conf="1.0"><Unicode>830.0</Unicode></TextEquiv>
            </TextLine>
        </TextRegion>
    </Page>
</PcGts>