<?xml version="1.0" encoding="UTF-8"?>
<PcGts xmlns="http://schema.primaresearch.org/PAGE/gts/pagecontent/2019-07-15" xmlns:xsi="http://www.w3.org/2001/XMLSchema-instance" xsi:schemaLocation="http://schema.primaresearch.org/PAGE/gts/pagecontent/2019-07-15 http://schema.primaresearch.org/PAGE/gts/pagecontent/2019-07-15/pagecontent.xsd">
    <Metadata>
        <Creator>kraken 6.0.3</Creator>
        <Created>2026-01-20T00:46:31.121672+00:00</Created>
        <LastChange>2026-01-20T00:46:31.121672+00:00</LastChange>
    </Metadata>
    <Page imageFilename="/tmp/tmpotb530wg.png" imageWidth="1567" imageHeight="3267">
        <TextRegion id="_36730f57-b49c-4cda-8340-8d429251fa2d" custom="type {type:text;}">
<Coords points="1419,377 1494,392 1501,471 1465,566 1501,682 1501,2473 1487,2502 1329,2502 1327,2531 1414,2541 1385,2560 1423,2577 1479,2562 1487,2677 973,2684 920,2648 746,2633 450,2633 426,2669 332,2677 101,2669 123,2648 87,2546 108,399 579,399 631,457 731,442 739,421 877,464 886,435 1116,442 1125,413 1089,399 1133,392 1419,377"/>
            <TextLine id="_6d641574-c9f6-42a6-a17b-407668d40e0f" custom="type {type:default;}">
                <Coords points="127,459 127,488 236,500 237,455 234,426 188,417 187,417 125,428 127,459"/>
                <Baseline points="127,459 237,455"/>
                
            </TextLine>

            <TextLine id="_358f8ee7-bfd5-45ed-bc50-a699a1eb39f1" custom="type {type:default;}">
                <Coords points="179,548 179,564 201,575 203,575 205,575 206,575 246,562 305,571 306,548 306,471 272,471 270,471 268,471 266,471 266,473 248,488 179,484 179,548"/>
                <Baseline points="179,548 306,548"/>
                <Word id="segment_0">
                    <Coords points="186,484 186,568 186,568 186,484"/>
                    <Glyph id="char_0">
                        <Coords points="186,484 186,568 186,568 186,484"/>
                        <TextEquiv conf="0.9931"><Unicode>5</Unicode></TextEquiv>
                    </Glyph>
                    <TextEquiv conf="0.9931"><Unicode>5</Unicode></TextEquiv>
                </Word>
                <TextEquiv conf="0.9931"><Unicode>5</Unicode></TextEquiv>
            </TextLine>

            <TextLine id="_c12a492e-3e35-456e-8d2e-93718903b72b" custom="type {type:default;}">
                <Coords points="157,666 159,736 223,711 223,666 221,627 157,638 157,666"/>
                <Baseline points="157,666 223,666"/>
                
            </TextLine>

            <TextLine id="_d8a58960-a8ec-4e4c-8c59-8a80544bde3c" custom="type {type:default;}">
                <Coords points="139,814 137,824 212,829 216,816 214,773 139,760 139,814"/>
                <Baseline points="139,814 216,816"/>
                <Word id="segment_1">
                    <Coords points="149,762 148,825 148,825 149,762"/>
                    <Glyph id="char_1">
                        <Coords points="149,762 148,825 148,825 149,762"/>
                        <TextEquiv conf="0.9992"><Unicode>*</Unicode></TextEquiv>
                    </Glyph>
                    <TextEquiv conf="0.9992"><Unicode>*</Unicode></TextEquiv>
                </Word>
                <TextEquiv conf="0.9992"><Unicode>*</Unicode></TextEquiv>
            </TextLine>

            <TextLine id="_e09d1fff-4342-45a7-8b73-f63e169d1992" custom="type {type:default;}">
                <Coords points="241,693 241,767 266,778 270,693 268,638 241,638 241,693"/>
                <Baseline points="241,693 270,693"/>
                
            </TextLine>

            <TextLine id="_6754c29f-a2d3-4632-9f09-e58af2f4f790" custom="type {type:default;}">
                <Coords points="330,822 332,845 355,836 384,842 386,822 386,798 330,794 330,822"/>
                <Baseline points="330,822 386,822"/>
                
            </TextLine>

            <TextLine id="_f1210396-6ba3-482f-bc91-16793bcf269d" custom="type {type:default;}">
                <Coords points="330,824 328,814 319,811 317,811 315,811 314,811 275,825 170,816 167,816 148,816 147,813 130,813 132,853 132,876 165,873 201,891 203,891 205,892 265,892 265,891 266,891 268,891 268,889 285,873 299,880 301,880 303,880 354,869 354,851 352,827 344,824 330,824"/>
                <Baseline points="132,853 354,851"/>
                
            </TextLine>

            <TextLine id="_a648ad57-d95b-406c-99d8-90a746d3886e" custom="type {type:default;}">
                <Coords points="90,2043 112,2147 118,2178 143,2165 139,2141 107,2005 90,2020 90,2043"/>
                <Baseline points="112,2147 139,2141"/>
                
            </TextLine>

            <TextLine id="_d9fe8d55-95ae-417e-978f-5d655f8d0615" custom="type {type:default;}">
                <Coords points="119,2535 123,2577 143,2568 141,2533 128,2392 107,2392 119,2535"/>
                <Baseline points="119,2535 141,2533"/>
                
            </TextLine>

            <TextLine id="_9195b61c-4bcd-4fc0-b9e4-6ba2f31ae9cb" custom="type {type:default;}">
                <Coords points="179,945 179,965 228,974 230,974 232,974 261,963 305,974 308,945 306,900 179,902 179,945"/>
                <Baseline points="179,945 308,945"/>
                
            </TextLine>

            <TextLine id="_eb1706f9-47b2-4cc5-9574-9bb32350cdf7" custom="type {type:default;}">
                <Coords points="170,1047 185,1045 185,1021 185,947 174,941 170,1021 170,1047"/>
                <Baseline points="170,1021 185,1021"/>
                
            </TextLine>

            <TextLine id="_ef6189eb-4b5d-4e82-a5f2-d156c337ec48" custom="type {type:default;}">
                <Coords points="239,1016 239,1029 256,1027 256,1016 256,971 239,971 239,1016"/>
                <Baseline points="239,1016 256,1016"/>
                <Word id="segment_2">
                    <Coords points="248,971 248,1028 248,1028 248,971"/>
                    <Glyph id="char_2">
                        <Coords points="248,971 248,1028 248,1028 248,971"/>
                        <TextEquiv conf="0.9999"><Unicode>.</Unicode></TextEquiv>
                    </Glyph>
                    <TextEquiv conf="0.9999"><Unicode>.</Unicode></TextEquiv>
                </Word>
                <TextEquiv conf="0.9999"><Unicode>.</Unicode></TextEquiv>
            </TextLine>

            <TextLine id="_88b91871-9b14-408c-8757-ff74f9168a12" custom="type {type:default;}">
                <Coords points="167,1061 167,1099 232,1087 241,1089 257,1089 275,1089 288,1089 290,1061 290,1036 167,1036 167,1061"/>
                <Baseline points="167,1061 290,1061"/>
                <Word id="segment_3">
                    <Coords points="176,1036 176,1097 176,1097 176,1036"/>
                    <Glyph id="char_3">
                        <Coords points="176,1036 176,1097 176,1097 176,1036"/>
                        <TextEquiv conf="0.9981"><Unicode>4</Unicode></TextEquiv>
                    </Glyph>
                    <TextEquiv conf="0.9981"><Unicode>4</Unicode></TextEquiv>
                </Word>
                <TextEquiv conf="0.9981"><Unicode>4</Unicode></TextEquiv>
            </TextLine>

            <TextLine id="_13cea8d8-ae8d-43ef-8883-88f6dc17bbed" custom="type {type:default;}">
                <Coords points="145,1221 205,1230 208,1212 208,1165 150,1150 147,1210 145,1221"/>
                <Baseline points="147,1210 208,1212"/>
                <Word id="segment_4">
                    <Coords points="161,1153 159,1223 159,1223 161,1153"/>
                    <Glyph id="char_4">
                        <Coords points="161,1153 159,1223 159,1223 161,1153"/>
                        <TextEquiv conf="1.0"><Unicode>8</Unicode></TextEquiv>
                    </Glyph>
                    <TextEquiv conf="1.0"><Unicode>8</Unicode></TextEquiv>
                </Word>
                <TextEquiv conf="1.0"><Unicode>8</Unicode></TextEquiv>
            </TextLine>

            <TextLine id="_834849a7-ff4c-42f5-8701-561fc4941b86" custom="type {type:default;}">
                <Coords points="223,1090 225,1110 256,1101 286,1112 290,1090 290,1070 223,1070 223,1090"/>
                <Baseline points="223,1090 290,1090"/>
                <Word id="segment_5">
                    <Coords points="264,1070 264,1104 270,1106 270,1070"/>
                    <Glyph id="char_5">
                        <Coords points="264,1070 264,1104 270,1106 270,1070"/>
                        <TextEquiv conf="0.9992"><Unicode>—</Unicode></TextEquiv>
                    </Glyph>
                    <TextEquiv conf="0.9992"><Unicode>—</Unicode></TextEquiv>
                </Word>
                <TextEquiv conf="0.9992"><Unicode>—</Unicode></TextEquiv>
            </TextLine>

            <TextLine id="_b41b1042-bdf8-427e-b384-2fe692186209" custom="type {type:default;}">
                <Coords points="303,1250 305,1274 344,1272 344,1246 335,1192 297,1203 303,1250"/>
                <Baseline points="303,1250 344,1246"/>
                <Word id="segment_6">
                    <Coords points="311,1199 318,1273 318,1273 311,1199"/>
                    <Glyph id="char_6">
                        <Coords points="311,1199 318,1273 318,1273 311,1199"/>
                        <TextEquiv conf="0.9947"><Unicode>5</Unicode></TextEquiv>
                    </Glyph>
                    <TextEquiv conf="0.9947"><Unicode>5</Unicode></TextEquiv>
                </Word>
                <TextEquiv conf="0.9947"><Unicode>5</Unicode></TextEquiv>
            </TextLine>

            <TextLine id="_b0776009-fbd1-4da9-852f-e0ffc005e877" custom="type {type:default;}">
                <Coords points="185,1343 185,1361 225,1370 226,1370 228,1370 230,1370 252,1355 290,1368 292,1368 294,1368 295,1368 319,1359 319,1339 314,1268 183,1286 185,1343"/>
                <Baseline points="185,1343 319,1339"/>
                <Word id="segment_7">
                    <Coords points="190,1285 193,1363 319,1339 319,1339"/>
                    <Glyph id="char_7">
                        <Coords points="190,1285 193,1363 193,1363 190,1285"/>
                        <TextEquiv conf="0.999"><Unicode>2</Unicode></TextEquiv>
                    </Glyph>
                    <Glyph id="char_8">
                        <Coords points="319,1339 319,1339 319,1339 319,1339"/>
                        <TextEquiv conf="0.151"><Unicode>,</Unicode></TextEquiv>
                    </Glyph>
                    <TextEquiv conf="0.575"><Unicode>2,</Unicode></TextEquiv>
                </Word>
                <TextEquiv conf="0.575"><Unicode>2,</Unicode></TextEquiv>
            </TextLine>

            <TextLine id="_3dc1ac81-daef-4f44-a35b-2b5059fadd6a" custom="type {type:default;}">
                <Coords points="165,1459 163,1495 221,1486 254,1491 257,1461 256,1413 165,1428 165,1459"/>
                <Baseline points="165,1459 257,1461"/>
                <Word id="segment_8">
                    <Coords points="201,1422 199,1489 199,1489 201,1422"/>
                    <Glyph id="char_9">
                        <Coords points="201,1422 199,1489 199,1489 201,1422"/>
                        <TextEquiv conf="0.9357"><Unicode>—</Unicode></TextEquiv>
                    </Glyph>
                    <TextEquiv conf="0.9357"><Unicode>—</Unicode></TextEquiv>
                </Word>
                <TextEquiv conf="0.9357"><Unicode>—</Unicode></TextEquiv>
            </TextLine>

            <TextLine id="_845fffd4-8073-47fa-b149-7d217c63edf1" custom="type {type:default;}">
                <Coords points="143,1620 210,1628 214,1608 214,1564 147,1540 145,1606 143,1620"/>
                <Baseline points="145,1606 214,1608"/>
                <Word id="segment_9">
                    <Coords points="153,1542 151,1621 151,1621 153,1542"/>
                    <Glyph id="char_10">
                        <Coords points="153,1542 151,1621 151,1621 153,1542"/>
                        <TextEquiv conf="0.9322"><Unicode>●</Unicode></TextEquiv>
                    </Glyph>
                    <TextEquiv conf="0.9322"><Unicode>●</Unicode></TextEquiv>
                </Word>
                <TextEquiv conf="0.9322"><Unicode>●</Unicode></TextEquiv>
            </TextLine>

            <TextLine id="_8eec8215-575d-4b70-952c-c69978b21d44" custom="type {type:default;}">
                <Coords points="268,1508 299,1511 305,1462 305,1439 274,1430 272,1461 268,1508"/>
                <Baseline points="272,1461 305,1462"/>
                <Word id="segment_10">
                    <Coords points="279,1431 277,1509 277,1509 279,1431"/>
                    <Glyph id="char_11">
                        <Coords points="279,1431 277,1509 277,1509 279,1431"/>
                        <TextEquiv conf="0.9936"><Unicode>7</Unicode></TextEquiv>
                    </Glyph>
                    <TextEquiv conf="0.9936"><Unicode>7</Unicode></TextEquiv>
                </Word>
                <TextEquiv conf="0.9936"><Unicode>7</Unicode></TextEquiv>
            </TextLine>

            <TextLine id="_665bbd53-26a4-4d6a-9244-2a9bb69ab5ba" custom="type {type:default;}">
                <Coords points="194,1608 141,1618 143,1649 143,1675 159,1675 174,1687 174,1689 176,1689 177,1689 179,1689 256,1687 357,1664 357,1644 352,1597 299,1600 297,1600 295,1600 295,1602 279,1617 196,1608 194,1608"/>
                <Baseline points="143,1649 357,1644"/>
                
            </TextLine>

            <TextLine id="_14395890-6d0c-40f8-92ae-7821e6d5b759" custom="type {type:default;}">
                <Coords points="188,1740 188,1758 325,1756 326,1738 321,1669 187,1673 188,1740"/>
                <Baseline points="188,1740 326,1738"/>
                <Word id="segment_11">
                    <Coords points="272,1670 273,1757 326,1738 326,1738"/>
                    <Glyph id="char_12">
                        <Coords points="272,1670 273,1757 273,1757 272,1670"/>
                        <TextEquiv conf="0.991"><Unicode>b</Unicode></TextEquiv>
                    </Glyph>
                    <Glyph id="char_13">
                        <Coords points="326,1738 326,1738 326,1738 326,1738"/>
                        <TextEquiv conf="0.2535"><Unicode>,</Unicode></TextEquiv>
                    </Glyph>
                    <TextEquiv conf="0.6223"><Unicode>b,</Unicode></TextEquiv>
                </Word>
                <TextEquiv conf="0.6223"><Unicode>b,</Unicode></TextEquiv>
            </TextLine>

            <TextLine id="_2c28f033-92c2-4142-886f-b78dd973a5e5" custom="type {type:default;}">
                <Coords points="190,1740 188,1738 179,1733 177,1733 176,1733 152,1733 157,1818 157,1838 266,1822 266,1815 261,1771 239,1771 190,1740 190,1740"/>
                <Baseline points="157,1818 266,1815"/>
                <Word id="segment_12">
                    <Coords points="169,1733 171,1836 241,1826 240,1771"/>
                    <Glyph id="char_14">
                        <Coords points="169,1733 171,1836 171,1836 169,1733"/>
                        <TextEquiv conf="1.0"><Unicode>d</Unicode></TextEquiv>
                    </Glyph>
                    <Glyph id="char_15">
                        <Coords points="240,1771 241,1826 241,1826 240,1771"/>
                        <TextEquiv conf="1.0"><Unicode>⸗</Unicode></TextEquiv>
                    </Glyph>
                    <TextEquiv conf="1.0"><Unicode>d⸗</Unicode></TextEquiv>
                </Word>
                <TextEquiv conf="1.0"><Unicode>d⸗</Unicode></TextEquiv>
            </TextLine>

            <TextLine id="_5d6df6fe-b229-47ee-a6e7-89ee5fc3bfb0" custom="type {type:default;}">
                <Coords points="252,1816 234,1816 223,1816 197,1820 197,1856 197,1891 263,1885 263,1856 261,1816 252,1816"/>
                <Baseline points="197,1856 263,1856"/>
                <Word id="segment_13">
                    <Coords points="207,1818 207,1890 207,1890 207,1818"/>
                    <Glyph id="char_16">
                        <Coords points="207,1818 207,1890 207,1890 207,1818"/>
                        <TextEquiv conf="0.9955"><Unicode>0</Unicode></TextEquiv>
                    </Glyph>
                    <TextEquiv conf="0.9955"><Unicode>0</Unicode></TextEquiv>
                </Word>
                <TextEquiv conf="0.9955"><Unicode>0</Unicode></TextEquiv>
            </TextLine>

            <TextLine id="_cd70a87c-8cdc-4874-baca-ba28465823e9" custom="type {type:default;}">
                <Coords points="152,2016 217,2025 221,2007 221,1958 157,1940 154,2005 152,2016"/>
                <Baseline points="154,2005 221,2007"/>
                <Word id="segment_14">
                    <Coords points="168,1943 166,2018 166,2018 168,1943"/>
                    <Glyph id="char_17">
                        <Coords points="168,1943 166,2018 166,2018 168,1943"/>
                        <TextEquiv conf="1.0"><Unicode>●</Unicode></TextEquiv>
                    </Glyph>
                    <TextEquiv conf="1.0"><Unicode>●</Unicode></TextEquiv>
                </Word>
                <TextEquiv conf="1.0"><Unicode>●</Unicode></TextEquiv>
            </TextLine>

            <TextLine id="_bb32a527-3ee8-467e-9efc-98b903b4a979" custom="type {type:default;}">
                <Coords points="275,1885 274,1907 299,1907 301,1887 303,1838 279,1827 275,1885"/>
                <Baseline points="275,1885 301,1887"/>
                <Word id="segment_15">
                    <Coords points="290,1832 284,1907 284,1907 290,1832"/>
                    <Glyph id="char_18">
                        <Coords points="290,1832 284,1907 284,1907 290,1832"/>
                        <TextEquiv conf="1.0"><Unicode>1</Unicode></TextEquiv>
                    </Glyph>
                    <TextEquiv conf="1.0"><Unicode>1</Unicode></TextEquiv>
                </Word>
                <TextEquiv conf="1.0"><Unicode>1</Unicode></TextEquiv>
            </TextLine>

            <TextLine id="_50ae26d7-9c43-4fd4-afd1-64277c7aa8fb" custom="type {type:default;}">
                <Coords points="301,2043 301,2065 334,2061 334,2043 332,1994 301,1998 301,2043"/>
                <Baseline points="301,2043 334,2043"/>
                <Word id="segment_16">
                    <Coords points="306,1997 306,2064 306,2064 306,1997"/>
                    <Glyph id="char_19">
                        <Coords points="306,1997 306,2064 306,2064 306,1997"/>
                        <TextEquiv conf="1.0"><Unicode>6</Unicode></TextEquiv>
                    </Glyph>
                    <TextEquiv conf="1.0"><Unicode>6</Unicode></TextEquiv>
                </Word>
                <TextEquiv conf="1.0"><Unicode>6</Unicode></TextEquiv>
            </TextLine>

            <TextLine id="_e2fb46c6-78da-4885-9339-a9751d05a5ee" custom="type {type:default;}">
                <Coords points="181,2139 181,2154 203,2165 205,2165 206,2165 208,2165 257,2150 325,2159 326,2136 323,2089 286,2089 270,2074 270,2072 268,2072 266,2072 265,2072 179,2078 181,2139"/>
                <Baseline points="181,2139 326,2136"/>
                <Word id="segment_17">
                    <Coords points="193,2077 194,2161 326,2136 326,2135"/>
                    <Glyph id="char_20">
                        <Coords points="193,2077 194,2161 194,2161 193,2077"/>
                        <TextEquiv conf="0.9999"><Unicode>2</Unicode></TextEquiv>
                    </Glyph>
                    <Glyph id="char_21">
                        <Coords points="326,2135 326,2136 326,2136 326,2135"/>
                        <TextEquiv conf="0.0859"><Unicode>,</Unicode></TextEquiv>
                    </Glyph>
                    <TextEquiv conf="0.5429"><Unicode>2,</Unicode></TextEquiv>
                </Word>
                <TextEquiv conf="0.5429"><Unicode>2,</Unicode></TextEquiv>
            </TextLine>

            <TextLine id="_79c79b7b-374f-43da-9f36-7f79379e5c41" custom="type {type:default;}">
                <Coords points="201,2139 183,2139 179,2127 172,2123 170,2123 168,2123 167,2123 147,2132 150,2216 150,2241 206,2241 206,2214 203,2139 201,2139"/>
                <Baseline points="150,2216 206,2214"/>
                <Word id="segment_18">
                    <Coords points="156,2128 160,2241 160,2241 156,2128"/>
                    <Glyph id="char_22">
                        <Coords points="156,2128 160,2241 160,2241 156,2128"/>
                        <TextEquiv conf="0.9992"><Unicode>„</Unicode></TextEquiv>
                    </Glyph>
                    <TextEquiv conf="0.9992"><Unicode>„</Unicode></TextEquiv>
                </Word>
                <TextEquiv conf="0.9992"><Unicode>„</Unicode></TextEquiv>
            </TextLine>

            <TextLine id="_44cbe918-f46d-4036-8faa-984534f52117" custom="type {type:default;}">
                <Coords points="168,2256 165,2344 190,2368 190,2370 192,2370 194,2370 196,2372 237,2372 237,2370 239,2370 241,2370 241,2368 256,2354 303,2344 305,2257 303,2225 168,2225 168,2256"/>
                <Baseline points="168,2256 305,2257"/>
                
            </TextLine>

            <TextLine id="_f48b21a1-b42d-4370-b215-181c2de1ae53" custom="type {type:default;}">
                <Coords points="147,2397 145,2406 203,2413 206,2401 208,2352 168,2341 167,2341 165,2341 163,2341 148,2346 147,2397"/>
                <Baseline points="147,2397 206,2401"/>
                
            </TextLine>

            <TextLine id="_676b5d5b-7a0a-4bb5-ae96-38366f9aa350" custom="type {type:default;}">
                <Coords points="181,2531 183,2691 252,2691 254,2639 256,2691 295,2691 294,2530 288,2462 179,2472 181,2531"/>
                <Baseline points="181,2531 294,2530"/>
                <Word id="segment_19">
                    <Coords points="213,2469 215,2691 215,2691 213,2469"/>
                    <Glyph id="char_23">
                        <Coords points="213,2469 215,2691 215,2691 213,2469"/>
                        <TextEquiv conf="0.995"><Unicode>8</Unicode></TextEquiv>
                    </Glyph>
                    <TextEquiv conf="0.995"><Unicode>8</Unicode></TextEquiv>
                </Word>
                <TextEquiv conf="0.995"><Unicode>8</Unicode></TextEquiv>
            </TextLine>

            <TextLine id="_e550c457-504b-44bd-a143-0b3dc84a38d0" custom="type {type:default;}">
                <Coords points="250,2640 250,2698 265,2698 265,2640 261,2597 250,2600 250,2640"/>
                <Baseline points="250,2640 265,2640"/>
                <Word id="segment_20">
                    <Coords points="258,2598 258,2698 258,2698 258,2598"/>
                    <Glyph id="char_24">
                        <Coords points="258,2598 258,2698 258,2698 258,2598"/>
                        <TextEquiv conf="0.9881"><Unicode>.</Unicode></TextEquiv>
                    </Glyph>
                    <TextEquiv conf="0.9881"><Unicode>.</Unicode></TextEquiv>
                </Word>
                <TextEquiv conf="0.9881"><Unicode>.</Unicode></TextEquiv>
            </TextLine>

            <TextLine id="_9ccc3846-f9b4-4f62-b2d8-e2d56b8ad9a3" custom="type {type:default;}">
                <Coords points="335,1887 335,1911 354,1911 354,1887 354,1865 335,1864 335,1887"/>
                <Baseline points="335,1887 354,1887"/>
                <Word id="segment_21">
                    <Coords points="348,1865 348,1911 348,1911 348,1865"/>
                    <Glyph id="char_25">
                        <Coords points="348,1865 348,1911 348,1911 348,1865"/>
                        <TextEquiv conf="1.0"><Unicode>.</Unicode></TextEquiv>
                    </Glyph>
                    <TextEquiv conf="1.0"><Unicode>.</Unicode></TextEquiv>
                </Word>
                <TextEquiv conf="1.0"><Unicode>.</Unicode></TextEquiv>
            </TextLine>

            <TextLine id="_acfa3f4e-5841-4366-9eba-e21389ef97df" custom="type {type:default;}">
                <Coords points="323,2412 310,2697 392,2693 404,2415 403,2381 323,2384 323,2412"/>
                <Baseline points="323,2412 404,2415"/>
                <Word id="segment_22">
                    <Coords points="354,2383 343,2695 343,2695 354,2383"/>
                    <Glyph id="char_26">
                        <Coords points="354,2383 343,2695 343,2695 354,2383"/>
                        <TextEquiv conf="1.0"><Unicode>1</Unicode></TextEquiv>
                    </Glyph>
                    <TextEquiv conf="1.0"><Unicode>1</Unicode></TextEquiv>
                </Word>
                <TextEquiv conf="1.0"><Unicode>1</Unicode></TextEquiv>
            </TextLine>

            <TextLine id="_77d0a6d4-5d38-4b50-95a2-086157674e51" custom="type {type:default;}">
                <Coords points="595,745 595,775 622,784 626,744 620,686 590,684 595,745"/>
                <Baseline points="595,745 626,744"/>
                <Word id="segment_23">
                    <Coords points="607,685 610,780 610,780 607,685"/>
                    <Glyph id="char_27">
                        <Coords points="607,685 610,780 610,780 607,685"/>
                        <TextEquiv conf="1.0"><Unicode>8</Unicode></TextEquiv>
                    </Glyph>
                    <TextEquiv conf="1.0"><Unicode>8</Unicode></TextEquiv>
                </Word>
                <TextEquiv conf="1.0"><Unicode>8</Unicode></TextEquiv>
            </TextLine>

            <TextLine id="_de8ee070-e26e-4b41-b60e-51eaab4768ba" custom="type {type:default;}">
                <Coords points="835,627 833,666 884,691 891,629 887,575 835,589 835,627"/>
                <Baseline points="835,627 891,629"/>
                <Word id="segment_24">
                    <Coords points="854,584 850,674 850,674 854,584"/>
                    <Glyph id="char_28">
                        <Coords points="854,584 850,674 850,674 854,584"/>
                        <TextEquiv conf="1.0"><Unicode>5</Unicode></TextEquiv>
                    </Glyph>
                    <TextEquiv conf="1.0"><Unicode>5</Unicode></TextEquiv>
                </Word>
                <TextEquiv conf="1.0"><Unicode>5</Unicode></TextEquiv>
            </TextLine>

            <TextLine id="_53c94a74-4c3d-426c-8e9b-777fbb4467ee" custom="type {type:default;}">
                <Coords points="1447,382 1429,379 1412,377 1394,377 1374,379 1356,379 1338,381 1320,381 1320,453 1316,548 1387,571 1389,571 1390,571 1392,571 1458,549 1461,457 1461,384 1447,382"/>
                <Baseline points="1320,453 1461,457"/>
                <Word id="segment_25">
                    <Coords points="1335,381 1330,553 1330,553 1335,381"/>
                    <Glyph id="char_29">
                        <Coords points="1335,381 1330,553 1330,553 1335,381"/>
                        <TextEquiv conf="0.999"><Unicode>6</Unicode></TextEquiv>
                    </Glyph>
                    <TextEquiv conf="0.999"><Unicode>6</Unicode></TextEquiv>
                </Word>
                <TextEquiv conf="0.999"><Unicode>6</Unicode></TextEquiv>
            </TextLine>

            <TextLine id="_043f8861-1568-4fdb-82ea-d2f6c4afc74f" custom="type {type:default;}">
                <Coords points="1330,624 1369,622 1369,606 1369,557 1332,546 1330,606 1330,624"/>
                <Baseline points="1330,606 1369,606"/>
                
            </TextLine>

            <TextLine id="_fc2e2210-97cb-4600-a5e2-76270d086acb" custom="type {type:default;}">
                <Coords points="1370,738 1370,764 1410,782 1412,736 1409,680 1367,669 1370,738"/>
                <Baseline points="1370,738 1412,736"/>
                <Word id="segment_26">
                    <Coords points="1377,672 1381,769 1381,769 1377,672"/>
                    <Glyph id="char_30">
                        <Coords points="1377,672 1381,769 1381,769 1377,672"/>
                        <TextEquiv conf="0.9997"><Unicode>7</Unicode></TextEquiv>
                    </Glyph>
                    <TextEquiv conf="0.9997"><Unicode>7</Unicode></TextEquiv>
                </Word>
                <TextEquiv conf="0.9997"><Unicode>7</Unicode></TextEquiv>
            </TextLine>

            <TextLine id="_d33f05b2-6926-44a4-a6e3-fa55b53acabd" custom="type {type:default;}">
                <Coords points="410,820 415,853 424,842 492,853 493,853 495,853 497,853 497,851 499,851 508,840 528,849 530,849 532,849 615,838 697,858 699,858 700,858 702,858 704,858 729,836 857,856 858,858 1034,858 1034,856 1036,856 1038,856 1073,833 1105,833 1245,833 1316,853 1318,853 1320,853 1321,853 1381,833 1418,845 1419,845 1421,845 1465,840 1465,809 1461,751 1418,742 1416,742 1414,742 1412,742 1390,760 1310,742 1309,742 1307,742 1305,742 1305,744 1267,782 1113,782 1098,769 1096,769 1094,769 1093,769 1091,769 1089,769 1089,771 1076,784 1029,784 924,744 922,744 920,744 918,744 916,744 866,782 806,744 804,744 802,744 800,744 798,744 760,760 746,747 746,745 744,745 742,745 706,745 704,745 702,745 700,745 700,747 686,760 670,745 668,745 666,745 633,745 631,745 630,745 628,745 628,747 610,765 571,745 570,745 524,745 522,745 521,745 519,745 519,747 481,784 408,784 410,820"/>
                <Baseline points="410,820 659,811 1465,809"/>
                <Word id="segment_27">
                    <Coords points="425,784 427,842 427,842 425,784"/>
                    <Glyph id="char_31">
                        <Coords points="425,784 427,842 427,842 425,784"/>
                        <TextEquiv conf="0.9999"><Unicode>E</Unicode></TextEquiv>
                    </Glyph>
                    <TextEquiv conf="0.9999"><Unicode>E</Unicode></TextEquiv>
                </Word>
                <Word id="segment_28">
                    <Coords points="517,748 521,846 890,858 890,764"/>
                    <Glyph id="char_32">
                        <Coords points="517,748 521,846 529,849 525,745"/>
                        <TextEquiv conf="1.0"><Unicode> </Unicode></TextEquiv>
                    </Glyph>
                    <Glyph id="char_33">
                        <Coords points="701,745 701,858 701,858 701,745"/>
                        <TextEquiv conf="1.0"><Unicode> </Unicode></TextEquiv>
                    </Glyph>
                    <Glyph id="char_34">
                        <Coords points="890,764 890,858 890,858 890,764"/>
                        <TextEquiv conf="0.9943"><Unicode> </Unicode></TextEquiv>
                    </Glyph>
                    <TextEquiv conf="0.9981"><Unicode>   </Unicode></TextEquiv>
                </Word>
                <TextEquiv conf="0.9985"><Unicode>E   </Unicode></TextEquiv>
            </TextLine>

            <TextLine id="_b4c8f56c-1475-41db-9c7d-e1c3d0ea5352" custom="type {type:default;}">
                <Coords points="461,2179 463,2221 501,2210 562,2219 564,2219 628,2210 653,2227 655,2227 657,2227 659,2228 846,2228 846,2227 847,2227 882,2214 904,2225 906,2225 907,2225 909,2225 927,2216 1000,2225 1002,2225 1004,2225 1051,2208 1076,2221 1078,2221 1080,2221 1082,2221 1084,2221 1084,2219 1098,2208 1252,2221 1254,2176 1251,2130 459,2128 461,2179"/>
                <Baseline points="461,2179 1254,2176"/>
                <Word id="segment_29">
                    <Coords points="474,2128 474,2218 589,2215 589,2128"/>
                    <Glyph id="char_35">
                        <Coords points="474,2128 474,2218 474,2218 474,2128"/>
                        <TextEquiv conf="1.0"><Unicode>T</Unicode></TextEquiv>
                    </Glyph>
                    <Glyph id="char_36">
                        <Coords points="501,2128 501,2210 501,2210 501,2128"/>
                        <TextEquiv conf="0.9999"><Unicode>E</Unicode></TextEquiv>
                    </Glyph>
                    <Glyph id="char_37">
                        <Coords points="522,2128 522,2213 522,2213 522,2128"/>
                        <TextEquiv conf="1.0"><Unicode>L</Unicode></TextEquiv>
                    </Glyph>
                    <Glyph id="char_38">
                        <Coords points="542,2128 542,2216 549,2217 549,2128"/>
                        <TextEquiv conf="1.0"><Unicode>A</Unicode></TextEquiv>
                    </Glyph>
                    <Glyph id="char_39">
                        <Coords points="562,2128 562,2219 562,2219 562,2128"/>
                        <TextEquiv conf="0.9997"><Unicode>N</Unicode></TextEquiv>
                    </Glyph>
                    <Glyph id="char_40">
                        <Coords points="589,2128 589,2215 589,2215 589,2128"/>
                        <TextEquiv conf="0.9991"><Unicode>D</Unicode></TextEquiv>
                    </Glyph>
                    <TextEquiv conf="0.9998"><Unicode>TELAND</Unicode></TextEquiv>
                </Word>
                <Word id="segment_30">
                    <Coords points="616,2128 616,2212 616,2212 616,2128"/>
                    <Glyph id="char_41">
                        <Coords points="616,2128 616,2212 616,2212 616,2128"/>
                        <TextEquiv conf="0.8983"><Unicode> </Unicode></TextEquiv>
                    </Glyph>
                    <TextEquiv conf="0.8983"><Unicode> </Unicode></TextEquiv>
                </Word>
                <Word id="segment_31">
                    <Coords points="629,2128 629,2211 1236,2220 1236,2130"/>
                    <Glyph id="char_42">
                        <Coords points="629,2128 629,2211 629,2211 629,2128"/>
                        <TextEquiv conf="0.9995"><Unicode>S</Unicode></TextEquiv>
                    </Glyph>
                    <Glyph id="char_43">
                        <Coords points="663,2129 663,2228 663,2228 663,2129"/>
                        <TextEquiv conf="0.9985"><Unicode>H</Unicode></TextEquiv>
                    </Glyph>
                    <Glyph id="char_44">
                        <Coords points="690,2129 690,2228 690,2228 690,2129"/>
                        <TextEquiv conf="0.8735"><Unicode>W</Unicode></TextEquiv>
                    </Glyph>
                    <Glyph id="char_45">
                        <Coords points="704,2129 704,2228 704,2228 704,2129"/>
                        <TextEquiv conf="0.9961"><Unicode>N</Unicode></TextEquiv>
                    </Glyph>
                    <Glyph id="char_46">
                        <Coords points="737,2129 737,2228 737,2228 737,2129"/>
                        <TextEquiv conf="0.7341"><Unicode>R</Unicode></TextEquiv>
                    </Glyph>
                    <Glyph id="char_47">
                        <Coords points="757,2129 757,2228 757,2228 757,2129"/>
                        <TextEquiv conf="0.9993"><Unicode>O</Unicode></TextEquiv>
                    </Glyph>
                    <Glyph id="char_48">
                        <Coords points="791,2129 791,2228 791,2228 791,2129"/>
                        <TextEquiv conf="0.9994"><Unicode>R</Unicode></TextEquiv>
                    </Glyph>
                    <Glyph id="char_49">
                        <Coords points="818,2129 818,2228 818,2228 818,2129"/>
                        <TextEquiv conf="0.9967"><Unicode>D</Unicode></TextEquiv>
                    </Glyph>
                    <Glyph id="char_50">
                        <Coords points="859,2129 859,2222 859,2222 859,2129"/>
                        <TextEquiv conf="0.9967"><Unicode>O</Unicode></TextEquiv>
                    </Glyph>
                    <Glyph id="char_51">
                        <Coords points="885,2129 885,2216 885,2216 885,2129"/>
                        <TextEquiv conf="1.0"><Unicode>V</Unicode></TextEquiv>
                    </Glyph>
                    <Glyph id="char_52">
                        <Coords points="912,2129 912,2223 912,2223 912,2129"/>
                        <TextEquiv conf="0.9991"><Unicode>N</Unicode></TextEquiv>
                    </Glyph>
                    <Glyph id="char_53">
                        <Coords points="939,2129 939,2217 939,2217 939,2129"/>
                        <TextEquiv conf="0.9971"><Unicode>I</Unicode></TextEquiv>
                    </Glyph>
                    <Glyph id="char_54">
                        <Coords points="960,2129 960,2220 960,2220 960,2129"/>
                        <TextEquiv conf="0.9998"><Unicode>O</Unicode></TextEquiv>
                    </Glyph>
                    <Glyph id="char_55">
                        <Coords points="987,2129 987,2223 987,2223 987,2129"/>
                        <TextEquiv conf="1.0"><Unicode>N</Unicode></TextEquiv>
                    </Glyph>
                    <Glyph id="char_56">
                        <Coords points="1027,2129 1027,2217 1027,2217 1027,2129"/>
                        <TextEquiv conf="0.9969"><Unicode>V</Unicode></TextEquiv>
                    </Glyph>
                    <Glyph id="char_57">
                        <Coords points="1054,2130 1054,2210 1054,2210 1054,2130"/>
                        <TextEquiv conf="0.9981"><Unicode>A</Unicode></TextEquiv>
                    </Glyph>
                    <Glyph id="char_58">
                        <Coords points="1081,2130 1081,2221 1081,2221 1081,2130"/>
                        <TextEquiv conf="0.4369"><Unicode>N</Unicode></TextEquiv>
                    </Glyph>
                    <Glyph id="char_59">
                        <Coords points="1121,2130 1121,2210 1121,2210 1121,2130"/>
                        <TextEquiv conf="0.8403"><Unicode>E</Unicode></TextEquiv>
                    </Glyph>
                    <Glyph id="char_60">
                        <Coords points="1141,2130 1141,2212 1141,2212 1141,2130"/>
                        <TextEquiv conf="0.8702"><Unicode>N</Unicode></TextEquiv>
                    </Glyph>
                    <Glyph id="char_61">
                        <Coords points="1168,2130 1168,2214 1168,2214 1168,2130"/>
                        <TextEquiv conf="0.7243"><Unicode>S</Unicode></TextEquiv>
                    </Glyph>
                    <Glyph id="char_62">
                        <Coords points="1195,2130 1195,2216 1195,2216 1195,2130"/>
                        <TextEquiv conf="0.7559"><Unicode>I</Unicode></TextEquiv>
                    </Glyph>
                    <Glyph id="char_63">
                        <Coords points="1209,2130 1209,2217 1209,2217 1209,2130"/>
                        <TextEquiv conf="0.2593"><Unicode>I</Unicode></TextEquiv>
                    </Glyph>
                    <Glyph id="char_64">
                        <Coords points="1236,2130 1236,2220 1236,2220 1236,2130"/>
                        <TextEquiv conf="0.3273"><Unicode>Y</Unicode></TextEquiv>
                    </Glyph>
                    <TextEquiv conf="0.8608"><Unicode>SHWNRORDOVNIONVANENSIIY</Unicode></TextEquiv>
                </Word>
                <TextEquiv conf="0.8899"><Unicode>TELAND SHWNRORDOVNIONVANENSIIY</Unicode></TextEquiv>
            </TextLine>

            <TextLine id="_0593353c-ce43-4a55-abb6-c8c0b2b03596" custom="type {type:default;}">
                <Coords points="461,2421 463,2464 513,2482 513,2417 508,2374 457,2379 461,2421"/>
                <Baseline points="461,2421 513,2417"/>
                <Word id="segment_32">
                    <Coords points="466,2378 473,2467 473,2467 466,2378"/>
                    <Glyph id="char_65">
                        <Coords points="466,2378 473,2467 473,2467 466,2378"/>
                        <TextEquiv conf="0.9989"><Unicode>5</Unicode></TextEquiv>
                    </Glyph>
                    <TextEquiv conf="0.9989"><Unicode>5</Unicode></TextEquiv>
                </Word>
                <TextEquiv conf="0.9989"><Unicode>5</Unicode></TextEquiv>
            </TextLine>

            <TextLine id="_24720fb6-b76c-4ced-82fa-04b3358a8a49" custom="type {type:default;}">
                <Coords points="577,2412 579,2433 590,2433 588,2410 562,2268 551,2268 577,2412"/>
                <Baseline points="577,2412 588,2410"/>
                
            </TextLine>

            <TextLine id="_3b5d5336-9f4e-4a75-bcd5-812318cfc4d9" custom="type {type:default;}">
                <Coords points="606,2330 606,2348 682,2348 682,2326 673,2254 635,2265 602,2257 606,2330"/>
                <Baseline points="606,2330 682,2326"/>
                <Word id="segment_33">
                    <Coords points="615,2260 620,2348 620,2348 615,2260"/>
                    <Glyph id="char_66">
                        <Coords points="615,2260 620,2348 620,2348 615,2260"/>
                        <TextEquiv conf="0.9209"><Unicode>9</Unicode></TextEquiv>
                    </Glyph>
                    <TextEquiv conf="0.9209"><Unicode>9</Unicode></TextEquiv>
                </Word>
                <TextEquiv conf="0.9209"><Unicode>9</Unicode></TextEquiv>
            </TextLine>

            <TextLine id="_922a4534-d6fa-4335-bd9a-f992e46691ea" custom="type {type:default;}">
                <Coords points="1004,2531 1004,2555 1027,2551 1027,2531 1025,2468 1004,2468 1004,2531"/>
                <Baseline points="1004,2531 1027,2531"/>
                <Word id="segment_34">
                    <Coords points="1016,2468 1016,2553 1016,2553 1016,2468"/>
                    <Glyph id="char_67">
                        <Coords points="1016,2468 1016,2553 1016,2553 1016,2468"/>
                        <TextEquiv conf="0.9994"><Unicode>0</Unicode></TextEquiv>
                    </Glyph>
                    <TextEquiv conf="0.9994"><Unicode>0</Unicode></TextEquiv>
                </Word>
                <TextEquiv conf="0.9994"><Unicode>0</Unicode></TextEquiv>
            </TextLine>

            <TextLine id="_7005e6fd-ad5a-4102-a5eb-3d5fceb59b5f" custom="type {type:default;}">
                <Coords points="1361,887 1361,905 1369,911 1370,911 1372,911 1374,911 1432,898 1479,911 1483,887 1483,836 1361,829 1361,887"/>
                <Baseline points="1361,887 1483,887"/>
                <Word id="segment_35">
                    <Coords points="1372,830 1372,911 1372,911 1372,830"/>
                    <Glyph id="char_68">
                        <Coords points="1372,830 1372,911 1372,911 1372,830"/>
                        <TextEquiv conf="1.0"><Unicode>●</Unicode></TextEquiv>
                    </Glyph>
                    <TextEquiv conf="1.0"><Unicode>●</Unicode></TextEquiv>
                </Word>
                <TextEquiv conf="1.0"><Unicode>●</Unicode></TextEquiv>
            </TextLine>

            <TextLine id="_d7a611cd-5a99-47cc-aa25-4c1a2bfb85aa" custom="type {type:default;}">
                <Coords points="1376,1141 1376,1157 1438,1145 1438,1138 1430,1069 1370,1070 1376,1141"/>
                <Baseline points="1376,1141 1438,1138"/>
                <Word id="segment_36">
                    <Coords points="1385,1070 1389,1155 1389,1155 1385,1070"/>
                    <Glyph id="char_69">
                        <Coords points="1385,1070 1389,1155 1389,1155 1385,1070"/>
                        <TextEquiv conf="0.9954"><Unicode>5</Unicode></TextEquiv>
                    </Glyph>
                    <TextEquiv conf="0.9954"><Unicode>5</Unicode></TextEquiv>
                </Word>
                <TextEquiv conf="0.9954"><Unicode>5</Unicode></TextEquiv>
            </TextLine>

            <TextLine id="_3c751730-1203-46f5-b829-5f948abbbf73" custom="type {type:default;}">
                <Coords points="1376,1254 1379,1283 1387,1283 1389,1281 1387,1252 1350,1070 1345,1074 1376,1254"/>
                <Baseline points="1376,1254 1387,1252"/>
                
            </TextLine>

            <TextLine id="_af5ae675-e298-497a-ab16-5a6da9b687a5" custom="type {type:default;}">
                <Coords points="1394,1199 1394,1223 1423,1219 1423,1199 1423,1177 1394,1176 1394,1199"/>
                <Baseline points="1394,1199 1423,1199"/>
                <Word id="segment_37">
                    <Coords points="1414,1177 1414,1220 1414,1220 1414,1177"/>
                    <Glyph id="char_70">
                        <Coords points="1414,1177 1414,1220 1414,1220 1414,1177"/>
                        <TextEquiv conf="0.7793"><Unicode>—</Unicode></TextEquiv>
                    </Glyph>
                    <TextEquiv conf="0.7793"><Unicode>—</Unicode></TextEquiv>
                </Word>
                <TextEquiv conf="0.7793"><Unicode>—</Unicode></TextEquiv>
            </TextLine>

            <TextLine id="_4a51b4e9-2a12-417a-b5b7-05b83bd8d855" custom="type {type:default;}">
                <Coords points="1381,1254 1378,1219 1361,1228 1365,1286 1367,1308 1425,1294 1479,1304 1481,1283 1478,1230 1392,1216 1381,1254"/>
                <Baseline points="1365,1286 1481,1283"/>
                <Word id="segment_38">
                    <Coords points="1376,1220 1379,1305 1403,1299 1401,1218"/>
                    <Glyph id="char_71">
                        <Coords points="1376,1220 1379,1305 1379,1305 1376,1220"/>
                        <TextEquiv conf="0.9522"><Unicode>ſ</Unicode></TextEquiv>
                    </Glyph>
                    <Glyph id="char_72">
                        <Coords points="1401,1218 1403,1299 1403,1299 1401,1218"/>
                        <TextEquiv conf="0.9087"><Unicode>o</Unicode></TextEquiv>
                    </Glyph>
                    <TextEquiv conf="0.9305"><Unicode>ſo</Unicode></TextEquiv>
                </Word>
                <TextEquiv conf="0.9305"><Unicode>ſo</Unicode></TextEquiv>
            </TextLine>

            <TextLine id="_10263946-1140-4b4d-aed9-15f181800543" custom="type {type:default;}">
                <Coords points="1361,1539 1361,1550 1398,1559 1399,1559 1401,1559 1441,1544 1441,1535 1436,1468 1358,1468 1361,1539"/>
                <Baseline points="1361,1539 1441,1535"/>
                <Word id="segment_39">
                    <Coords points="1376,1468 1381,1555 1381,1555 1376,1468"/>
                    <Glyph id="char_73">
                        <Coords points="1376,1468 1381,1555 1381,1555 1376,1468"/>
                        <TextEquiv conf="0.9939"><Unicode>●</Unicode></TextEquiv>
                    </Glyph>
                    <TextEquiv conf="0.9939"><Unicode>●</Unicode></TextEquiv>
                </Word>
                <TextEquiv conf="0.9939"><Unicode>●</Unicode></TextEquiv>
            </TextLine>

            <TextLine id="_4fc380ac-8071-4d16-9663-a49d22a4b948" custom="type {type:default;}">
                <Coords points="1394,1597 1392,1613 1429,1613 1430,1599 1429,1577 1394,1575 1394,1597"/>
                <Baseline points="1394,1597 1430,1599"/>
                <Word id="segment_40">
                    <Coords points="1418,1576 1416,1613 1421,1613 1423,1577"/>
                    <Glyph id="char_74">
                        <Coords points="1418,1576 1416,1613 1421,1613 1423,1577"/>
                        <TextEquiv conf="1.0"><Unicode>—</Unicode></TextEquiv>
                    </Glyph>
                    <TextEquiv conf="1.0"><Unicode>—</Unicode></TextEquiv>
                </Word>
                <TextEquiv conf="1.0"><Unicode>—</Unicode></TextEquiv>
            </TextLine>

            <TextLine id="_30060220-c52d-463d-9bf2-539e89e21eea" custom="type {type:default;}">
                <Coords points="1367,1651 1367,1675 1441,1678 1445,1649 1439,1602 1365,1617 1367,1651"/>
                <Baseline points="1367,1651 1445,1649"/>
                
            </TextLine>

            <TextLine id="_44965e32-cf2c-4fec-818b-166f4547071f" custom="type {type:default;}">
                <Coords points="1361,1684 1361,1704 1481,1704 1481,1684 1481,1658 1361,1658 1361,1684"/>
                <Baseline points="1361,1684 1481,1684"/>
                
            </TextLine>

            <TextLine id="_12ac0366-c39b-4f6b-852e-dfa384a002a3" custom="type {type:default;}">
                <Coords points="1385,1936 1387,1958 1403,1962 1405,1934 1398,1871 1378,1867 1385,1936"/>
                <Baseline points="1385,1936 1405,1934"/>
                
            </TextLine>

            <TextLine id="_4c6c1f93-6e48-4dff-9f8b-161f70dea861" custom="type {type:default;}">
                <Coords points="1363,2326 1363,2344 1416,2354 1418,2354 1419,2354 1421,2354 1432,2344 1432,2325 1429,2265 1360,2254 1363,2326"/>
                <Baseline points="1363,2326 1432,2325"/>
                <Word id="segment_41">
                    <Coords points="1377,2257 1378,2347 1378,2347 1377,2257"/>
                    <Glyph id="char_75">
                        <Coords points="1377,2257 1378,2347 1378,2347 1377,2257"/>
                        <TextEquiv conf="0.9973"><Unicode>½</Unicode></TextEquiv>
                    </Glyph>
                    <TextEquiv conf="0.9973"><Unicode>½</Unicode></TextEquiv>
                </Word>
                <TextEquiv conf="0.9973"><Unicode>½</Unicode></TextEquiv>
            </TextLine>

            <TextLine id="_833faa4c-4f65-494f-9873-03cd468fc3ac" custom="type {type:default;}">
                <Coords points="1134,2421 1214,2423 1271,2464 1272,2464 1274,2464 1276,2464 1327,2462 1329,2462 1330,2462 1330,2461 1369,2424 1392,2419 1392,2403 1389,2341 1316,2334 1314,2334 1312,2334 1310,2334 1269,2370 1214,2375 1178,2375 1136,2346 1134,2408 1134,2421"/>
                <Baseline points="1134,2408 1254,2413 1392,2403"/>
                
            </TextLine>

            <TextLine id="_e018073c-b42f-4b52-a540-2226874ed8e6" custom="type {type:default;}">
                <Coords points="1354,2442 1356,2486 1379,2479 1379,2442 1378,2413 1354,2413 1354,2442"/>
                <Baseline points="1354,2442 1379,2442"/>
                <Word id="segment_42">
                    <Coords points="1359,2413 1359,2485 1359,2485 1359,2413"/>
                    <Glyph id="char_76">
                        <Coords points="1359,2413 1359,2485 1359,2485 1359,2413"/>
                        <TextEquiv conf="0.9999"><Unicode>.</Unicode></TextEquiv>
                    </Glyph>
                    <TextEquiv conf="0.9999"><Unicode>.</Unicode></TextEquiv>
                </Word>
                <TextEquiv conf="0.9999"><Unicode>.</Unicode></TextEquiv>
            </TextLine>

            <TextLine id="_c68fbdbd-07ba-4d77-a984-fadc3b1928e2" custom="type {type:default;}">
                <Coords points="1329,2588 1329,2599 1370,2609 1372,2588 1372,2557 1329,2546 1329,2588"/>
                <Baseline points="1329,2588 1372,2588"/>
                <Word id="segment_43">
                    <Coords points="1338,2548 1338,2601 1338,2601 1338,2548"/>
                    <Glyph id="char_77">
                        <Coords points="1338,2548 1338,2601 1338,2601 1338,2548"/>
                        <TextEquiv conf="0.9985"><Unicode>A</Unicode></TextEquiv>
                    </Glyph>
                    <TextEquiv conf="0.9985"><Unicode>A</Unicode></TextEquiv>
                </Word>
                <TextEquiv conf="0.9985"><Unicode>A</Unicode></TextEquiv>
            </TextLine>

            <TextLine id="_e7f01ace-4be5-4ca3-89a4-ee944aec6d0a" custom="type {type:default;}">
                <Coords points="962,2668 962,2715 1064,2715 1102,2747 1103,2747 1105,2747 1107,2749 1162,2749 1162,2747 1163,2747 1165,2747 1165,2746 1198,2713 1212,2713 1231,2727 1231,2729 1232,2729 1234,2729 1236,2729 1238,2729 1294,2713 1352,2746 1354,2746 1356,2746 1438,2744 1439,2744 1441,2744 1470,2720 1470,2664 1465,2606 1438,2608 1436,2608 1434,2608 1385,2640 1247,2640 1225,2624 1223,2624 1222,2624 1220,2624 1218,2624 1216,2624 1216,2626 1202,2642 1169,2642 1138,2622 1136,2622 1134,2622 1133,2622 1094,2628 1074,2613 1073,2613 1071,2613 960,2609 962,2668"/>
                <Baseline points="962,2668 1470,2664"/>
                <Word id="segment_44">
                    <Coords points="981,2610 981,2715 981,2715 981,2610"/>
                    <Glyph id="char_78">
                        <Coords points="981,2610 981,2715 981,2715 981,2610"/>
                        <TextEquiv conf="0.9999"><Unicode>B</Unicode></TextEquiv>
                    </Glyph>
                    <TextEquiv conf="0.9999"><Unicode>B</Unicode></TextEquiv>
                </Word>
                <TextEquiv conf="0.9999"><Unicode>B</Unicode></TextEquiv>
            </TextLine>
        </TextRegion>
    </Page>
</PcGts>