<?xml version="1.0" encoding="UTF-8"?>
<PcGts xmlns="http://schema.primaresearch.org/PAGE/gts/pagecontent/2019-07-15" xmlns:xsi="http://www.w3.org/2001/XMLSchema-instance" xsi:schemaLocation="http://schema.primaresearch.org/PAGE/gts/pagecontent/2019-07-15 http://schema.primaresearch.org/PAGE/gts/pagecontent/2019-07-15/pagecontent.xsd">
    <Metadata>
        <Creator>kraken 6.0.3</Creator>
        <Created>2026-01-20T00:47:50.905323+00:00</Created>
        <LastChange>2026-01-20T00:47:50.905323+00:00</LastChange>
    </Metadata>
    <Page imageFilename="/tmp/tmpivk7fu7y.png" imageWidth="1567" imageHeight="3267">
        <TextRegion id="_f048b912-6f9d-4909-8586-a734cf9c4416" custom="type {type:text;}">
<Coords points="739,689 826,689 833,753 733,782 719,711 739,689"/>
            <TextLine id="_fa90f0ff-7d3d-4da8-bcb1-adc5a5351e3e" custom="type {type:default;}">
                <Coords points="822,698 731,698 731,735 731,751 824,751 824,735 824,702 822,698"/>
                <Baseline points="731,735 824,735"/>
                <Word id="segment_0">
                    <Coords points="749,698 749,751 800,751 800,698"/>
                    <Glyph id="char_0">
                        <Coords points="749,698 749,751 749,751 749,698"/>
                        <TextEquiv conf="1.0"><Unicode>D</Unicode></TextEquiv>
                    </Glyph>
                    <Glyph id="char_1">
                        <Coords points="782,698 782,751 782,751 782,698"/>
                        <TextEquiv conf="1.0"><Unicode>I</Unicode></TextEquiv>
                    </Glyph>
                    <Glyph id="char_2">
                        <Coords points="800,698 800,751 800,751 800,698"/>
                        <TextEquiv conf="1.0"><Unicode>E</Unicode></TextEquiv>
                    </Glyph>
                    <TextEquiv conf="1.0"><Unicode>DIE</Unicode></TextEquiv>
                </Word>
                <TextEquiv conf="1.0"><Unicode>DIE</Unicode></TextEquiv>
            </TextLine>
        </TextRegion>
        <TextRegion id="_a4afa9ff-4de1-46a9-b3c2-d6feccc09170" custom="type {type:text;}">
<Coords points="746,798 1305,820 1349,842 1349,949 1002,985 913,1038 1015,1074 1031,1139 1116,1147 1102,1217 588,1225 443,1203 435,1154 522,1116 457,1081 535,1081 559,1058 542,1007 225,963 196,920 203,827 246,805 746,798"/>
            <TextLine id="_33cc5b96-8153-4cae-a873-ce2007d67b1e" custom="type {type:default;}">
                <Coords points="212,923 212,936 1341,936 1343,922 1340,840 1283,829 1281,829 1013,838 1002,829 1000,829 998,829 860,829 858,829 857,829 837,838 829,831 829,829 827,829 826,829 702,825 700,825 506,838 497,831 497,829 495,829 493,829 392,825 390,825 388,825 339,838 315,827 314,827 225,827 223,827 221,827 219,827 219,829 210,836 212,923"/>
                <Baseline points="212,923 1343,922"/>
                <Word id="segment_1">
                    <Coords points="242,827 242,936 464,936 464,828"/>
                    <Glyph id="char_3">
                        <Coords points="242,827 242,936 242,936 242,827"/>
                        <TextEquiv conf="1.0"><Unicode>E</Unicode></TextEquiv>
                    </Glyph>
                    <Glyph id="char_4">
                        <Coords points="301,827 301,936 301,936 301,827"/>
                        <TextEquiv conf="1.0"><Unicode>R</Unicode></TextEquiv>
                    </Glyph>
                    <Glyph id="char_5">
                        <Coords points="353,834 353,936 353,936 353,834"/>
                        <TextEquiv conf="1.0"><Unicode>S</Unicode></TextEquiv>
                    </Glyph>
                    <Glyph id="char_6">
                        <Coords points="419,826 419,936 419,936 419,826"/>
                        <TextEquiv conf="1.0"><Unicode>T</Unicode></TextEquiv>
                    </Glyph>
                    <Glyph id="char_7">
                        <Coords points="464,828 464,936 464,936 464,828"/>
                        <TextEquiv conf="1.0"><Unicode>E</Unicode></TextEquiv>
                    </Glyph>
                    <TextEquiv conf="1.0"><Unicode>ERSTE</Unicode></TextEquiv>
                </Word>
                <Word id="segment_2">
                    <Coords points="545,835 545,936 553,936 553,835"/>
                    <Glyph id="char_8">
                        <Coords points="545,835 545,936 553,936 553,835"/>
                        <TextEquiv conf="1.0"><Unicode> </Unicode></TextEquiv>
                    </Glyph>
                    <TextEquiv conf="1.0"><Unicode> </Unicode></TextEquiv>
                </Word>
                <Word id="segment_3">
                    <Coords points="575,833 575,936 967,936 967,829"/>
                    <Glyph id="char_9">
                        <Coords points="575,833 575,936 575,936 575,833"/>
                        <TextEquiv conf="0.9999"><Unicode>D</Unicode></TextEquiv>
                    </Glyph>
                    <Glyph id="char_10">
                        <Coords points="642,829 642,936 642,936 642,829"/>
                        <TextEquiv conf="1.0"><Unicode>E</Unicode></TextEquiv>
                    </Glyph>
                    <Glyph id="char_11">
                        <Coords points="693,825 693,936 693,936 693,825"/>
                        <TextEquiv conf="1.0"><Unicode>U</Unicode></TextEquiv>
                    </Glyph>
                    <Glyph id="char_12">
                        <Coords points="760,827 760,936 760,936 760,827"/>
                        <TextEquiv conf="1.0"><Unicode>T</Unicode></TextEquiv>
                    </Glyph>
                    <Glyph id="char_13">
                        <Coords points="797,828 797,936 797,936 797,828"/>
                        <TextEquiv conf="1.0"><Unicode>S</Unicode></TextEquiv>
                    </Glyph>
                    <Glyph id="char_14">
                        <Coords points="849,833 849,936 849,936 849,833"/>
                        <TextEquiv conf="1.0"><Unicode>C</Unicode></TextEquiv>
                    </Glyph>
                    <Glyph id="char_15">
                        <Coords points="908,829 908,936 908,936 908,829"/>
                        <TextEquiv conf="0.9998"><Unicode>I</Unicode></TextEquiv>
                    </Glyph>
                    <Glyph id="char_16">
                        <Coords points="938,829 938,936 938,936 938,829"/>
                        <TextEquiv conf="1.0"><Unicode>I</Unicode></TextEquiv>
                    </Glyph>
                    <Glyph id="char_17">
                        <Coords points="967,829 967,936 967,936 967,829"/>
                        <TextEquiv conf="1.0"><Unicode>E</Unicode></TextEquiv>
                    </Glyph>
                    <TextEquiv conf="1.0"><Unicode>DEUTSCIIE</Unicode></TextEquiv>
                </Word>
                <Word id="segment_4">
                    <Coords points="1049,837 1049,936 1056,936 1056,837"/>
                    <Glyph id="char_18">
                        <Coords points="1049,837 1049,936 1056,936 1056,837"/>
                        <TextEquiv conf="1.0"><Unicode> </Unicode></TextEquiv>
                    </Glyph>
                    <TextEquiv conf="1.0"><Unicode> </Unicode></TextEquiv>
                </Word>
                <Word id="segment_5">
                    <Coords points="1086,836 1086,936 1343,922 1343,922"/>
                    <Glyph id="char_19">
                        <Coords points="1086,836 1086,936 1086,936 1086,836"/>
                        <TextEquiv conf="1.0"><Unicode>B</Unicode></TextEquiv>
                    </Glyph>
                    <Glyph id="char_20">
                        <Coords points="1138,834 1138,936 1138,936 1138,834"/>
                        <TextEquiv conf="0.9996"><Unicode>T</Unicode></TextEquiv>
                    </Glyph>
                    <Glyph id="char_21">
                        <Coords points="1167,833 1167,936 1167,936 1167,833"/>
                        <TextEquiv conf="0.9998"><Unicode>B</Unicode></TextEquiv>
                    </Glyph>
                    <Glyph id="char_22">
                        <Coords points="1227,831 1227,936 1227,936 1227,831"/>
                        <TextEquiv conf="0.7752"><Unicode>E</Unicode></TextEquiv>
                    </Glyph>
                    <Glyph id="char_23">
                        <Coords points="1286,830 1286,936 1286,936 1286,830"/>
                        <TextEquiv conf="0.9748"><Unicode>I</Unicode></TextEquiv>
                    </Glyph>
                    <Glyph id="char_24">
                        <Coords points="1343,922 1343,922 1343,922 1343,922"/>
                        <TextEquiv conf="0.9123"><Unicode>.</Unicode></TextEquiv>
                    </Glyph>
                    <TextEquiv conf="0.9436"><Unicode>BTBEI.</Unicode></TextEquiv>
                </Word>
                <TextEquiv conf="0.9846"><Unicode>ERSTE DEUTSCIIE BTBEI.</Unicode></TextEquiv>
            </TextLine>

            <TextLine id="_80ddb89b-0d37-4018-97f8-403d3949ea03" custom="type {type:default;}">
                <Coords points="555,1130 555,1145 991,1139 993,1125 989,1087 599,1078 597,1078 595,1078 553,1090 555,1130"/>
                <Baseline points="555,1130 993,1125"/>
                <Word id="segment_6">
                    <Coords points="576,1083 577,1145 788,1142 787,1082"/>
                    <Glyph id="char_25">
                        <Coords points="576,1083 577,1145 577,1145 576,1083"/>
                        <TextEquiv conf="1.0"><Unicode>F</Unicode></TextEquiv>
                    </Glyph>
                    <Glyph id="char_26">
                        <Coords points="612,1078 613,1144 613,1144 612,1078"/>
                        <TextEquiv conf="1.0"><Unicode>Ö</Unicode></TextEquiv>
                    </Glyph>
                    <Glyph id="char_27">
                        <Coords points="648,1079 649,1144 649,1144 648,1079"/>
                        <TextEquiv conf="1.0"><Unicode>N</Unicode></TextEquiv>
                    </Glyph>
                    <Glyph id="char_28">
                        <Coords points="689,1080 690,1143 690,1143 689,1080"/>
                        <TextEquiv conf="1.0"><Unicode>F</Unicode></TextEquiv>
                    </Glyph>
                    <Glyph id="char_29">
                        <Coords points="725,1081 726,1143 726,1143 725,1081"/>
                        <TextEquiv conf="0.9999"><Unicode>T</Unicode></TextEquiv>
                    </Glyph>
                    <Glyph id="char_30">
                        <Coords points="752,1082 753,1142 753,1142 752,1082"/>
                        <TextEquiv conf="1.0"><Unicode>E</Unicode></TextEquiv>
                    </Glyph>
                    <Glyph id="char_31">
                        <Coords points="787,1082 788,1142 788,1142 787,1082"/>
                        <TextEquiv conf="0.9995"><Unicode>R</Unicode></TextEquiv>
                    </Glyph>
                    <TextEquiv conf="0.9999"><Unicode>FÖNFTER</Unicode></TextEquiv>
                </Word>
                <Word id="segment_7">
                    <Coords points="828,1083 829,1141 833,1141 832,1083"/>
                    <Glyph id="char_32">
                        <Coords points="828,1083 829,1141 833,1141 832,1083"/>
                        <TextEquiv conf="1.0"><Unicode> </Unicode></TextEquiv>
                    </Glyph>
                    <TextEquiv conf="1.0"><Unicode> </Unicode></TextEquiv>
                </Word>
                <Word id="segment_8">
                    <Coords points="846,1084 847,1141 964,1139 964,1086"/>
                    <Glyph id="char_33">
                        <Coords points="846,1084 847,1141 847,1141 846,1084"/>
                        <TextEquiv conf="1.0"><Unicode>B</Unicode></TextEquiv>
                    </Glyph>
                    <Glyph id="char_34">
                        <Coords points="887,1085 887,1140 892,1140 892,1085"/>
                        <TextEquiv conf="1.0"><Unicode>A</Unicode></TextEquiv>
                    </Glyph>
                    <Glyph id="char_35">
                        <Coords points="923,1085 923,1140 923,1140 923,1085"/>
                        <TextEquiv conf="1.0"><Unicode>N</Unicode></TextEquiv>
                    </Glyph>
                    <Glyph id="char_36">
                        <Coords points="964,1086 964,1139 964,1139 964,1086"/>
                        <TextEquiv conf="0.9984"><Unicode>D</Unicode></TextEquiv>
                    </Glyph>
                    <TextEquiv conf="0.9996"><Unicode>BAND</Unicode></TextEquiv>
                </Word>
                <TextEquiv conf="0.9998"><Unicode>FÖNFTER BAND</Unicode></TextEquiv>
            </TextLine>

            <TextLine id="_cece7c65-6cac-4a48-960c-8e2959f334d7" custom="type {type:default;}">
                <Coords points="1102,1156 448,1156 448,1190 448,1208 1103,1208 1103,1190 1103,1188 1102,1156"/>
                <Baseline points="448,1190 1103,1190"/>
                <Word id="segment_9">
                    <Coords points="466,1156 466,1208 522,1208 522,1156"/>
                    <Glyph id="char_37">
                        <Coords points="466,1156 466,1208 466,1208 466,1156"/>
                        <TextEquiv conf="0.9997"><Unicode>(</Unicode></TextEquiv>
                    </Glyph>
                    <Glyph id="char_38">
                        <Coords points="483,1156 483,1208 483,1208 483,1156"/>
                        <TextEquiv conf="1.0"><Unicode>D</Unicode></TextEquiv>
                    </Glyph>
                    <Glyph id="char_39">
                        <Coords points="505,1156 505,1208 505,1208 505,1156"/>
                        <TextEquiv conf="1.0"><Unicode>I</Unicode></TextEquiv>
                    </Glyph>
                    <Glyph id="char_40">
                        <Coords points="522,1156 522,1208 522,1208 522,1156"/>
                        <TextEquiv conf="1.0"><Unicode>E</Unicode></TextEquiv>
                    </Glyph>
                    <TextEquiv conf="0.9999"><Unicode>(DIE</Unicode></TextEquiv>
                </Word>
                <Word id="segment_10">
                    <Coords points="554,1156 554,1208 558,1208 558,1156"/>
                    <Glyph id="char_41">
                        <Coords points="554,1156 554,1208 558,1208 558,1156"/>
                        <TextEquiv conf="1.0"><Unicode> </Unicode></TextEquiv>
                    </Glyph>
                    <TextEquiv conf="1.0"><Unicode> </Unicode></TextEquiv>
                </Word>
                <Word id="segment_11">
                    <Coords points="572,1156 572,1208 632,1208 632,1156"/>
                    <Glyph id="char_42">
                        <Coords points="572,1156 572,1208 572,1208 572,1156"/>
                        <TextEquiv conf="1.0"><Unicode>V</Unicode></TextEquiv>
                    </Glyph>
                    <Glyph id="char_43">
                        <Coords points="593,1156 593,1208 593,1208 593,1156"/>
                        <TextEquiv conf="1.0"><Unicode>I</Unicode></TextEquiv>
                    </Glyph>
                    <Glyph id="char_44">
                        <Coords points="611,1156 611,1208 611,1208 611,1156"/>
                        <TextEquiv conf="1.0"><Unicode>E</Unicode></TextEquiv>
                    </Glyph>
                    <Glyph id="char_45">
                        <Coords points="632,1156 632,1208 632,1208 632,1156"/>
                        <TextEquiv conf="1.0"><Unicode>R</Unicode></TextEquiv>
                    </Glyph>
                    <TextEquiv conf="1.0"><Unicode>VIER</Unicode></TextEquiv>
                </Word>
                <Word id="segment_12">
                    <Coords points="664,1156 664,1208 668,1208 668,1156"/>
                    <Glyph id="char_46">
                        <Coords points="664,1156 664,1208 668,1208 668,1156"/>
                        <TextEquiv conf="1.0"><Unicode> </Unicode></TextEquiv>
                    </Glyph>
                    <TextEquiv conf="1.0"><Unicode> </Unicode></TextEquiv>
                </Word>
                <Word id="segment_13">
                    <Coords points="682,1156 682,1208 803,1208 803,1156"/>
                    <Glyph id="char_47">
                        <Coords points="682,1156 682,1208 682,1208 682,1156"/>
                        <TextEquiv conf="1.0"><Unicode>B</Unicode></TextEquiv>
                    </Glyph>
                    <Glyph id="char_48">
                        <Coords points="707,1156 707,1208 707,1208 707,1156"/>
                        <TextEquiv conf="1.0"><Unicode>U</Unicode></TextEquiv>
                    </Glyph>
                    <Glyph id="char_49">
                        <Coords points="732,1156 732,1208 732,1208 732,1156"/>
                        <TextEquiv conf="1.0"><Unicode>C</Unicode></TextEquiv>
                    </Glyph>
                    <Glyph id="char_50">
                        <Coords points="753,1156 753,1208 753,1208 753,1156"/>
                        <TextEquiv conf="1.0"><Unicode>H</Unicode></TextEquiv>
                    </Glyph>
                    <Glyph id="char_51">
                        <Coords points="781,1156 781,1208 781,1208 781,1156"/>
                        <TextEquiv conf="1.0"><Unicode>E</Unicode></TextEquiv>
                    </Glyph>
                    <Glyph id="char_52">
                        <Coords points="803,1156 803,1208 803,1208 803,1156"/>
                        <TextEquiv conf="1.0"><Unicode>R</Unicode></TextEquiv>
                    </Glyph>
                    <TextEquiv conf="1.0"><Unicode>BUCHER</Unicode></TextEquiv>
                </Word>
                <Word id="segment_14">
                    <Coords points="835,1156 835,1208 838,1208 838,1156"/>
                    <Glyph id="char_53">
                        <Coords points="835,1156 835,1208 838,1208 838,1156"/>
                        <TextEquiv conf="1.0"><Unicode> </Unicode></TextEquiv>
                    </Glyph>
                    <TextEquiv conf="1.0"><Unicode> </Unicode></TextEquiv>
                </Word>
                <Word id="segment_15">
                    <Coords points="852,1156 852,1208 902,1208 902,1156"/>
                    <Glyph id="char_54">
                        <Coords points="852,1156 852,1208 852,1208 852,1156"/>
                        <TextEquiv conf="1.0"><Unicode>D</Unicode></TextEquiv>
                    </Glyph>
                    <Glyph id="char_55">
                        <Coords points="877,1156 877,1208 877,1208 877,1156"/>
                        <TextEquiv conf="1.0"><Unicode>E</Unicode></TextEquiv>
                    </Glyph>
                    <Glyph id="char_56">
                        <Coords points="902,1156 902,1208 902,1208 902,1156"/>
                        <TextEquiv conf="1.0"><Unicode>R</Unicode></TextEquiv>
                    </Glyph>
                    <TextEquiv conf="1.0"><Unicode>DER</Unicode></TextEquiv>
                </Word>
                <Word id="segment_16">
                    <Coords points="934,1156 934,1208 937,1208 937,1156"/>
                    <Glyph id="char_57">
                        <Coords points="934,1156 934,1208 937,1208 937,1156"/>
                        <TextEquiv conf="1.0"><Unicode> </Unicode></TextEquiv>
                    </Glyph>
                    <TextEquiv conf="1.0"><Unicode> </Unicode></TextEquiv>
                </Word>
                <Word id="segment_17">
                    <Coords points="948,1156 948,1208 1090,1208 1090,1156"/>
                    <Glyph id="char_58">
                        <Coords points="948,1156 948,1208 948,1208 948,1156"/>
                        <TextEquiv conf="0.9878"><Unicode>K</Unicode></TextEquiv>
                    </Glyph>
                    <Glyph id="char_59">
                        <Coords points="973,1156 973,1208 976,1208 976,1156"/>
                        <TextEquiv conf="0.9992"><Unicode>Ö</Unicode></TextEquiv>
                    </Glyph>
                    <Glyph id="char_60">
                        <Coords points="998,1156 998,1208 998,1208 998,1156"/>
                        <TextEquiv conf="0.9908"><Unicode>N</Unicode></TextEquiv>
                    </Glyph>
                    <Glyph id="char_61">
                        <Coords points="1026,1156 1026,1208 1026,1208 1026,1156"/>
                        <TextEquiv conf="0.9976"><Unicode>I</Unicode></TextEquiv>
                    </Glyph>
                    <Glyph id="char_62">
                        <Coords points="1040,1156 1040,1208 1040,1208 1040,1156"/>
                        <TextEquiv conf="1.0"><Unicode>G</Unicode></TextEquiv>
                    </Glyph>
                    <Glyph id="char_63">
                        <Coords points="1069,1156 1069,1208 1069,1208 1069,1156"/>
                        <TextEquiv conf="0.9992"><Unicode>E</Unicode></TextEquiv>
                    </Glyph>
                    <Glyph id="char_64">
                        <Coords points="1090,1156 1090,1208 1090,1208 1090,1156"/>
                        <TextEquiv conf="0.9997"><Unicode>)</Unicode></TextEquiv>
                    </Glyph>
                    <TextEquiv conf="0.9963"><Unicode>KÖNIGE)</Unicode></TextEquiv>
                </Word>
                <TextEquiv conf="0.9991"><Unicode>(DIE VIER BUCHER DER KÖNIGE)</Unicode></TextEquiv>
            </TextLine>
        </TextRegion>
        <TextRegion id="_3015a0d3-26d1-47b0-b158-83ae553da681" custom="type {type:text;}">
<Coords points="577,1408 956,1408 993,1450 956,1479 602,1479 566,1464 577,1408"/>
            <TextLine id="_34bfd1a1-95f9-45f1-b7d9-013069ae59f8" custom="type {type:default;}">
                <Coords points="973,1430 960,1415 582,1415 573,1424 573,1452 573,1471 980,1471 980,1452 975,1432 973,1430"/>
                <Baseline points="573,1452 980,1452"/>
                <Word id="segment_18">
                    <Coords points="592,1415 592,1471 950,1471 950,1415"/>
                    <Glyph id="char_65">
                        <Coords points="592,1415 592,1471 592,1471 592,1415"/>
                        <TextEquiv conf="1.0"><Unicode>H</Unicode></TextEquiv>
                    </Glyph>
                    <Glyph id="char_66">
                        <Coords points="626,1415 626,1471 626,1471 626,1415"/>
                        <TextEquiv conf="1.0"><Unicode>E</Unicode></TextEquiv>
                    </Glyph>
                    <Glyph id="char_67">
                        <Coords points="653,1415 653,1471 653,1471 653,1415"/>
                        <TextEquiv conf="1.0"><Unicode>R</Unicode></TextEquiv>
                    </Glyph>
                    <Glyph id="char_68">
                        <Coords points="687,1415 687,1471 687,1471 687,1415"/>
                        <TextEquiv conf="1.0"><Unicode>A</Unicode></TextEquiv>
                    </Glyph>
                    <Glyph id="char_69">
                        <Coords points="718,1415 718,1471 718,1471 718,1415"/>
                        <TextEquiv conf="0.9997"><Unicode>U</Unicode></TextEquiv>
                    </Glyph>
                    <Glyph id="char_70">
                        <Coords points="745,1415 745,1471 745,1471 745,1415"/>
                        <TextEquiv conf="1.0"><Unicode>S</Unicode></TextEquiv>
                    </Glyph>
                    <Glyph id="char_71">
                        <Coords points="771,1415 771,1471 771,1471 771,1415"/>
                        <TextEquiv conf="1.0"><Unicode>G</Unicode></TextEquiv>
                    </Glyph>
                    <Glyph id="char_72">
                        <Coords points="806,1415 806,1471 806,1471 806,1415"/>
                        <TextEquiv conf="1.0"><Unicode>E</Unicode></TextEquiv>
                    </Glyph>
                    <Glyph id="char_73">
                        <Coords points="832,1415 832,1471 832,1471 832,1415"/>
                        <TextEquiv conf="1.0"><Unicode>G</Unicode></TextEquiv>
                    </Glyph>
                    <Glyph id="char_74">
                        <Coords points="863,1415 863,1471 863,1471 863,1415"/>
                        <TextEquiv conf="1.0"><Unicode>E</Unicode></TextEquiv>
                    </Glyph>
                    <Glyph id="char_75">
                        <Coords points="893,1415 893,1471 893,1471 893,1415"/>
                        <TextEquiv conf="0.9998"><Unicode>B</Unicode></TextEquiv>
                    </Glyph>
                    <Glyph id="char_76">
                        <Coords points="920,1415 920,1471 920,1471 920,1415"/>
                        <TextEquiv conf="1.0"><Unicode>E</Unicode></TextEquiv>
                    </Glyph>
                    <Glyph id="char_77">
                        <Coords points="950,1415 950,1471 950,1471 950,1415"/>
                        <TextEquiv conf="0.9997"><Unicode>N</Unicode></TextEquiv>
                    </Glyph>
                    <TextEquiv conf="0.9999"><Unicode>HERAUSGEGEBEN</Unicode></TextEquiv>
                </Word>
                <TextEquiv conf="0.9999"><Unicode>HERAUSGEGEBEN</Unicode></TextEquiv>
            </TextLine>
        </TextRegion>
        <TextRegion id="_d961653a-21fc-4af5-b993-9d3d1033db11" custom="type {type:text;}">
<Coords points="746,1604 833,1611 826,1667 733,1667 746,1604"/>
            <TextLine id="_23456022-0d6d-4520-a330-f8c362837248" custom="type {type:default;}">
                <Coords points="824,1615 733,1615 733,1646 733,1658 827,1658 827,1646 827,1622 824,1615"/>
                <Baseline points="733,1646 827,1646"/>
                <Word id="segment_19">
                    <Coords points="748,1615 748,1658 798,1658 798,1615"/>
                    <Glyph id="char_78">
                        <Coords points="748,1615 748,1658 748,1658 748,1615"/>
                        <TextEquiv conf="1.0"><Unicode>V</Unicode></TextEquiv>
                    </Glyph>
                    <Glyph id="char_79">
                        <Coords points="775,1615 775,1658 775,1658 775,1615"/>
                        <TextEquiv conf="1.0"><Unicode>O</Unicode></TextEquiv>
                    </Glyph>
                    <Glyph id="char_80">
                        <Coords points="798,1615 798,1658 798,1658 798,1615"/>
                        <TextEquiv conf="1.0"><Unicode>N</Unicode></TextEquiv>
                    </Glyph>
                    <TextEquiv conf="1.0"><Unicode>VON</Unicode></TextEquiv>
                </Word>
                <TextEquiv conf="1.0"><Unicode>VON</Unicode></TextEquiv>
            </TextLine>
        </TextRegion>
        <TextRegion id="_c826b761-13eb-4323-bacd-b5189f6bc011" custom="type {type:text;}">
<Coords points="586,1793 985,1800 1015,1842 964,1885 573,1885 544,1871 544,1807 586,1793"/>
            <TextLine id="_dc9f7a95-f7c3-469b-89a0-79efc47e87c9" custom="type {type:default;}">
                <Coords points="987,1809 551,1805 551,1849 550,1864 998,1869 1002,1854 1000,1847 987,1809"/>
                <Baseline points="551,1849 1002,1854"/>
                <Word id="segment_20">
                    <Coords points="571,1805 571,1864 628,1865 628,1806"/>
                    <Glyph id="char_81">
                        <Coords points="571,1805 571,1864 571,1864 571,1805"/>
                        <TextEquiv conf="1.0"><Unicode>W</Unicode></TextEquiv>
                    </Glyph>
                    <Glyph id="char_82">
                        <Coords points="628,1806 628,1865 628,1865 628,1806"/>
                        <TextEquiv conf="1.0"><Unicode>.</Unicode></TextEquiv>
                    </Glyph>
                    <TextEquiv conf="1.0"><Unicode>W.</Unicode></TextEquiv>
                </Word>
                <Word id="segment_21">
                    <Coords points="632,1806 632,1865 637,1865 637,1806"/>
                    <Glyph id="char_83">
                        <Coords points="632,1806 632,1865 637,1865 637,1806"/>
                        <TextEquiv conf="1.0"><Unicode> </Unicode></TextEquiv>
                    </Glyph>
                    <TextEquiv conf="1.0"><Unicode> </Unicode></TextEquiv>
                </Word>
                <Word id="segment_22">
                    <Coords points="649,1806 649,1865 1002,1854 1002,1854"/>
                    <Glyph id="char_84">
                        <Coords points="649,1806 649,1865 649,1865 649,1806"/>
                        <TextEquiv conf="1.0"><Unicode>K</Unicode></TextEquiv>
                    </Glyph>
                    <Glyph id="char_85">
                        <Coords points="685,1806 685,1866 685,1866 685,1806"/>
                        <TextEquiv conf="1.0"><Unicode>U</Unicode></TextEquiv>
                    </Glyph>
                    <Glyph id="char_86">
                        <Coords points="718,1807 718,1866 718,1866 718,1807"/>
                        <TextEquiv conf="0.9999"><Unicode>R</Unicode></TextEquiv>
                    </Glyph>
                    <Glyph id="char_87">
                        <Coords points="751,1807 751,1866 751,1866 751,1807"/>
                        <TextEquiv conf="1.0"><Unicode>R</Unicode></TextEquiv>
                    </Glyph>
                    <Glyph id="char_88">
                        <Coords points="779,1807 779,1867 779,1867 779,1807"/>
                        <TextEquiv conf="1.0"><Unicode>E</Unicode></TextEquiv>
                    </Glyph>
                    <Glyph id="char_89">
                        <Coords points="808,1807 808,1867 808,1867 808,1807"/>
                        <TextEquiv conf="1.0"><Unicode>L</Unicode></TextEquiv>
                    </Glyph>
                    <Glyph id="char_90">
                        <Coords points="832,1808 832,1867 832,1867 832,1808"/>
                        <TextEquiv conf="1.0"><Unicode>M</Unicode></TextEquiv>
                    </Glyph>
                    <Glyph id="char_91">
                        <Coords points="873,1808 873,1868 873,1868 873,1808"/>
                        <TextEquiv conf="0.9999"><Unicode>E</Unicode></TextEquiv>
                    </Glyph>
                    <Glyph id="char_92">
                        <Coords points="905,1808 905,1868 905,1868 905,1808"/>
                        <TextEquiv conf="1.0"><Unicode>Y</Unicode></TextEquiv>
                    </Glyph>
                    <Glyph id="char_93">
                        <Coords points="934,1809 934,1868 934,1868 934,1809"/>
                        <TextEquiv conf="1.0"><Unicode>E</Unicode></TextEquiv>
                    </Glyph>
                    <Glyph id="char_94">
                        <Coords points="962,1809 962,1869 962,1869 962,1809"/>
                        <TextEquiv conf="1.0"><Unicode>R</Unicode></TextEquiv>
                    </Glyph>
                    <Glyph id="char_95">
                        <Coords points="1002,1854 1002,1854 1002,1854 1002,1854"/>
                        <TextEquiv conf="0.9999"><Unicode>.</Unicode></TextEquiv>
                    </Glyph>
                    <TextEquiv conf="1.0"><Unicode>KURRELMEYER.</Unicode></TextEquiv>
                </Word>
                <TextEquiv conf="1.0"><Unicode>W. KURRELMEYER.</Unicode></TextEquiv>
            </TextLine>
        </TextRegion>
        <TextRegion id="_e69a36b5-4fc7-4eff-9312-6841066a7e5a" custom="type {type:text;}">
<Coords points="199,2504 1349,2511 1363,2553 1312,2575 951,2575 927,2611 769,2619 617,2611 593,2568 203,2560 181,2546 199,2504"/>
            <TextLine id="_77a2ad83-4962-49fa-b847-ba0ba4c4ee47" custom="type {type:default;}">
                <Coords points="1350,2524 1332,2510 1314,2510 1296,2510 1278,2510 1260,2510 1241,2510 1223,2510 1205,2510 1187,2510 1169,2510 1151,2510 1133,2510 1114,2510 1096,2510 1078,2510 1060,2510 1042,2508 1024,2508 1005,2508 987,2508 969,2508 951,2508 933,2508 915,2508 896,2508 878,2508 860,2508 842,2508 824,2508 806,2508 788,2508 778,2506 205,2506 190,2521 188,2537 187,2553 1356,2559 1360,2542 1352,2530 1350,2524"/>
                <Baseline points="188,2537 1360,2542"/>
                <Word id="segment_23">
                    <Coords points="205,2506 205,2553 389,2554 389,2506"/>
                    <Glyph id="char_96">
                        <Coords points="205,2506 205,2553 205,2553 205,2506"/>
                        <TextEquiv conf="1.0"><Unicode>G</Unicode></TextEquiv>
                    </Glyph>
                    <Glyph id="char_97">
                        <Coords points="232,2506 232,2553 232,2553 232,2506"/>
                        <TextEquiv conf="1.0"><Unicode>E</Unicode></TextEquiv>
                    </Glyph>
                    <Glyph id="char_98">
                        <Coords points="256,2506 256,2553 256,2553 256,2506"/>
                        <TextEquiv conf="1.0"><Unicode>D</Unicode></TextEquiv>
                    </Glyph>
                    <Glyph id="char_99">
                        <Coords points="283,2506 283,2553 283,2553 283,2506"/>
                        <TextEquiv conf="1.0"><Unicode>R</Unicode></TextEquiv>
                    </Glyph>
                    <Glyph id="char_100">
                        <Coords points="307,2506 307,2554 307,2554 307,2506"/>
                        <TextEquiv conf="1.0"><Unicode>U</Unicode></TextEquiv>
                    </Glyph>
                    <Glyph id="char_101">
                        <Coords points="334,2506 334,2554 334,2554 334,2506"/>
                        <TextEquiv conf="1.0"><Unicode>C</Unicode></TextEquiv>
                    </Glyph>
                    <Glyph id="char_102">
                        <Coords points="358,2506 358,2554 358,2554 358,2506"/>
                        <TextEquiv conf="0.6073"><Unicode>K</Unicode></TextEquiv>
                    </Glyph>
                    <Glyph id="char_103">
                        <Coords points="385,2506 385,2554 389,2554 389,2506"/>
                        <TextEquiv conf="1.0"><Unicode>T</Unicode></TextEquiv>
                    </Glyph>
                    <TextEquiv conf="0.9509"><Unicode>GEDRUCKT</Unicode></TextEquiv>
                </Word>
                <Word id="segment_24">
                    <Coords points="412,2506 412,2554 416,2554 416,2506"/>
                    <Glyph id="char_104">
                        <Coords points="412,2506 412,2554 416,2554 416,2506"/>
                        <TextEquiv conf="1.0"><Unicode> </Unicode></TextEquiv>
                    </Glyph>
                    <TextEquiv conf="1.0"><Unicode> </Unicode></TextEquiv>
                </Word>
                <Word id="segment_25">
                    <Coords points="426,2506 426,2554 474,2554 474,2506"/>
                    <Glyph id="char_105">
                        <Coords points="426,2506 426,2554 426,2554 426,2506"/>
                        <TextEquiv conf="1.0"><Unicode>F</Unicode></TextEquiv>
                    </Glyph>
                    <Glyph id="char_106">
                        <Coords points="450,2506 450,2554 450,2554 450,2506"/>
                        <TextEquiv conf="1.0"><Unicode>O</Unicode></TextEquiv>
                    </Glyph>
                    <Glyph id="char_107">
                        <Coords points="474,2506 474,2554 474,2554 474,2506"/>
                        <TextEquiv conf="1.0"><Unicode>R</Unicode></TextEquiv>
                    </Glyph>
                    <TextEquiv conf="1.0"><Unicode>FOR</Unicode></TextEquiv>
                </Word>
                <Word id="segment_26">
                    <Coords points="504,2506 504,2555 504,2555 504,2506"/>
                    <Glyph id="char_108">
                        <Coords points="504,2506 504,2555 504,2555 504,2506"/>
                        <TextEquiv conf="1.0"><Unicode> </Unicode></TextEquiv>
                    </Glyph>
                    <TextEquiv conf="1.0"><Unicode> </Unicode></TextEquiv>
                </Word>
                <Word id="segment_27">
                    <Coords points="518,2506 518,2555 565,2555 565,2506"/>
                    <Glyph id="char_109">
                        <Coords points="518,2506 518,2555 518,2555 518,2506"/>
                        <TextEquiv conf="1.0"><Unicode>D</Unicode></TextEquiv>
                    </Glyph>
                    <Glyph id="char_110">
                        <Coords points="542,2506 542,2555 542,2555 542,2506"/>
                        <TextEquiv conf="1.0"><Unicode>E</Unicode></TextEquiv>
                    </Glyph>
                    <Glyph id="char_111">
                        <Coords points="565,2506 565,2555 565,2555 565,2506"/>
                        <TextEquiv conf="1.0"><Unicode>N</Unicode></TextEquiv>
                    </Glyph>
                    <TextEquiv conf="1.0"><Unicode>DEN</Unicode></TextEquiv>
                </Word>
                <Word id="segment_28">
                    <Coords points="593,2506 593,2555 596,2555 596,2506"/>
                    <Glyph id="char_112">
                        <Coords points="593,2506 593,2555 596,2555 596,2506"/>
                        <TextEquiv conf="1.0"><Unicode> </Unicode></TextEquiv>
                    </Glyph>
                    <TextEquiv conf="1.0"><Unicode> </Unicode></TextEquiv>
                </Word>
                <Word id="segment_29">
                    <Coords points="610,2506 610,2555 895,2557 895,2508"/>
                    <Glyph id="char_113">
                        <Coords points="610,2506 610,2555 610,2555 610,2506"/>
                        <TextEquiv conf="1.0"><Unicode>L</Unicode></TextEquiv>
                    </Glyph>
                    <Glyph id="char_114">
                        <Coords points="630,2506 630,2555 630,2555 630,2506"/>
                        <TextEquiv conf="1.0"><Unicode>I</Unicode></TextEquiv>
                    </Glyph>
                    <Glyph id="char_115">
                        <Coords points="647,2506 647,2555 647,2555 647,2506"/>
                        <TextEquiv conf="0.9908"><Unicode>T</Unicode></TextEquiv>
                    </Glyph>
                    <Glyph id="char_116">
                        <Coords points="671,2506 671,2555 671,2555 671,2506"/>
                        <TextEquiv conf="1.0"><Unicode>T</Unicode></TextEquiv>
                    </Glyph>
                    <Glyph id="char_117">
                        <Coords points="691,2506 691,2556 691,2556 691,2506"/>
                        <TextEquiv conf="1.0"><Unicode>E</Unicode></TextEquiv>
                    </Glyph>
                    <Glyph id="char_118">
                        <Coords points="715,2506 715,2556 715,2556 715,2506"/>
                        <TextEquiv conf="0.9983"><Unicode>R</Unicode></TextEquiv>
                    </Glyph>
                    <Glyph id="char_119">
                        <Coords points="742,2506 742,2556 742,2556 742,2506"/>
                        <TextEquiv conf="1.0"><Unicode>A</Unicode></TextEquiv>
                    </Glyph>
                    <Glyph id="char_120">
                        <Coords points="766,2506 766,2556 766,2556 766,2506"/>
                        <TextEquiv conf="1.0"><Unicode>R</Unicode></TextEquiv>
                    </Glyph>
                    <Glyph id="char_121">
                        <Coords points="790,2508 790,2556 790,2556 790,2508"/>
                        <TextEquiv conf="1.0"><Unicode>I</Unicode></TextEquiv>
                    </Glyph>
                    <Glyph id="char_122">
                        <Coords points="800,2508 800,2556 800,2556 800,2508"/>
                        <TextEquiv conf="0.9989"><Unicode>S</Unicode></TextEquiv>
                    </Glyph>
                    <Glyph id="char_123">
                        <Coords points="824,2508 824,2556 824,2556 824,2508"/>
                        <TextEquiv conf="1.0"><Unicode>C</Unicode></TextEquiv>
                    </Glyph>
                    <Glyph id="char_124">
                        <Coords points="848,2508 848,2556 848,2556 848,2508"/>
                        <TextEquiv conf="1.0"><Unicode>H</Unicode></TextEquiv>
                    </Glyph>
                    <Glyph id="char_125">
                        <Coords points="871,2508 871,2557 875,2557 875,2508"/>
                        <TextEquiv conf="1.0"><Unicode>E</Unicode></TextEquiv>
                    </Glyph>
                    <Glyph id="char_126">
                        <Coords points="895,2508 895,2557 895,2557 895,2508"/>
                        <TextEquiv conf="1.0"><Unicode>N</Unicode></TextEquiv>
                    </Glyph>
                    <TextEquiv conf="0.9991"><Unicode>LITTERARISCHEN</Unicode></TextEquiv>
                </Word>
                <Word id="segment_30">
                    <Coords points="922,2508 922,2557 926,2557 926,2508"/>
                    <Glyph id="char_127">
                        <Coords points="922,2508 922,2557 926,2557 926,2508"/>
                        <TextEquiv conf="0.8449"><Unicode> </Unicode></TextEquiv>
                    </Glyph>
                    <TextEquiv conf="0.8449"><Unicode> </Unicode></TextEquiv>
                </Word>
                <Word id="segment_31">
                    <Coords points="936,2508 936,2557 1048,2557 1048,2509"/>
                    <Glyph id="char_128">
                        <Coords points="936,2508 936,2557 936,2557 936,2508"/>
                        <TextEquiv conf="1.0"><Unicode>V</Unicode></TextEquiv>
                    </Glyph>
                    <Glyph id="char_129">
                        <Coords points="960,2508 960,2557 960,2557 960,2508"/>
                        <TextEquiv conf="1.0"><Unicode>E</Unicode></TextEquiv>
                    </Glyph>
                    <Glyph id="char_130">
                        <Coords points="984,2508 984,2557 984,2557 984,2508"/>
                        <TextEquiv conf="1.0"><Unicode>R</Unicode></TextEquiv>
                    </Glyph>
                    <Glyph id="char_131">
                        <Coords points="1007,2508 1007,2557 1007,2557 1007,2508"/>
                        <TextEquiv conf="1.0"><Unicode>E</Unicode></TextEquiv>
                    </Glyph>
                    <Glyph id="char_132">
                        <Coords points="1035,2508 1035,2557 1035,2557 1035,2508"/>
                        <TextEquiv conf="1.0"><Unicode>I</Unicode></TextEquiv>
                    </Glyph>
                    <Glyph id="char_133">
                        <Coords points="1045,2508 1045,2557 1048,2557 1048,2509"/>
                        <TextEquiv conf="1.0"><Unicode>N</Unicode></TextEquiv>
                    </Glyph>
                    <TextEquiv conf="1.0"><Unicode>VEREIN</Unicode></TextEquiv>
                </Word>
                <Word id="segment_32">
                    <Coords points="1075,2510 1075,2558 1075,2558 1075,2510"/>
                    <Glyph id="char_134">
                        <Coords points="1075,2510 1075,2558 1075,2558 1075,2510"/>
                        <TextEquiv conf="1.0"><Unicode> </Unicode></TextEquiv>
                    </Glyph>
                    <TextEquiv conf="1.0"><Unicode> </Unicode></TextEquiv>
                </Word>
                <Word id="segment_33">
                    <Coords points="1089,2510 1089,2558 1103,2558 1103,2510"/>
                    <Glyph id="char_135">
                        <Coords points="1089,2510 1089,2558 1089,2558 1089,2510"/>
                        <TextEquiv conf="0.9999"><Unicode>I</Unicode></TextEquiv>
                    </Glyph>
                    <Glyph id="char_136">
                        <Coords points="1103,2510 1103,2558 1103,2558 1103,2510"/>
                        <TextEquiv conf="1.0"><Unicode>N</Unicode></TextEquiv>
                    </Glyph>
                    <TextEquiv conf="0.9999"><Unicode>IN</Unicode></TextEquiv>
                </Word>
                <Word id="segment_34">
                    <Coords points="1130,2510 1130,2558 1130,2558 1130,2510"/>
                    <Glyph id="char_137">
                        <Coords points="1130,2510 1130,2558 1130,2558 1130,2510"/>
                        <TextEquiv conf="1.0"><Unicode> </Unicode></TextEquiv>
                    </Glyph>
                    <TextEquiv conf="1.0"><Unicode> </Unicode></TextEquiv>
                </Word>
                <Word id="segment_35">
                    <Coords points="1140,2510 1140,2558 1337,2559 1337,2514"/>
                    <Glyph id="char_138">
                        <Coords points="1140,2510 1140,2558 1140,2558 1140,2510"/>
                        <TextEquiv conf="1.0"><Unicode>S</Unicode></TextEquiv>
                    </Glyph>
                    <Glyph id="char_139">
                        <Coords points="1164,2510 1164,2558 1167,2558 1167,2510"/>
                        <TextEquiv conf="0.9996"><Unicode>T</Unicode></TextEquiv>
                    </Glyph>
                    <Glyph id="char_140">
                        <Coords points="1184,2510 1184,2558 1184,2558 1184,2510"/>
                        <TextEquiv conf="0.7234"><Unicode>U</Unicode></TextEquiv>
                    </Glyph>
                    <Glyph id="char_141">
                        <Coords points="1208,2510 1208,2558 1211,2558 1211,2510"/>
                        <TextEquiv conf="1.0"><Unicode>T</Unicode></TextEquiv>
                    </Glyph>
                    <Glyph id="char_142">
                        <Coords points="1239,2510 1239,2558 1239,2558 1239,2510"/>
                        <TextEquiv conf="1.0"><Unicode>T</Unicode></TextEquiv>
                    </Glyph>
                    <Glyph id="char_143">
                        <Coords points="1259,2510 1259,2559 1259,2559 1259,2510"/>
                        <TextEquiv conf="0.9969"><Unicode>G</Unicode></TextEquiv>
                    </Glyph>
                    <Glyph id="char_144">
                        <Coords points="1286,2510 1286,2559 1286,2559 1286,2510"/>
                        <TextEquiv conf="0.99"><Unicode>A</Unicode></TextEquiv>
                    </Glyph>
                    <Glyph id="char_145">
                        <Coords points="1310,2510 1310,2559 1310,2559 1310,2510"/>
                        <TextEquiv conf="0.9999"><Unicode>R</Unicode></TextEquiv>
                    </Glyph>
                    <Glyph id="char_146">
                        <Coords points="1337,2514 1337,2559 1337,2559 1337,2514"/>
                        <TextEquiv conf="0.9999"><Unicode>T</Unicode></TextEquiv>
                    </Glyph>
                    <TextEquiv conf="0.9677"><Unicode>STUTTGART</Unicode></TextEquiv>
                </Word>
                <TextEquiv conf="0.9833"><Unicode>GEDRUCKT FOR DEN LITTERARISCHEN VEREIN IN STUTTGART</Unicode></TextEquiv>
            </TextLine>

            <TextLine id="_6ec4d286-3edb-450b-895b-350e2f86e100" custom="type {type:default;}">
                <Coords points="620,2593 620,2611 927,2613 929,2593 929,2562 620,2562 620,2593"/>
                <Baseline points="620,2593 929,2593"/>
                <Word id="segment_36">
                    <Coords points="637,2562 637,2611 819,2612 819,2562"/>
                    <Glyph id="char_147">
                        <Coords points="637,2562 637,2611 637,2611 637,2562"/>
                        <TextEquiv conf="1.0"><Unicode>T</Unicode></TextEquiv>
                    </Glyph>
                    <Glyph id="char_148">
                        <Coords points="662,2562 662,2611 662,2611 662,2562"/>
                        <TextEquiv conf="1.0"><Unicode>Ö</Unicode></TextEquiv>
                    </Glyph>
                    <Glyph id="char_149">
                        <Coords points="690,2562 690,2611 690,2611 690,2562"/>
                        <TextEquiv conf="1.0"><Unicode>B</Unicode></TextEquiv>
                    </Glyph>
                    <Glyph id="char_150">
                        <Coords points="718,2562 718,2612 718,2612 718,2562"/>
                        <TextEquiv conf="1.0"><Unicode>I</Unicode></TextEquiv>
                    </Glyph>
                    <Glyph id="char_151">
                        <Coords points="738,2562 738,2612 738,2612 738,2562"/>
                        <TextEquiv conf="1.0"><Unicode>N</Unicode></TextEquiv>
                    </Glyph>
                    <Glyph id="char_152">
                        <Coords points="766,2562 766,2612 766,2612 766,2562"/>
                        <TextEquiv conf="1.0"><Unicode>G</Unicode></TextEquiv>
                    </Glyph>
                    <Glyph id="char_153">
                        <Coords points="794,2562 794,2612 794,2612 794,2562"/>
                        <TextEquiv conf="1.0"><Unicode>E</Unicode></TextEquiv>
                    </Glyph>
                    <Glyph id="char_154">
                        <Coords points="819,2562 819,2612 819,2612 819,2562"/>
                        <TextEquiv conf="0.9009"><Unicode>N</Unicode></TextEquiv>
                    </Glyph>
                    <TextEquiv conf="0.9876"><Unicode>TÖBINGEN</Unicode></TextEquiv>
                </Word>
                <Word id="segment_37">
                    <Coords points="846,2562 846,2612 846,2612 846,2562"/>
                    <Glyph id="char_155">
                        <Coords points="846,2562 846,2612 846,2612 846,2562"/>
                        <TextEquiv conf="1.0"><Unicode> </Unicode></TextEquiv>
                    </Glyph>
                    <TextEquiv conf="1.0"><Unicode> </Unicode></TextEquiv>
                </Word>
                <Word id="segment_38">
                    <Coords points="860,2562 860,2613 929,2593 929,2593"/>
                    <Glyph id="char_156">
                        <Coords points="860,2562 860,2613 860,2613 860,2562"/>
                        <TextEquiv conf="1.0"><Unicode>1</Unicode></TextEquiv>
                    </Glyph>
                    <Glyph id="char_157">
                        <Coords points="874,2562 874,2613 874,2613 874,2562"/>
                        <TextEquiv conf="1.0"><Unicode>9</Unicode></TextEquiv>
                    </Glyph>
                    <Glyph id="char_158">
                        <Coords points="892,2562 892,2613 892,2613 892,2562"/>
                        <TextEquiv conf="0.9995"><Unicode>0</Unicode></TextEquiv>
                    </Glyph>
                    <Glyph id="char_159">
                        <Coords points="909,2562 909,2613 909,2613 909,2562"/>
                        <TextEquiv conf="0.9959"><Unicode>8</Unicode></TextEquiv>
                    </Glyph>
                    <Glyph id="char_160">
                        <Coords points="929,2593 929,2593 929,2593 929,2593"/>
                        <TextEquiv conf="0.6053"><Unicode>.</Unicode></TextEquiv>
                    </Glyph>
                    <TextEquiv conf="0.9201"><Unicode>1908.</Unicode></TextEquiv>
                </Word>
                <TextEquiv conf="0.9644"><Unicode>TÖBINGEN 1908.</Unicode></TextEquiv>
            </TextLine>
        </TextRegion>
    </Page>
</PcGts>