<?xml version="1.0" encoding="UTF-8"?>
<PcGts xmlns="http://schema.primaresearch.org/PAGE/gts/pagecontent/2019-07-15" xmlns:xsi="http://www.w3.org/2001/XMLSchema-instance" xsi:schemaLocation="http://schema.primaresearch.org/PAGE/gts/pagecontent/2019-07-15 http://schema.primaresearch.org/PAGE/gts/pagecontent/2019-07-15/pagecontent.xsd">
    <Metadata>
        <Creator>kraken 6.0.3</Creator>
        <Created>2026-01-20T00:46:41.471506+00:00</Created>
        <LastChange>2026-01-20T00:46:41.471506+00:00</LastChange>
    </Metadata>
    <Page imageFilename="/tmp/tmp0md9w698.png" imageWidth="1567" imageHeight="3267">
        <TextRegion id="textblock_1">
            <Coords points="0,0 0,3267 1567,3267 1567,0"/>
            
            <TextLine id="_f9a529e6-6c24-45f7-88e1-b58c76b8bc98" custom="type {type:default;}">
                <Coords points="199,421 199,431 239,431 241,419 236,392 197,392 199,421"/>
                <Baseline points="199,421 241,419"/>
                <Word id="segment_0">
                    <Coords points="211,392 212,431 239,429 238,404"/>
                    <Glyph id="char_0">
                        <Coords points="211,392 212,431 212,431 211,392"/>
                        <TextEquiv conf="1.0"><Unicode>2</Unicode></TextEquiv>
                    </Glyph>
                    <Glyph id="char_1">
                        <Coords points="238,404 239,429 239,429 238,404"/>
                        <TextEquiv conf="0.9889"><Unicode>.</Unicode></TextEquiv>
                    </Glyph>
                    <TextEquiv conf="0.9944"><Unicode>2.</Unicode></TextEquiv>
                </Word>
                <TextEquiv conf="0.9944"><Unicode>2.</Unicode></TextEquiv>
            </TextLine>

        </TextRegion>
        <TextRegion id="_2d9ba042-3234-4d69-92c5-2b8f9f6acba5" custom="type {type:text;}">
<Coords points="85,464 165,573 150,658 216,675 150,747 157,1029 201,1067 172,1159 259,1168 252,1275 150,1357 152,1379 230,1384 150,1473 143,1718 187,1820 165,1829 157,1980 179,2016 150,2098 143,2372 187,2475 179,2568 216,2599 208,2684 346,2715 361,2778 317,2815 58,2815 50,2786 50,1132 85,464"/>
            <TextLine id="_251ed52d-e3df-4309-979e-018625fc6083" custom="type {type:default;}">
                <Coords points="110,736 116,722 105,627 87,629 67,631 78,655 76,740 110,740 110,738 110,736"/>
                <Baseline points="87,629 92,738 110,740"/>
                <Word id="segment_1">
                    <Coords points="112,684 77,686 77,686 112,684"/>
                    <Glyph id="char_2">
                        <Coords points="112,684 77,686 77,686 112,684"/>
                        <TextEquiv conf="0.7419"><Unicode>.</Unicode></TextEquiv>
                    </Glyph>
                    <TextEquiv conf="0.7419"><Unicode>.</Unicode></TextEquiv>
                </Word>
                <Word id="segment_2">
                    <Coords points="112,689 77,691 77,691 112,689"/>
                    <Glyph id="char_3">
                        <Coords points="112,689 77,691 77,691 112,689"/>
                        <TextEquiv conf="0.6256"><Unicode> </Unicode></TextEquiv>
                    </Glyph>
                    <TextEquiv conf="0.6256"><Unicode> </Unicode></TextEquiv>
                </Word>
                <TextEquiv conf="0.6837"><Unicode>. </Unicode></TextEquiv>
            </TextLine>

            <TextLine id="_36e35582-b544-4509-a8e9-be62619b8e22" custom="type {type:default;}">
                <Coords points="68,749 68,767 67,785 67,804 65,805 63,1637 87,1638 101,1638 112,1613 112,1611 112,1609 112,1608 99,1577 108,1468 108,1466 101,1395 110,1383 110,1381 110,1379 110,1377 110,1375 101,1352 119,1312 119,1310 121,1310 121,1255 119,1254 101,1165 116,1143 116,1141 116,1139 116,1138 110,1065 121,1038 121,1036 123,1036 123,981 121,980 121,978 103,934 121,911 121,909 121,907 121,905 118,816 118,814 118,813 107,800 121,742 110,740 88,738 68,749"/>
                <Baseline points="87,1638 83,1361 96,1183 87,1058 88,760 94,740 110,740"/>
                <Word id="segment_3">
                    <Coords points="65,995 123,995 123,995 65,995"/>
                    <Glyph id="char_4">
                        <Coords points="65,995 123,995 123,995 65,995"/>
                        <TextEquiv conf="0.9662"><Unicode> </Unicode></TextEquiv>
                    </Glyph>
                    <TextEquiv conf="0.9662"><Unicode> </Unicode></TextEquiv>
                </Word>
                <TextEquiv conf="0.9662"><Unicode> </Unicode></TextEquiv>
            </TextLine>

            <TextLine id="_4c6c95cf-64b4-49ba-832b-1db9877486b6" custom="type {type:default;}">
                <Coords points="108,1778 108,1767 87,1767 70,1767 68,1773 87,1778 108,1778"/>
                <Baseline points="87,1767 87,1778"/>
                
            </TextLine>

            <TextLine id="_f41ca4db-2188-4f78-bdde-eb7a13bfbcd6" custom="type {type:default;}">
                <Coords points="83,2125 78,2109 72,2110 79,2139 83,2159 92,2158 88,2138 87,2136 83,2125"/>
                <Baseline points="79,2139 88,2138"/>
                
            </TextLine>

            <TextLine id="_30aa136d-7ccb-4ff2-8c3f-32205c35489a" custom="type {type:default;}">
                <Coords points="105,938 108,949 137,945 136,929 127,905 96,912 105,938"/>
                <Baseline points="105,938 136,929"/>
                <Word id="segment_4">
                    <Coords points="116,907 127,946 127,946 116,907"/>
                    <Glyph id="char_5">
                        <Coords points="116,907 127,946 127,946 116,907"/>
                        <TextEquiv conf="0.9563"><Unicode>.</Unicode></TextEquiv>
                    </Glyph>
                    <TextEquiv conf="0.9563"><Unicode>.</Unicode></TextEquiv>
                </Word>
                <TextEquiv conf="0.9563"><Unicode>.</Unicode></TextEquiv>
            </TextLine>

            <TextLine id="_d0d020da-4182-4404-adcc-dceb2dba4ac8" custom="type {type:default;}">
                <Coords points="110,1722 123,1682 123,1680 123,1678 123,1677 123,1675 114,1664 88,1664 81,1664 81,1720 88,1722 110,1722"/>
                <Baseline points="88,1664 88,1722"/>
                <Word id="segment_5">
                    <Coords points="121,1688 81,1688 81,1688 121,1688"/>
                    <Glyph id="char_6">
                        <Coords points="121,1688 81,1688 81,1688 121,1688"/>
                        <TextEquiv conf="1.0"><Unicode>*</Unicode></TextEquiv>
                    </Glyph>
                    <TextEquiv conf="1.0"><Unicode>*</Unicode></TextEquiv>
                </Word>
                <TextEquiv conf="1.0"><Unicode>*</Unicode></TextEquiv>
            </TextLine>

            <TextLine id="_9de46156-0f46-4603-8b33-1de0866fe667" custom="type {type:default;}">
                <Coords points="88,2105 108,2105 123,2061 123,2060 123,2058 110,1991 136,1929 136,1927 137,1854 88,1854 65,1854 65,2105 88,2105"/>
                <Baseline points="88,2105 88,1854"/>
                <Word id="segment_6">
                    <Coords points="65,2095 111,2095 136,1922 65,1922"/>
                    <Glyph id="char_7">
                        <Coords points="65,2095 111,2095 111,2095 65,2095"/>
                        <TextEquiv conf="1.0"><Unicode>1</Unicode></TextEquiv>
                    </Glyph>
                    <Glyph id="char_8">
                        <Coords points="65,2056 123,2056 123,2056 65,2056"/>
                        <TextEquiv conf="0.996"><Unicode>.</Unicode></TextEquiv>
                    </Glyph>
                    <Glyph id="char_9">
                        <Coords points="65,1922 136,1922 136,1922 65,1922"/>
                        <TextEquiv conf="0.9702"><Unicode>1</Unicode></TextEquiv>
                    </Glyph>
                    <TextEquiv conf="0.9887"><Unicode>1.1</Unicode></TextEquiv>
                </Word>
                <TextEquiv conf="0.9887"><Unicode>1.1</Unicode></TextEquiv>
            </TextLine>

            <TextLine id="_202a9420-ae31-4acf-873c-2faeded33673" custom="type {type:default;}">
                <Coords points="65,2145 65,2537 88,2537 107,2535 107,2508 125,2482 125,2481 125,2479 127,2479 127,2437 125,2435 125,2433 125,2432 110,2413 125,2364 125,2363 127,2363 127,2276 125,2274 125,2272 107,2223 107,2138 88,2138 78,2138 65,2145"/>
                <Baseline points="88,2537 88,2138"/>
                <Word id="segment_7">
                    <Coords points="65,2454 127,2454 127,2454 65,2454"/>
                    <Glyph id="char_10">
                        <Coords points="65,2454 127,2454 127,2454 65,2454"/>
                        <TextEquiv conf="0.8336"><Unicode> </Unicode></TextEquiv>
                    </Glyph>
                    <TextEquiv conf="0.8336"><Unicode> </Unicode></TextEquiv>
                </Word>
                <TextEquiv conf="0.8336"><Unicode> </Unicode></TextEquiv>
            </TextLine>

            <TextLine id="_f4b5ebe9-3e56-4be1-bafc-feb6ae2dfdcc" custom="type {type:default;}">
                <Coords points="72,2789 72,2796 123,2805 125,2805 170,2804 172,2804 174,2804 174,2802 185,2793 344,2795 346,2778 344,2749 254,2744 252,2744 250,2744 217,2753 177,2717 177,2715 176,2715 174,2715 172,2715 68,2722 72,2789"/>
                <Baseline points="72,2789 192,2778 346,2778"/>
                <Word id="segment_8">
                    <Coords points="84,2721 91,2799 230,2794 230,2749"/>
                    <Glyph id="char_11">
                        <Coords points="84,2721 91,2799 91,2799 84,2721"/>
                        <TextEquiv conf="1.0"><Unicode>R</Unicode></TextEquiv>
                    </Glyph>
                    <Glyph id="char_12">
                        <Coords points="230,2749 230,2794 230,2794 230,2749"/>
                        <TextEquiv conf="0.9983"><Unicode>—</Unicode></TextEquiv>
                    </Glyph>
                    <TextEquiv conf="0.9992"><Unicode>R—</Unicode></TextEquiv>
                </Word>
                <TextEquiv conf="0.9992"><Unicode>R—</Unicode></TextEquiv>
            </TextLine>
        </TextRegion>
        <TextRegion id="_a0e4e8a7-7798-40ce-9f95-4527e1c6b66f" custom="type {type:text;}">
<Coords points="0,1836 1,1836 1,1838 0,1838 0,1836"/>        </TextRegion>
        <TextRegion id="_fcfea5ce-44f0-4a46-a3c1-68ea216d7f23" custom="type {type:text;}">
<Coords points="0,2562 1,2562 1,2564 0,2564 0,2562"/>        </TextRegion>
        <TextRegion id="_d7d81898-4cd0-430e-bd05-f2e8c53043c7" custom="type {type:text;}">
<Coords points="0,2715 1,2715 1,2717 0,2717 0,2715"/>        </TextRegion>
        <TextRegion id="_5e0a7c9f-6486-40eb-835d-99e30cbe0e80" custom="type {type:text;}">
<Coords points="187,776 187,782 181,782 181,776 187,776"/>        </TextRegion>
        <TextRegion id="_393929fa-ceeb-4c53-b7a4-42f4c9f2fef2" custom="type {type:text;}">
<Coords points="194,566 216,566 223,578 174,578 194,566"/>        </TextRegion>
        <TextRegion id="_9dca272d-a33f-4a6e-bb27-01f37baa877e" custom="type {type:text;}">
<Coords points="208,413 216,413 216,419 203,419 208,413"/>        </TextRegion>
        <TextRegion id="_731a7e68-5aed-4303-baa0-dc70394848ab" custom="type {type:text;}">
<Coords points="1465,2729 1479,2751 1479,2786 1445,2778 1465,2729"/>        </TextRegion>
    </Page>
</PcGts>