<?xml version="1.0" encoding="UTF-8"?>
<PcGts xmlns="http://schema.primaresearch.org/PAGE/gts/pagecontent/2019-07-15" xmlns:xsi="http://www.w3.org/2001/XMLSchema-instance" xsi:schemaLocation="http://schema.primaresearch.org/PAGE/gts/pagecontent/2019-07-15 http://schema.primaresearch.org/PAGE/gts/pagecontent/2019-07-15/pagecontent.xsd">
    <Metadata>
        <Creator>kraken 6.0.3</Creator>
        <Created>2026-01-20T00:47:14.165481+00:00</Created>
        <LastChange>2026-01-20T00:47:14.165481+00:00</LastChange>
    </Metadata>
    <Page imageFilename="/tmp/tmpw23b04ku.png" imageWidth="1567" imageHeight="3267">
        <TextRegion id="_160e9ea8-36d9-4751-a304-9460aab09feb" custom="type {type:text;}">
<Coords points="108,406 281,413 317,457 310,506 246,528 237,578 87,586 58,557 65,435 108,406"/>
            <TextLine id="_e616e9b5-9d24-442a-84ce-f5525d2b088d" custom="type {type:default;}">
                <Coords points="96,477 96,490 176,486 177,475 174,426 94,422 96,477"/>
                <Baseline points="96,477 177,475"/>
                <Word id="segment_0">
                    <Coords points="100,422 101,490 101,490 100,422"/>
                    <Glyph id="char_0">
                        <Coords points="100,422 101,490 101,490 100,422"/>
                        <TextEquiv conf="1.0"><Unicode>8</Unicode></TextEquiv>
                    </Glyph>
                    <TextEquiv conf="1.0"><Unicode>8</Unicode></TextEquiv>
                </Word>
                <Word id="segment_1">
                    <Coords points="141,424 142,488 142,488 141,424"/>
                    <Glyph id="char_1">
                        <Coords points="141,424 142,488 142,488 141,424"/>
                        <TextEquiv conf="1.0"><Unicode> </Unicode></TextEquiv>
                    </Glyph>
                    <TextEquiv conf="1.0"><Unicode> </Unicode></TextEquiv>
                </Word>
                <Word id="segment_2">
                    <Coords points="154,425 155,487 155,487 154,425"/>
                    <Glyph id="char_2">
                        <Coords points="154,425 155,487 155,487 154,425"/>
                        <TextEquiv conf="1.0"><Unicode>3</Unicode></TextEquiv>
                    </Glyph>
                    <TextEquiv conf="1.0"><Unicode>3</Unicode></TextEquiv>
                </Word>
                <TextEquiv conf="1.0"><Unicode>8 3</Unicode></TextEquiv>
            </TextLine>

            <TextLine id="_f284b94c-187d-411b-a5cb-88841a482145" custom="type {type:default;}">
                <Coords points="99,562 127,562 128,551 130,504 107,490 101,549 99,562"/>
                <Baseline points="101,549 128,551"/>
                <Word id="segment_3">
                    <Coords points="111,493 106,562 106,562 111,493"/>
                    <Glyph id="char_3">
                        <Coords points="111,493 106,562 106,562 111,493"/>
                        <TextEquiv conf="0.9997"><Unicode>1</Unicode></TextEquiv>
                    </Glyph>
                    <TextEquiv conf="0.9997"><Unicode>1</Unicode></TextEquiv>
                </Word>
                <TextEquiv conf="0.9997"><Unicode>1</Unicode></TextEquiv>
            </TextLine>

            <TextLine id="_b6dcadf4-13a3-48a9-bb6f-569ef143ab84" custom="type {type:default;}">
                <Coords points="228,473 228,484 288,491 290,471 288,424 265,413 263,413 261,413 259,413 225,430 228,473"/>
                <Baseline points="228,473 290,471"/>
                <Word id="segment_4">
                    <Coords points="253,416 255,487 255,487 253,416"/>
                    <Glyph id="char_4">
                        <Coords points="253,416 255,487 255,487 253,416"/>
                        <TextEquiv conf="0.9931"><Unicode>●</Unicode></TextEquiv>
                    </Glyph>
                    <TextEquiv conf="0.9931"><Unicode>●</Unicode></TextEquiv>
                </Word>
                <TextEquiv conf="0.9931"><Unicode>●</Unicode></TextEquiv>
            </TextLine>
        </TextRegion>
    </Page>
</PcGts>