<?xml version="1.0" encoding="UTF-8"?>
<PcGts xmlns="http://schema.primaresearch.org/PAGE/gts/pagecontent/2019-07-15" xmlns:xsi="http://www.w3.org/2001/XMLSchema-instance" xsi:schemaLocation="http://schema.primaresearch.org/PAGE/gts/pagecontent/2019-07-15 http://schema.primaresearch.org/PAGE/gts/pagecontent/2019-07-15/pagecontent.xsd">
    <Metadata>
        <Creator>kraken 6.0.3</Creator>
        <Created>2026-01-20T00:48:00.301335+00:00</Created>
        <LastChange>2026-01-20T00:48:00.301335+00:00</LastChange>
    </Metadata>
    <Page imageFilename="/tmp/tmp2jfzbp2r.png" imageWidth="1567" imageHeight="3267">
        <TextRegion id="_4f1bf30e-e430-4c55-a656-76c3126bf603" custom="type {type:text;}">
<Coords points="611,1466 1080,1466 1102,1508 1080,1530 610,1530 611,1466"/>
            <TextLine id="_0dd59993-a400-4d87-adfa-2cf772a9f7b5" custom="type {type:default;}">
                <Coords points="1091,1491 1080,1475 601,1473 601,1501 599,1517 1089,1520 1093,1504 1091,1491 1091,1491"/>
                <Baseline points="601,1501 1093,1504"/>
                <Word id="segment_0">
                    <Coords points="622,1473 622,1517 684,1518 684,1473"/>
                    <Glyph id="char_0">
                        <Coords points="622,1473 622,1517 622,1517 622,1473"/>
                        <TextEquiv conf="1.0"><Unicode>A</Unicode></TextEquiv>
                    </Glyph>
                    <Glyph id="char_1">
                        <Coords points="641,1473 641,1517 641,1517 641,1473"/>
                        <TextEquiv conf="1.0"><Unicode>L</Unicode></TextEquiv>
                    </Glyph>
                    <Glyph id="char_2">
                        <Coords points="662,1473 662,1517 662,1517 662,1473"/>
                        <TextEquiv conf="0.9994"><Unicode>L</Unicode></TextEquiv>
                    </Glyph>
                    <Glyph id="char_3">
                        <Coords points="684,1473 684,1518 684,1518 684,1473"/>
                        <TextEquiv conf="1.0"><Unicode>E</Unicode></TextEquiv>
                    </Glyph>
                    <TextEquiv conf="0.9998"><Unicode>ALLE</Unicode></TextEquiv>
                </Word>
                <Word id="segment_1">
                    <Coords points="705,1473 705,1518 705,1518 705,1473"/>
                    <Glyph id="char_4">
                        <Coords points="705,1473 705,1518 705,1518 705,1473"/>
                        <TextEquiv conf="1.0"><Unicode> </Unicode></TextEquiv>
                    </Glyph>
                    <TextEquiv conf="1.0"><Unicode> </Unicode></TextEquiv>
                </Word>
                <Word id="segment_2">
                    <Coords points="715,1473 715,1518 822,1518 822,1474"/>
                    <Glyph id="char_5">
                        <Coords points="715,1473 715,1518 715,1518 715,1473"/>
                        <TextEquiv conf="1.0"><Unicode>R</Unicode></TextEquiv>
                    </Glyph>
                    <Glyph id="char_6">
                        <Coords points="739,1474 739,1518 739,1518 739,1474"/>
                        <TextEquiv conf="1.0"><Unicode>E</Unicode></TextEquiv>
                    </Glyph>
                    <Glyph id="char_7">
                        <Coords points="757,1474 757,1518 757,1518 757,1474"/>
                        <TextEquiv conf="1.0"><Unicode>C</Unicode></TextEquiv>
                    </Glyph>
                    <Glyph id="char_8">
                        <Coords points="776,1474 776,1518 776,1518 776,1474"/>
                        <TextEquiv conf="1.0"><Unicode>H</Unicode></TextEquiv>
                    </Glyph>
                    <Glyph id="char_9">
                        <Coords points="800,1474 800,1518 800,1518 800,1474"/>
                        <TextEquiv conf="1.0"><Unicode>T</Unicode></TextEquiv>
                    </Glyph>
                    <Glyph id="char_10">
                        <Coords points="822,1474 822,1518 822,1518 822,1474"/>
                        <TextEquiv conf="1.0"><Unicode>E</Unicode></TextEquiv>
                    </Glyph>
                    <TextEquiv conf="1.0"><Unicode>RECHTE</Unicode></TextEquiv>
                </Word>
                <Word id="segment_3">
                    <Coords points="843,1474 843,1518 846,1519 846,1474"/>
                    <Glyph id="char_11">
                        <Coords points="843,1474 843,1518 846,1519 846,1474"/>
                        <TextEquiv conf="1.0"><Unicode> </Unicode></TextEquiv>
                    </Glyph>
                    <TextEquiv conf="1.0"><Unicode> </Unicode></TextEquiv>
                </Word>
                <Word id="segment_4">
                    <Coords points="856,1474 856,1519 1093,1504 1093,1504"/>
                    <Glyph id="char_12">
                        <Coords points="856,1474 856,1519 856,1519 856,1474"/>
                        <TextEquiv conf="1.0"><Unicode>V</Unicode></TextEquiv>
                    </Glyph>
                    <Glyph id="char_13">
                        <Coords points="874,1474 874,1519 874,1519 874,1474"/>
                        <TextEquiv conf="1.0"><Unicode>O</Unicode></TextEquiv>
                    </Glyph>
                    <Glyph id="char_14">
                        <Coords points="896,1474 896,1519 896,1519 896,1474"/>
                        <TextEquiv conf="0.9999"><Unicode>R</Unicode></TextEquiv>
                    </Glyph>
                    <Glyph id="char_15">
                        <Coords points="917,1474 917,1519 917,1519 917,1474"/>
                        <TextEquiv conf="0.9995"><Unicode>B</Unicode></TextEquiv>
                    </Glyph>
                    <Glyph id="char_16">
                        <Coords points="939,1474 939,1519 939,1519 939,1474"/>
                        <TextEquiv conf="0.9998"><Unicode>E</Unicode></TextEquiv>
                    </Glyph>
                    <Glyph id="char_17">
                        <Coords points="960,1474 960,1519 960,1519 960,1474"/>
                        <TextEquiv conf="1.0"><Unicode>H</Unicode></TextEquiv>
                    </Glyph>
                    <Glyph id="char_18">
                        <Coords points="985,1475 985,1519 985,1519 985,1475"/>
                        <TextEquiv conf="1.0"><Unicode>A</Unicode></TextEquiv>
                    </Glyph>
                    <Glyph id="char_19">
                        <Coords points="1003,1475 1003,1519 1003,1519 1003,1475"/>
                        <TextEquiv conf="1.0"><Unicode>L</Unicode></TextEquiv>
                    </Glyph>
                    <Glyph id="char_20">
                        <Coords points="1021,1475 1021,1520 1024,1520 1024,1475"/>
                        <TextEquiv conf="0.998"><Unicode>T</Unicode></TextEquiv>
                    </Glyph>
                    <Glyph id="char_21">
                        <Coords points="1046,1475 1046,1520 1046,1520 1046,1475"/>
                        <TextEquiv conf="0.9999"><Unicode>E</Unicode></TextEquiv>
                    </Glyph>
                    <Glyph id="char_22">
                        <Coords points="1064,1475 1064,1520 1064,1520 1064,1475"/>
                        <TextEquiv conf="0.9976"><Unicode>N</Unicode></TextEquiv>
                    </Glyph>
                    <Glyph id="char_23">
                        <Coords points="1093,1504 1093,1504 1093,1504 1093,1504"/>
                        <TextEquiv conf="0.861"><Unicode>.</Unicode></TextEquiv>
                    </Glyph>
                    <TextEquiv conf="0.988"><Unicode>VORBEHALTEN.</Unicode></TextEquiv>
                </Word>
                <TextEquiv conf="0.994"><Unicode>ALLE RECHTE VORBEHALTEN.</Unicode></TextEquiv>
            </TextLine>
        </TextRegion>
        <TextRegion id="_c9a42e0b-6c7f-4631-955b-f61271b00c5b" custom="type {type:text;}">
<Coords points="532,2526 1160,2526 1174,2568 1160,2597 610,2597 522,2590 508,2541 532,2526"/>
            <TextLine id="_1843ed7a-59e8-4d7d-a653-b0c1d8a020fe" custom="type {type:default;}">
                <Coords points="1158,2533 521,2531 521,2559 519,2573 1163,2577 1167,2562 1165,2553 1158,2533"/>
                <Baseline points="521,2559 1167,2562"/>
                <Word id="segment_5">
                    <Coords points="539,2531 539,2573 623,2574 623,2531"/>
                    <Glyph id="char_24">
                        <Coords points="539,2531 539,2573 539,2573 539,2531"/>
                        <TextEquiv conf="1.0"><Unicode>D</Unicode></TextEquiv>
                    </Glyph>
                    <Glyph id="char_25">
                        <Coords points="560,2531 560,2573 560,2573 560,2531"/>
                        <TextEquiv conf="1.0"><Unicode>R</Unicode></TextEquiv>
                    </Glyph>
                    <Glyph id="char_26">
                        <Coords points="581,2531 581,2573 581,2573 581,2531"/>
                        <TextEquiv conf="1.0"><Unicode>U</Unicode></TextEquiv>
                    </Glyph>
                    <Glyph id="char_27">
                        <Coords points="602,2531 602,2574 602,2574 602,2531"/>
                        <TextEquiv conf="0.9999"><Unicode>C</Unicode></TextEquiv>
                    </Glyph>
                    <Glyph id="char_28">
                        <Coords points="623,2531 623,2574 623,2574 623,2531"/>
                        <TextEquiv conf="1.0"><Unicode>K</Unicode></TextEquiv>
                    </Glyph>
                    <TextEquiv conf="1.0"><Unicode>DRUCK</Unicode></TextEquiv>
                </Word>
                <Word id="segment_6">
                    <Coords points="647,2531 647,2574 650,2574 650,2531"/>
                    <Glyph id="char_29">
                        <Coords points="647,2531 647,2574 650,2574 650,2531"/>
                        <TextEquiv conf="1.0"><Unicode> </Unicode></TextEquiv>
                    </Glyph>
                    <TextEquiv conf="1.0"><Unicode> </Unicode></TextEquiv>
                </Word>
                <Word id="segment_7">
                    <Coords points="656,2531 656,2574 698,2574 698,2532"/>
                    <Glyph id="char_30">
                        <Coords points="656,2531 656,2574 656,2574 656,2531"/>
                        <TextEquiv conf="1.0"><Unicode>V</Unicode></TextEquiv>
                    </Glyph>
                    <Glyph id="char_31">
                        <Coords points="677,2531 677,2574 677,2574 677,2531"/>
                        <TextEquiv conf="1.0"><Unicode>O</Unicode></TextEquiv>
                    </Glyph>
                    <Glyph id="char_32">
                        <Coords points="698,2532 698,2574 698,2574 698,2532"/>
                        <TextEquiv conf="1.0"><Unicode>N</Unicode></TextEquiv>
                    </Glyph>
                    <TextEquiv conf="1.0"><Unicode>VON</Unicode></TextEquiv>
                </Word>
                <Word id="segment_8">
                    <Coords points="722,2532 722,2574 725,2574 725,2532"/>
                    <Glyph id="char_33">
                        <Coords points="722,2532 722,2574 725,2574 725,2532"/>
                        <TextEquiv conf="1.0"><Unicode> </Unicode></TextEquiv>
                    </Glyph>
                    <TextEquiv conf="1.0"><Unicode> </Unicode></TextEquiv>
                </Word>
                <Word id="segment_9">
                    <Coords points="734,2532 734,2574 764,2575 764,2532"/>
                    <Glyph id="char_34">
                        <Coords points="734,2532 734,2574 734,2574 734,2532"/>
                        <TextEquiv conf="1.0"><Unicode>H</Unicode></TextEquiv>
                    </Glyph>
                    <Glyph id="char_35">
                        <Coords points="764,2532 764,2575 764,2575 764,2532"/>
                        <TextEquiv conf="1.0"><Unicode>.</Unicode></TextEquiv>
                    </Glyph>
                    <TextEquiv conf="1.0"><Unicode>H.</Unicode></TextEquiv>
                </Word>
                <Word id="segment_10">
                    <Coords points="767,2532 767,2575 770,2575 770,2532"/>
                    <Glyph id="char_36">
                        <Coords points="767,2532 767,2575 770,2575 770,2532"/>
                        <TextEquiv conf="1.0"><Unicode> </Unicode></TextEquiv>
                    </Glyph>
                    <TextEquiv conf="1.0"><Unicode> </Unicode></TextEquiv>
                </Word>
                <Word id="segment_11">
                    <Coords points="776,2532 776,2575 860,2575 860,2532"/>
                    <Glyph id="char_37">
                        <Coords points="776,2532 776,2575 776,2575 776,2532"/>
                        <TextEquiv conf="1.0"><Unicode>L</Unicode></TextEquiv>
                    </Glyph>
                    <Glyph id="char_38">
                        <Coords points="800,2532 800,2575 800,2575 800,2532"/>
                        <TextEquiv conf="1.0"><Unicode>A</Unicode></TextEquiv>
                    </Glyph>
                    <Glyph id="char_39">
                        <Coords points="818,2532 818,2575 818,2575 818,2532"/>
                        <TextEquiv conf="0.9998"><Unicode>U</Unicode></TextEquiv>
                    </Glyph>
                    <Glyph id="char_40">
                        <Coords points="842,2532 842,2575 842,2575 842,2532"/>
                        <TextEquiv conf="1.0"><Unicode>P</Unicode></TextEquiv>
                    </Glyph>
                    <Glyph id="char_41">
                        <Coords points="860,2532 860,2575 860,2575 860,2532"/>
                        <TextEquiv conf="1.0"><Unicode>P</Unicode></TextEquiv>
                    </Glyph>
                    <TextEquiv conf="1.0"><Unicode>LAUPP</Unicode></TextEquiv>
                </Word>
                <Word id="segment_12">
                    <Coords points="881,2532 881,2575 884,2575 884,2532"/>
                    <Glyph id="char_42">
                        <Coords points="881,2532 881,2575 884,2575 884,2532"/>
                        <TextEquiv conf="1.0"><Unicode> </Unicode></TextEquiv>
                    </Glyph>
                    <TextEquiv conf="1.0"><Unicode> </Unicode></TextEquiv>
                </Word>
                <Word id="segment_13">
                    <Coords points="890,2532 890,2575 935,2576 935,2532"/>
                    <Glyph id="char_43">
                        <Coords points="890,2532 890,2575 890,2575 890,2532"/>
                        <TextEquiv conf="1.0"><Unicode>I</Unicode></TextEquiv>
                    </Glyph>
                    <Glyph id="char_44">
                        <Coords points="908,2532 908,2575 908,2575 908,2532"/>
                        <TextEquiv conf="0.9999"><Unicode>R</Unicode></TextEquiv>
                    </Glyph>
                    <Glyph id="char_45">
                        <Coords points="935,2532 935,2576 935,2576 935,2532"/>
                        <TextEquiv conf="1.0"><Unicode>.</Unicode></TextEquiv>
                    </Glyph>
                    <TextEquiv conf="1.0"><Unicode>IR.</Unicode></TextEquiv>
                </Word>
                <Word id="segment_14">
                    <Coords points="938,2532 938,2576 941,2576 941,2532"/>
                    <Glyph id="char_46">
                        <Coords points="938,2532 938,2576 941,2576 941,2532"/>
                        <TextEquiv conf="1.0"><Unicode> </Unicode></TextEquiv>
                    </Glyph>
                    <TextEquiv conf="1.0"><Unicode> </Unicode></TextEquiv>
                </Word>
                <Word id="segment_15">
                    <Coords points="950,2532 950,2576 962,2576 962,2532"/>
                    <Glyph id="char_47">
                        <Coords points="950,2532 950,2576 950,2576 950,2532"/>
                        <TextEquiv conf="1.0"><Unicode>I</Unicode></TextEquiv>
                    </Glyph>
                    <Glyph id="char_48">
                        <Coords points="962,2532 962,2576 962,2576 962,2532"/>
                        <TextEquiv conf="1.0"><Unicode>N</Unicode></TextEquiv>
                    </Glyph>
                    <TextEquiv conf="1.0"><Unicode>IN</Unicode></TextEquiv>
                </Word>
                <Word id="segment_16">
                    <Coords points="986,2532 986,2576 989,2576 989,2532"/>
                    <Glyph id="char_49">
                        <Coords points="986,2532 986,2576 989,2576 989,2532"/>
                        <TextEquiv conf="1.0"><Unicode> </Unicode></TextEquiv>
                    </Glyph>
                    <TextEquiv conf="1.0"><Unicode> </Unicode></TextEquiv>
                </Word>
                <Word id="segment_17">
                    <Coords points="995,2532 995,2576 1167,2562 1167,2562"/>
                    <Glyph id="char_50">
                        <Coords points="995,2532 995,2576 998,2576 998,2532"/>
                        <TextEquiv conf="1.0"><Unicode>T</Unicode></TextEquiv>
                    </Glyph>
                    <Glyph id="char_51">
                        <Coords points="1019,2533 1019,2576 1019,2576 1019,2533"/>
                        <TextEquiv conf="1.0"><Unicode>O</Unicode></TextEquiv>
                    </Glyph>
                    <Glyph id="char_52">
                        <Coords points="1040,2533 1040,2576 1040,2576 1040,2533"/>
                        <TextEquiv conf="1.0"><Unicode>B</Unicode></TextEquiv>
                    </Glyph>
                    <Glyph id="char_53">
                        <Coords points="1061,2533 1061,2576 1061,2576 1061,2533"/>
                        <TextEquiv conf="0.9868"><Unicode>I</Unicode></TextEquiv>
                    </Glyph>
                    <Glyph id="char_54">
                        <Coords points="1073,2533 1073,2576 1073,2576 1073,2533"/>
                        <TextEquiv conf="0.9812"><Unicode>N</Unicode></TextEquiv>
                    </Glyph>
                    <Glyph id="char_55">
                        <Coords points="1094,2533 1094,2577 1094,2577 1094,2533"/>
                        <TextEquiv conf="0.9994"><Unicode>G</Unicode></TextEquiv>
                    </Glyph>
                    <Glyph id="char_56">
                        <Coords points="1118,2533 1118,2577 1118,2577 1118,2533"/>
                        <TextEquiv conf="0.9998"><Unicode>E</Unicode></TextEquiv>
                    </Glyph>
                    <Glyph id="char_57">
                        <Coords points="1136,2533 1136,2577 1136,2577 1136,2533"/>
                        <TextEquiv conf="0.9998"><Unicode>N</Unicode></TextEquiv>
                    </Glyph>
                    <Glyph id="char_58">
                        <Coords points="1167,2562 1167,2562 1167,2562 1167,2562"/>
                        <TextEquiv conf="0.9944"><Unicode>.</Unicode></TextEquiv>
                    </Glyph>
                    <TextEquiv conf="0.9957"><Unicode>TOBINGEN.</Unicode></TextEquiv>
                </Word>
                <TextEquiv conf="0.9989"><Unicode>DRUCK VON H. LAUPP IR. IN TOBINGEN.</Unicode></TextEquiv>
            </TextLine>
        </TextRegion>
    </Page>
</PcGts>