<?xml version="1.0" encoding="UTF-8"?>
<PcGts xmlns="http://schema.primaresearch.org/PAGE/gts/pagecontent/2019-07-15" xmlns:xsi="http://www.w3.org/2001/XMLSchema-instance" xsi:schemaLocation="http://schema.primaresearch.org/PAGE/gts/pagecontent/2019-07-15 http://schema.primaresearch.org/PAGE/gts/pagecontent/2019-07-15/pagecontent.xsd">
    <Metadata>
        <Creator>kraken 6.0.3</Creator>
        <Created>2026-01-20T00:47:52.377274+00:00</Created>
        <LastChange>2026-01-20T00:47:52.377274+00:00</LastChange>
    </Metadata>
    <Page imageFilename="/tmp/tmps0j_613e.png" imageWidth="1708" imageHeight="2767">
        <TextRegion id="_c1265a77-ac7e-4f81-b0d8-1a0305a6ab65" custom="type {type:text;}">
<Coords points="605,399 1068,411 1086,539 1074,564 908,582 596,564 578,448 605,399"/>
            <TextLine id="_f04f21c8-83e3-400c-a59f-ec88d0768cdc" custom="type {type:default;}">
                <Coords points="1062,431 1036,431 1017,415 1016,415 1014,415 1013,415 871,416 870,416 868,416 856,427 839,415 837,415 836,415 834,415 833,415 831,415 820,424 811,416 811,415 810,415 808,415 807,415 805,415 779,425 768,416 768,415 767,415 765,415 764,415 596,421 596,534 594,545 1073,548 1076,538 1069,455 1062,431"/>
                <Baseline points="596,534 1076,538"/>
                <Word id="segment_0">
                    <Coords points="625,420 624,545 1041,548 1042,431"/>
                    <Glyph id="char_0">
                        <Coords points="625,420 624,545 624,545 625,420"/>
                        <TextEquiv conf="1.0"><Unicode>B</Unicode></TextEquiv>
                    </Glyph>
                    <Glyph id="char_1">
                        <Coords points="679,418 678,546 678,546 679,418"/>
                        <TextEquiv conf="1.0"><Unicode>I</Unicode></TextEquiv>
                    </Glyph>
                    <Glyph id="char_2">
                        <Coords points="706,417 705,546 705,546 706,417"/>
                        <TextEquiv conf="0.9996"><Unicode>R</Unicode></TextEquiv>
                    </Glyph>
                    <Glyph id="char_3">
                        <Coords points="761,415 760,546 760,546 761,415"/>
                        <TextEquiv conf="0.9993"><Unicode>L</Unicode></TextEquiv>
                    </Glyph>
                    <Glyph id="char_4">
                        <Coords points="806,415 805,546 805,546 806,415"/>
                        <TextEquiv conf="1.0"><Unicode>I</Unicode></TextEquiv>
                    </Glyph>
                    <Glyph id="char_5">
                        <Coords points="833,415 832,546 832,546 833,415"/>
                        <TextEquiv conf="1.0"><Unicode>O</Unicode></TextEquiv>
                    </Glyph>
                    <Glyph id="char_6">
                        <Coords points="897,416 896,547 896,547 897,416"/>
                        <TextEquiv conf="0.7043"><Unicode>T</Unicode></TextEquiv>
                    </Glyph>
                    <Glyph id="char_7">
                        <Coords points="942,416 941,547 941,547 942,416"/>
                        <TextEquiv conf="0.9965"><Unicode>H</Unicode></TextEquiv>
                    </Glyph>
                    <Glyph id="char_8">
                        <Coords points="997,415 996,548 996,548 997,415"/>
                        <TextEquiv conf="0.9981"><Unicode>E</Unicode></TextEquiv>
                    </Glyph>
                    <Glyph id="char_9">
                        <Coords points="1042,431 1041,548 1041,548 1042,431"/>
                        <TextEquiv conf="0.7701"><Unicode>K</Unicode></TextEquiv>
                    </Glyph>
                    <TextEquiv conf="0.9468"><Unicode>BIRLIOTHEK</Unicode></TextEquiv>
                </Word>
                <TextEquiv conf="0.9468"><Unicode>BIRLIOTHEK</Unicode></TextEquiv>
            </TextLine>
        </TextRegion>
        <TextRegion id="_5c1b68f5-3bcd-4cf7-9c94-290d09f78ad2" custom="type {type:text;}">
<Coords points="816,713 890,719 914,748 877,791 799,785 793,731 816,713"/>
            <TextLine id="_4d28fbab-7968-42b2-83ba-2271497cddcf" custom="type {type:default;}">
                <Coords points="802,754 800,767 885,770 888,757 888,727 802,724 802,754"/>
                <Baseline points="802,754 888,757"/>
                <Word id="segment_1">
                    <Coords points="821,725 820,768 867,769 868,726"/>
                    <Glyph id="char_10">
                        <Coords points="821,725 820,768 820,768 821,725"/>
                        <TextEquiv conf="1.0"><Unicode>D</Unicode></TextEquiv>
                    </Glyph>
                    <Glyph id="char_11">
                        <Coords points="847,726 846,769 846,769 847,726"/>
                        <TextEquiv conf="1.0"><Unicode>E</Unicode></TextEquiv>
                    </Glyph>
                    <Glyph id="char_12">
                        <Coords points="868,726 867,769 867,769 868,726"/>
                        <TextEquiv conf="1.0"><Unicode>S</Unicode></TextEquiv>
                    </Glyph>
                    <TextEquiv conf="1.0"><Unicode>DES</Unicode></TextEquiv>
                </Word>
                <TextEquiv conf="1.0"><Unicode>DES</Unicode></TextEquiv>
            </TextLine>
        </TextRegion>
        <TextRegion id="_9c141d0a-bbf2-4a49-bb3d-6381545a4c22" custom="type {type:text;}">
<Coords points="638,953 1412,959 1437,971 1437,1043 1418,1062 1082,1068 897,1117 871,1185 1037,1205 1043,1295 816,1351 639,1289 627,1229 664,1179 664,1137 613,1080 252,1092 245,971 264,959 638,953"/>
            <TextLine id="_3578a21b-228e-414f-98fb-1eeedf6da769" custom="type {type:default;}">
                <Coords points="256,1031 256,1043 1428,1042 1428,1031 1428,976 1408,968 1406,968 1405,968 1403,968 1385,976 1089,968 1088,968 897,976 880,968 879,968 877,968 831,976 810,968 808,968 807,968 805,968 777,976 753,968 751,968 750,968 748,968 747,968 734,976 716,968 714,968 713,968 711,968 690,977 513,977 327,968 325,968 256,976 256,1031"/>
                <Baseline points="256,1031 1428,1031"/>
                <Word id="segment_2">
                    <Coords points="276,974 276,1043 972,1042 972,973"/>
                    <Glyph id="char_13">
                        <Coords points="276,974 276,1043 276,1043 276,974"/>
                        <TextEquiv conf="1.0"><Unicode>L</Unicode></TextEquiv>
                    </Glyph>
                    <Glyph id="char_14">
                        <Coords points="332,968 332,1043 332,1043 332,968"/>
                        <TextEquiv conf="1.0"><Unicode>I</Unicode></TextEquiv>
                    </Glyph>
                    <Glyph id="char_15">
                        <Coords points="368,970 368,1043 378,1043 378,970"/>
                        <TextEquiv conf="1.0"><Unicode>T</Unicode></TextEquiv>
                    </Glyph>
                    <Glyph id="char_16">
                        <Coords points="429,973 429,1043 434,1043 434,973"/>
                        <TextEquiv conf="1.0"><Unicode>T</Unicode></TextEquiv>
                    </Glyph>
                    <Glyph id="char_17">
                        <Coords points="485,976 485,1043 485,1043 485,976"/>
                        <TextEquiv conf="1.0"><Unicode>E</Unicode></TextEquiv>
                    </Glyph>
                    <Glyph id="char_18">
                        <Coords points="540,977 540,1043 540,1043 540,977"/>
                        <TextEquiv conf="0.9954"><Unicode>R</Unicode></TextEquiv>
                    </Glyph>
                    <Glyph id="char_19">
                        <Coords points="596,977 596,1043 596,1043 596,977"/>
                        <TextEquiv conf="1.0"><Unicode>A</Unicode></TextEquiv>
                    </Glyph>
                    <Glyph id="char_20">
                        <Coords points="657,977 657,1043 657,1043 657,977"/>
                        <TextEquiv conf="1.0"><Unicode>R</Unicode></TextEquiv>
                    </Glyph>
                    <Glyph id="char_21">
                        <Coords points="713,968 713,1043 713,1043 713,968"/>
                        <TextEquiv conf="1.0"><Unicode>I</Unicode></TextEquiv>
                    </Glyph>
                    <Glyph id="char_22">
                        <Coords points="749,968 749,1043 749,1043 749,968"/>
                        <TextEquiv conf="1.0"><Unicode>S</Unicode></TextEquiv>
                    </Glyph>
                    <Glyph id="char_23">
                        <Coords points="804,968 804,1043 804,1043 804,968"/>
                        <TextEquiv conf="1.0"><Unicode>C</Unicode></TextEquiv>
                    </Glyph>
                    <Glyph id="char_24">
                        <Coords points="855,972 855,1042 855,1042 855,972"/>
                        <TextEquiv conf="1.0"><Unicode>H</Unicode></TextEquiv>
                    </Glyph>
                    <Glyph id="char_25">
                        <Coords points="921,975 921,1042 921,1042 921,975"/>
                        <TextEquiv conf="1.0"><Unicode>E</Unicode></TextEquiv>
                    </Glyph>
                    <Glyph id="char_26">
                        <Coords points="972,973 972,1042 972,1042 972,973"/>
                        <TextEquiv conf="1.0"><Unicode>N</Unicode></TextEquiv>
                    </Glyph>
                    <TextEquiv conf="0.9997"><Unicode>LITTERARISCHEN</Unicode></TextEquiv>
                </Word>
                <Word id="segment_3">
                    <Coords points="1048,970 1048,1042 1053,1042 1053,969"/>
                    <Glyph id="char_27">
                        <Coords points="1048,970 1048,1042 1053,1042 1053,969"/>
                        <TextEquiv conf="1.0"><Unicode> </Unicode></TextEquiv>
                    </Glyph>
                    <TextEquiv conf="1.0"><Unicode> </Unicode></TextEquiv>
                </Word>
                <Word id="segment_4">
                    <Coords points="1074,969 1074,1042 1399,1042 1399,970"/>
                    <Glyph id="char_28">
                        <Coords points="1074,969 1074,1042 1074,1042 1074,969"/>
                        <TextEquiv conf="1.0"><Unicode>V</Unicode></TextEquiv>
                    </Glyph>
                    <Glyph id="char_29">
                        <Coords points="1129,969 1129,1042 1129,1042 1129,969"/>
                        <TextEquiv conf="0.9995"><Unicode>E</Unicode></TextEquiv>
                    </Glyph>
                    <Glyph id="char_30">
                        <Coords points="1185,971 1185,1042 1185,1042 1185,971"/>
                        <TextEquiv conf="1.0"><Unicode>R</Unicode></TextEquiv>
                    </Glyph>
                    <Glyph id="char_31">
                        <Coords points="1246,972 1246,1042 1246,1042 1246,972"/>
                        <TextEquiv conf="1.0"><Unicode>E</Unicode></TextEquiv>
                    </Glyph>
                    <Glyph id="char_32">
                        <Coords points="1302,974 1302,1042 1302,1042 1302,974"/>
                        <TextEquiv conf="0.9999"><Unicode>I</Unicode></TextEquiv>
                    </Glyph>
                    <Glyph id="char_33">
                        <Coords points="1343,975 1343,1042 1343,1042 1343,975"/>
                        <TextEquiv conf="1.0"><Unicode>N</Unicode></TextEquiv>
                    </Glyph>
                    <Glyph id="char_34">
                        <Coords points="1399,970 1399,1042 1399,1042 1399,970"/>
                        <TextEquiv conf="0.9999"><Unicode>S</Unicode></TextEquiv>
                    </Glyph>
                    <TextEquiv conf="0.9999"><Unicode>VEREINS</Unicode></TextEquiv>
                </Word>
                <TextEquiv conf="0.9998"><Unicode>LITTERARISCHEN VEREINS</Unicode></TextEquiv>
            </TextLine>

            <TextLine id="_29ffc126-a5ee-4d71-aaaf-b3d8c147173e" custom="type {type:default;}">
                <Coords points="645,1263 644,1275 1040,1278 1043,1266 1042,1229 970,1219 968,1219 966,1219 945,1228 840,1220 839,1220 645,1225 645,1263"/>
                <Baseline points="645,1263 1043,1266"/>
                <Word id="segment_5">
                    <Coords points="665,1224 665,1275 681,1275 681,1224"/>
                    <Glyph id="char_35">
                        <Coords points="665,1224 665,1275 665,1275 665,1224"/>
                        <TextEquiv conf="1.0"><Unicode>I</Unicode></TextEquiv>
                    </Glyph>
                    <Glyph id="char_36">
                        <Coords points="681,1224 681,1275 681,1275 681,1224"/>
                        <TextEquiv conf="1.0"><Unicode>N</Unicode></TextEquiv>
                    </Glyph>
                    <TextEquiv conf="1.0"><Unicode>IN</Unicode></TextEquiv>
                </Word>
                <Word id="segment_6">
                    <Coords points="724,1223 724,1276 728,1276 728,1223"/>
                    <Glyph id="char_37">
                        <Coords points="724,1223 724,1276 728,1276 728,1223"/>
                        <TextEquiv conf="1.0"><Unicode> </Unicode></TextEquiv>
                    </Glyph>
                    <TextEquiv conf="1.0"><Unicode> </Unicode></TextEquiv>
                </Word>
                <Word id="segment_7">
                    <Coords points="740,1223 740,1276 1043,1266 1043,1266"/>
                    <Glyph id="char_38">
                        <Coords points="740,1223 740,1276 740,1276 740,1223"/>
                        <TextEquiv conf="1.0"><Unicode>S</Unicode></TextEquiv>
                    </Glyph>
                    <Glyph id="char_39">
                        <Coords points="767,1222 767,1276 767,1276 767,1222"/>
                        <TextEquiv conf="0.9999"><Unicode>T</Unicode></TextEquiv>
                    </Glyph>
                    <Glyph id="char_40">
                        <Coords points="803,1221 803,1276 803,1276 803,1221"/>
                        <TextEquiv conf="1.0"><Unicode>U</Unicode></TextEquiv>
                    </Glyph>
                    <Glyph id="char_41">
                        <Coords points="835,1220 835,1276 835,1276 835,1220"/>
                        <TextEquiv conf="1.0"><Unicode>T</Unicode></TextEquiv>
                    </Glyph>
                    <Glyph id="char_42">
                        <Coords points="870,1222 870,1277 874,1277 874,1223"/>
                        <TextEquiv conf="1.0"><Unicode>T</Unicode></TextEquiv>
                    </Glyph>
                    <Glyph id="char_43">
                        <Coords points="898,1224 898,1277 898,1277 898,1224"/>
                        <TextEquiv conf="1.0"><Unicode>G</Unicode></TextEquiv>
                    </Glyph>
                    <Glyph id="char_44">
                        <Coords points="933,1227 933,1277 933,1277 933,1227"/>
                        <TextEquiv conf="1.0"><Unicode>A</Unicode></TextEquiv>
                    </Glyph>
                    <Glyph id="char_45">
                        <Coords points="969,1219 969,1277 969,1277 969,1219"/>
                        <TextEquiv conf="1.0"><Unicode>R</Unicode></TextEquiv>
                    </Glyph>
                    <Glyph id="char_46">
                        <Coords points="997,1223 997,1278 1004,1278 1004,1224"/>
                        <TextEquiv conf="0.9991"><Unicode>T</Unicode></TextEquiv>
                    </Glyph>
                    <Glyph id="char_47">
                        <Coords points="1043,1266 1043,1266 1043,1266 1043,1266"/>
                        <TextEquiv conf="0.9914"><Unicode>.</Unicode></TextEquiv>
                    </Glyph>
                    <TextEquiv conf="0.999"><Unicode>STUTTGART.</Unicode></TextEquiv>
                </Word>
                <TextEquiv conf="0.9993"><Unicode>IN STUTTGART.</Unicode></TextEquiv>
            </TextLine>
        </TextRegion>
        <TextRegion id="_4314b168-9bb8-4d9f-9ecd-2d9a237b9852" custom="type {type:text;}">
<Coords points="730,1420 976,1444 994,1517 701,1529 688,1457 730,1420"/>
            <TextLine id="_f63ec6bb-ca2a-49e8-aaf9-1f03285e4b9d" custom="type {type:default;}">
                <Coords points="980,1472 970,1454 960,1449 959,1449 957,1449 876,1455 776,1448 774,1448 704,1457 704,1504 704,1517 986,1517 986,1504 983,1488 980,1472"/>
                <Baseline points="704,1504 986,1504"/>
                <Word id="segment_8">
                    <Coords points="723,1455 723,1517 986,1517 986,1504"/>
                    <Glyph id="char_48">
                        <Coords points="723,1455 723,1517 723,1517 723,1455"/>
                        <TextEquiv conf="1.0"><Unicode>C</Unicode></TextEquiv>
                    </Glyph>
                    <Glyph id="char_49">
                        <Coords points="765,1449 765,1517 765,1517 765,1449"/>
                        <TextEquiv conf="1.0"><Unicode>C</Unicode></TextEquiv>
                    </Glyph>
                    <Glyph id="char_50">
                        <Coords points="813,1451 813,1517 813,1517 813,1451"/>
                        <TextEquiv conf="1.0"><Unicode>X</Unicode></TextEquiv>
                    </Glyph>
                    <Glyph id="char_51">
                        <Coords points="860,1454 860,1517 860,1517 860,1454"/>
                        <TextEquiv conf="1.0"><Unicode>L</Unicode></TextEquiv>
                    </Glyph>
                    <Glyph id="char_52">
                        <Coords points="902,1453 902,1517 902,1517 902,1453"/>
                        <TextEquiv conf="0.9999"><Unicode>I</Unicode></TextEquiv>
                    </Glyph>
                    <Glyph id="char_53">
                        <Coords points="930,1451 930,1517 930,1517 930,1451"/>
                        <TextEquiv conf="1.0"><Unicode>I</Unicode></TextEquiv>
                    </Glyph>
                    <Glyph id="char_54">
                        <Coords points="959,1449 959,1517 959,1517 959,1449"/>
                        <TextEquiv conf="0.999"><Unicode>I</Unicode></TextEquiv>
                    </Glyph>
                    <Glyph id="char_55">
                        <Coords points="986,1504 986,1517 986,1517 986,1504"/>
                        <TextEquiv conf="0.9966"><Unicode>.</Unicode></TextEquiv>
                    </Glyph>
                    <TextEquiv conf="0.9994"><Unicode>CCXLIII.</Unicode></TextEquiv>
                </Word>
                <TextEquiv conf="0.9994"><Unicode>CCXLIII.</Unicode></TextEquiv>
            </TextLine>
        </TextRegion>
        <TextRegion id="_0e7d1dc3-821e-48b3-b8bc-d97d0d31e95c" custom="type {type:text;}">
<Coords points="741,2096 988,2102 1000,2156 908,2181 707,2181 688,2115 741,2096"/>
            <TextLine id="_9f4425e6-a429-4619-9308-621198304ad2" custom="type {type:default;}">
                <Coords points="990,2121 982,2110 701,2109 697,2110 697,2144 696,2153 991,2156 994,2147 991,2132 990,2121"/>
                <Baseline points="697,2144 994,2147"/>
                <Word id="segment_9">
                    <Coords points="713,2109 713,2153 994,2147 994,2147"/>
                    <Glyph id="char_56">
                        <Coords points="713,2109 713,2153 716,2153 716,2109"/>
                        <TextEquiv conf="1.0"><Unicode>T</Unicode></TextEquiv>
                    </Glyph>
                    <Glyph id="char_57">
                        <Coords points="750,2109 750,2154 750,2154 750,2109"/>
                        <TextEquiv conf="1.0"><Unicode>U</Unicode></TextEquiv>
                    </Glyph>
                    <Glyph id="char_58">
                        <Coords points="788,2109 788,2154 788,2154 788,2109"/>
                        <TextEquiv conf="1.0"><Unicode>B</Unicode></TextEquiv>
                    </Glyph>
                    <Glyph id="char_59">
                        <Coords points="822,2109 822,2154 822,2154 822,2109"/>
                        <TextEquiv conf="1.0"><Unicode>I</Unicode></TextEquiv>
                    </Glyph>
                    <Glyph id="char_60">
                        <Coords points="848,2110 848,2155 848,2155 848,2110"/>
                        <TextEquiv conf="1.0"><Unicode>N</Unicode></TextEquiv>
                    </Glyph>
                    <Glyph id="char_61">
                        <Coords points="885,2110 885,2155 885,2155 885,2110"/>
                        <TextEquiv conf="1.0"><Unicode>G</Unicode></TextEquiv>
                    </Glyph>
                    <Glyph id="char_62">
                        <Coords points="923,2110 923,2155 923,2155 923,2110"/>
                        <TextEquiv conf="1.0"><Unicode>E</Unicode></TextEquiv>
                    </Glyph>
                    <Glyph id="char_63">
                        <Coords points="957,2110 957,2156 957,2156 957,2110"/>
                        <TextEquiv conf="1.0"><Unicode>N</Unicode></TextEquiv>
                    </Glyph>
                    <Glyph id="char_64">
                        <Coords points="994,2147 994,2147 994,2147 994,2147"/>
                        <TextEquiv conf="0.7278"><Unicode>.</Unicode></TextEquiv>
                    </Glyph>
                    <TextEquiv conf="0.9698"><Unicode>TUBINGEN.</Unicode></TextEquiv>
                </Word>
                <TextEquiv conf="0.9698"><Unicode>TUBINGEN.</Unicode></TextEquiv>
            </TextLine>
        </TextRegion>
        <TextRegion id="_f9dc1221-03ed-4b86-8b7b-9729fdbf48fd" custom="type {type:text;}">
<Coords points="853,2189 1302,2201 1308,2224 959,2242 908,2310 877,2316 780,2304 787,2244 767,2236 381,2224 387,2201 853,2189"/>
            <TextLine id="_39fa472c-4fc9-424d-8b3a-e25a66e51ef6" custom="type {type:default;}">
                <Coords points="1292,2199 1277,2199 1262,2199 1246,2199 1231,2198 1216,2198 1200,2198 1185,2196 1169,2196 1154,2196 1139,2196 1123,2195 1108,2195 1093,2195 1077,2195 1068,2193 559,2195 554,2196 539,2196 524,2196 508,2196 493,2198 478,2198 462,2198 447,2198 431,2199 416,2199 401,2199 385,2199 387,2219 387,2235 1300,2232 1302,2216 1299,2208 1292,2199"/>
                <Baseline points="387,2219 1302,2216"/>
                <Word id="segment_10">
                    <Coords points="401,2199 401,2235 549,2234 549,2196"/>
                    <Glyph id="char_65">
                        <Coords points="401,2199 401,2235 401,2235 401,2199"/>
                        <TextEquiv conf="1.0"><Unicode>G</Unicode></TextEquiv>
                    </Glyph>
                    <Glyph id="char_66">
                        <Coords points="423,2199 423,2235 423,2235 423,2199"/>
                        <TextEquiv conf="1.0"><Unicode>E</Unicode></TextEquiv>
                    </Glyph>
                    <Glyph id="char_67">
                        <Coords points="444,2198 444,2235 444,2235 444,2198"/>
                        <TextEquiv conf="1.0"><Unicode>D</Unicode></TextEquiv>
                    </Glyph>
                    <Glyph id="char_68">
                        <Coords points="466,2198 466,2235 466,2235 466,2198"/>
                        <TextEquiv conf="1.0"><Unicode>R</Unicode></TextEquiv>
                    </Glyph>
                    <Glyph id="char_69">
                        <Coords points="486,2198 486,2235 486,2235 486,2198"/>
                        <TextEquiv conf="1.0"><Unicode>U</Unicode></TextEquiv>
                    </Glyph>
                    <Glyph id="char_70">
                        <Coords points="507,2196 507,2235 507,2235 507,2196"/>
                        <TextEquiv conf="1.0"><Unicode>C</Unicode></TextEquiv>
                    </Glyph>
                    <Glyph id="char_71">
                        <Coords points="524,2196 524,2235 524,2235 524,2196"/>
                        <TextEquiv conf="1.0"><Unicode>K</Unicode></TextEquiv>
                    </Glyph>
                    <Glyph id="char_72">
                        <Coords points="546,2196 546,2234 549,2234 549,2196"/>
                        <TextEquiv conf="1.0"><Unicode>T</Unicode></TextEquiv>
                    </Glyph>
                    <TextEquiv conf="1.0"><Unicode>GEDRUCKT</Unicode></TextEquiv>
                </Word>
                <Word id="segment_11">
                    <Coords points="573,2195 573,2234 576,2234 576,2195"/>
                    <Glyph id="char_73">
                        <Coords points="573,2195 573,2234 576,2234 576,2195"/>
                        <TextEquiv conf="1.0"><Unicode> </Unicode></TextEquiv>
                    </Glyph>
                    <TextEquiv conf="1.0"><Unicode> </Unicode></TextEquiv>
                </Word>
                <Word id="segment_12">
                    <Coords points="584,2195 584,2234 631,2234 631,2195"/>
                    <Glyph id="char_74">
                        <Coords points="584,2195 584,2234 584,2234 584,2195"/>
                        <TextEquiv conf="0.9998"><Unicode>A</Unicode></TextEquiv>
                    </Glyph>
                    <Glyph id="char_75">
                        <Coords points="606,2195 606,2234 606,2234 606,2195"/>
                        <TextEquiv conf="1.0"><Unicode>U</Unicode></TextEquiv>
                    </Glyph>
                    <Glyph id="char_76">
                        <Coords points="631,2195 631,2234 631,2234 631,2195"/>
                        <TextEquiv conf="1.0"><Unicode>F</Unicode></TextEquiv>
                    </Glyph>
                    <TextEquiv conf="0.9999"><Unicode>AUF</Unicode></TextEquiv>
                </Word>
                <Word id="segment_13">
                    <Coords points="653,2195 653,2234 655,2234 655,2195"/>
                    <Glyph id="char_77">
                        <Coords points="653,2195 653,2234 655,2234 655,2195"/>
                        <TextEquiv conf="1.0"><Unicode> </Unicode></TextEquiv>
                    </Glyph>
                    <TextEquiv conf="1.0"><Unicode> </Unicode></TextEquiv>
                </Word>
                <Word id="segment_14">
                    <Coords points="663,2195 663,2234 765,2234 765,2194"/>
                    <Glyph id="char_78">
                        <Coords points="663,2195 663,2234 663,2234 663,2195"/>
                        <TextEquiv conf="1.0"><Unicode>K</Unicode></TextEquiv>
                    </Glyph>
                    <Glyph id="char_79">
                        <Coords points="688,2194 688,2234 688,2234 688,2194"/>
                        <TextEquiv conf="0.9999"><Unicode>O</Unicode></TextEquiv>
                    </Glyph>
                    <Glyph id="char_80">
                        <Coords points="707,2194 707,2234 707,2234 707,2194"/>
                        <TextEquiv conf="0.9998"><Unicode>S</Unicode></TextEquiv>
                    </Glyph>
                    <Glyph id="char_81">
                        <Coords points="726,2194 726,2234 726,2234 726,2194"/>
                        <TextEquiv conf="0.9998"><Unicode>T</Unicode></TextEquiv>
                    </Glyph>
                    <Glyph id="char_82">
                        <Coords points="746,2194 746,2234 746,2234 746,2194"/>
                        <TextEquiv conf="1.0"><Unicode>E</Unicode></TextEquiv>
                    </Glyph>
                    <Glyph id="char_83">
                        <Coords points="765,2194 765,2234 765,2234 765,2194"/>
                        <TextEquiv conf="1.0"><Unicode>N</Unicode></TextEquiv>
                    </Glyph>
                    <TextEquiv conf="0.9999"><Unicode>KOSTEN</Unicode></TextEquiv>
                </Word>
                <Word id="segment_15">
                    <Coords points="789,2194 789,2234 792,2234 792,2194"/>
                    <Glyph id="char_84">
                        <Coords points="789,2194 789,2234 792,2234 792,2194"/>
                        <TextEquiv conf="0.9994"><Unicode> </Unicode></TextEquiv>
                    </Glyph>
                    <TextEquiv conf="0.9994"><Unicode> </Unicode></TextEquiv>
                </Word>
                <Word id="segment_16">
                    <Coords points="803,2194 803,2234 844,2233 844,2194"/>
                    <Glyph id="char_85">
                        <Coords points="803,2194 803,2234 803,2234 803,2194"/>
                        <TextEquiv conf="1.0"><Unicode>D</Unicode></TextEquiv>
                    </Glyph>
                    <Glyph id="char_86">
                        <Coords points="825,2194 825,2234 825,2234 825,2194"/>
                        <TextEquiv conf="0.6419"><Unicode>E</Unicode></TextEquiv>
                    </Glyph>
                    <Glyph id="char_87">
                        <Coords points="844,2194 844,2233 844,2233 844,2194"/>
                        <TextEquiv conf="1.0"><Unicode>S</Unicode></TextEquiv>
                    </Glyph>
                    <TextEquiv conf="0.8806"><Unicode>DES</Unicode></TextEquiv>
                </Word>
                <Word id="segment_17">
                    <Coords points="866,2194 866,2233 869,2233 869,2194"/>
                    <Glyph id="char_88">
                        <Coords points="866,2194 866,2233 869,2233 869,2194"/>
                        <TextEquiv conf="1.0"><Unicode> </Unicode></TextEquiv>
                    </Glyph>
                    <TextEquiv conf="1.0"><Unicode> </Unicode></TextEquiv>
                </Word>
                <Word id="segment_18">
                    <Coords points="880,2194 880,2233 1126,2233 1126,2195"/>
                    <Glyph id="char_89">
                        <Coords points="880,2194 880,2233 880,2233 880,2194"/>
                        <TextEquiv conf="1.0"><Unicode>L</Unicode></TextEquiv>
                    </Glyph>
                    <Glyph id="char_90">
                        <Coords points="899,2194 899,2233 899,2233 899,2194"/>
                        <TextEquiv conf="1.0"><Unicode>I</Unicode></TextEquiv>
                    </Glyph>
                    <Glyph id="char_91">
                        <Coords points="910,2194 910,2233 910,2233 910,2194"/>
                        <TextEquiv conf="1.0"><Unicode>T</Unicode></TextEquiv>
                    </Glyph>
                    <Glyph id="char_92">
                        <Coords points="932,2194 932,2233 934,2233 934,2194"/>
                        <TextEquiv conf="1.0"><Unicode>T</Unicode></TextEquiv>
                    </Glyph>
                    <Glyph id="char_93">
                        <Coords points="951,2193 951,2233 951,2233 951,2193"/>
                        <TextEquiv conf="1.0"><Unicode>E</Unicode></TextEquiv>
                    </Glyph>
                    <Glyph id="char_94">
                        <Coords points="970,2193 970,2233 970,2233 970,2193"/>
                        <TextEquiv conf="1.0"><Unicode>R</Unicode></TextEquiv>
                    </Glyph>
                    <Glyph id="char_95">
                        <Coords points="992,2193 992,2233 992,2233 992,2193"/>
                        <TextEquiv conf="1.0"><Unicode>A</Unicode></TextEquiv>
                    </Glyph>
                    <Glyph id="char_96">
                        <Coords points="1014,2193 1014,2233 1014,2233 1014,2193"/>
                        <TextEquiv conf="1.0"><Unicode>R</Unicode></TextEquiv>
                    </Glyph>
                    <Glyph id="char_97">
                        <Coords points="1033,2193 1033,2233 1033,2233 1033,2193"/>
                        <TextEquiv conf="1.0"><Unicode>I</Unicode></TextEquiv>
                    </Glyph>
                    <Glyph id="char_98">
                        <Coords points="1044,2193 1044,2233 1044,2233 1044,2193"/>
                        <TextEquiv conf="1.0"><Unicode>S</Unicode></TextEquiv>
                    </Glyph>
                    <Glyph id="char_99">
                        <Coords points="1063,2193 1063,2233 1063,2233 1063,2193"/>
                        <TextEquiv conf="1.0"><Unicode>O</Unicode></TextEquiv>
                    </Glyph>
                    <Glyph id="char_100">
                        <Coords points="1082,2195 1082,2233 1082,2233 1082,2195"/>
                        <TextEquiv conf="1.0"><Unicode>H</Unicode></TextEquiv>
                    </Glyph>
                    <Glyph id="char_101">
                        <Coords points="1107,2195 1107,2233 1107,2233 1107,2195"/>
                        <TextEquiv conf="1.0"><Unicode>E</Unicode></TextEquiv>
                    </Glyph>
                    <Glyph id="char_102">
                        <Coords points="1126,2195 1126,2233 1126,2233 1126,2195"/>
                        <TextEquiv conf="1.0"><Unicode>N</Unicode></TextEquiv>
                    </Glyph>
                    <TextEquiv conf="1.0"><Unicode>LITTERARISOHEN</Unicode></TextEquiv>
                </Word>
                <Word id="segment_19">
                    <Coords points="1153,2196 1153,2232 1159,2232 1159,2196"/>
                    <Glyph id="char_103">
                        <Coords points="1153,2196 1153,2232 1159,2232 1159,2196"/>
                        <TextEquiv conf="1.0"><Unicode> </Unicode></TextEquiv>
                    </Glyph>
                    <TextEquiv conf="1.0"><Unicode> </Unicode></TextEquiv>
                </Word>
                <Word id="segment_20">
                    <Coords points="1167,2196 1167,2232 1302,2216 1302,2216"/>
                    <Glyph id="char_104">
                        <Coords points="1167,2196 1167,2232 1167,2232 1167,2196"/>
                        <TextEquiv conf="0.9828"><Unicode>V</Unicode></TextEquiv>
                    </Glyph>
                    <Glyph id="char_105">
                        <Coords points="1189,2197 1189,2232 1189,2232 1189,2197"/>
                        <TextEquiv conf="0.9991"><Unicode>E</Unicode></TextEquiv>
                    </Glyph>
                    <Glyph id="char_106">
                        <Coords points="1208,2198 1208,2232 1208,2232 1208,2198"/>
                        <TextEquiv conf="0.9999"><Unicode>R</Unicode></TextEquiv>
                    </Glyph>
                    <Glyph id="char_107">
                        <Coords points="1230,2198 1230,2232 1230,2232 1230,2198"/>
                        <TextEquiv conf="1.0"><Unicode>E</Unicode></TextEquiv>
                    </Glyph>
                    <Glyph id="char_108">
                        <Coords points="1249,2199 1249,2232 1249,2232 1249,2199"/>
                        <TextEquiv conf="1.0"><Unicode>I</Unicode></TextEquiv>
                    </Glyph>
                    <Glyph id="char_109">
                        <Coords points="1263,2199 1263,2232 1263,2232 1263,2199"/>
                        <TextEquiv conf="0.9991"><Unicode>N</Unicode></TextEquiv>
                    </Glyph>
                    <Glyph id="char_110">
                        <Coords points="1282,2199 1282,2232 1282,2232 1282,2199"/>
                        <TextEquiv conf="0.999"><Unicode>s</Unicode></TextEquiv>
                    </Glyph>
                    <Glyph id="char_111">
                        <Coords points="1302,2216 1302,2216 1302,2216 1302,2216"/>
                        <TextEquiv conf="0.6127"><Unicode>.</Unicode></TextEquiv>
                    </Glyph>
                    <TextEquiv conf="0.9491"><Unicode>VEREINs.</Unicode></TextEquiv>
                </Word>
                <TextEquiv conf="0.9837"><Unicode>GEDRUCKT AUF KOSTEN DES LITTERARISOHEN VEREINs.</Unicode></TextEquiv>
            </TextLine>

            <TextLine id="_43e06439-5d1f-451d-bfb9-de8889b236c8" custom="type {type:default;}">
                <Coords points="797,2295 797,2305 905,2304 905,2291 902,2261 857,2253 856,2253 796,2262 797,2295"/>
                <Baseline points="797,2295 905,2291"/>
                <Word id="segment_21">
                    <Coords points="814,2259 815,2305 905,2293 905,2290"/>
                    <Glyph id="char_112">
                        <Coords points="814,2259 815,2305 815,2305 814,2259"/>
                        <TextEquiv conf="1.0"><Unicode>1</Unicode></TextEquiv>
                    </Glyph>
                    <Glyph id="char_113">
                        <Coords points="832,2257 833,2305 833,2305 832,2257"/>
                        <TextEquiv conf="1.0"><Unicode>9</Unicode></TextEquiv>
                    </Glyph>
                    <Glyph id="char_114">
                        <Coords points="853,2253 855,2304 855,2304 853,2253"/>
                        <TextEquiv conf="1.0"><Unicode>0</Unicode></TextEquiv>
                    </Glyph>
                    <Glyph id="char_115">
                        <Coords points="879,2257 880,2304 880,2304 879,2257"/>
                        <TextEquiv conf="1.0"><Unicode>7</Unicode></TextEquiv>
                    </Glyph>
                    <Glyph id="char_116">
                        <Coords points="905,2290 905,2293 905,2293 905,2290"/>
                        <TextEquiv conf="0.9999"><Unicode>.</Unicode></TextEquiv>
                    </Glyph>
                    <TextEquiv conf="1.0"><Unicode>1907.</Unicode></TextEquiv>
                </Word>
                <TextEquiv conf="1.0"><Unicode>1907.</Unicode></TextEquiv>
            </TextLine>
        </TextRegion>
    </Page>
</PcGts>