<?xml version="1.0" encoding="UTF-8"?>
<PcGts xmlns="http://schema.primaresearch.org/PAGE/gts/pagecontent/2019-07-15" xmlns:xsi="http://www.w3.org/2001/XMLSchema-instance" xsi:schemaLocation="http://schema.primaresearch.org/PAGE/gts/pagecontent/2019-07-15 http://schema.primaresearch.org/PAGE/gts/pagecontent/2019-07-15/pagecontent.xsd">
    <Metadata>
        <Creator>kraken 6.0.3</Creator>
        <Created>2026-01-20T00:46:27.515218+00:00</Created>
        <LastChange>2026-01-20T00:46:27.515218+00:00</LastChange>
    </Metadata>
    <Page imageFilename="/tmp/tmp1gc4rr4x.png" imageWidth="1708" imageHeight="2767">
        <TextRegion id="_52cd498e-e436-4d5b-b1e6-8684cc223004" custom="type {type:text;}">
<Coords points="272,184 459,184 551,207 521,225 227,219 221,196 272,184"/>
            <TextLine id="_bb54f7c5-9956-4fc5-ba1c-5c994e217366" custom="type {type:default;}">
                <Coords points="504,195 488,192 476,187 256,186 242,190 227,193 227,213 225,218 521,221 524,216 518,198 504,195"/>
                <Baseline points="227,213 524,216"/>
                <Word id="segment_0">
                    <Coords points="246,189 246,218 503,221 503,195"/>
                    <Glyph id="char_0">
                        <Coords points="246,189 246,218 246,218 246,189"/>
                        <TextEquiv conf="1.0"><Unicode>A</Unicode></TextEquiv>
                    </Glyph>
                    <Glyph id="char_1">
                        <Coords points="260,186 260,218 260,218 260,186"/>
                        <TextEquiv conf="0.9316"><Unicode>i</Unicode></TextEquiv>
                    </Glyph>
                    <Glyph id="char_2">
                        <Coords points="278,186 278,219 278,219 278,186"/>
                        <TextEquiv conf="0.979"><Unicode>n</Unicode></TextEquiv>
                    </Glyph>
                    <Glyph id="char_3">
                        <Coords points="297,186 297,219 297,219 297,186"/>
                        <TextEquiv conf="0.9944"><Unicode>e</Unicode></TextEquiv>
                    </Glyph>
                    <Glyph id="char_4">
                        <Coords points="306,186 306,219 306,219 306,186"/>
                        <TextEquiv conf="0.9252"><Unicode>r</Unicode></TextEquiv>
                    </Glyph>
                    <Glyph id="char_5">
                        <Coords points="313,186 313,219 313,219 313,186"/>
                        <TextEquiv conf="0.611"><Unicode>s</Unicode></TextEquiv>
                    </Glyph>
                    <Glyph id="char_6">
                        <Coords points="332,186 332,219 332,219 332,186"/>
                        <TextEquiv conf="0.9645"><Unicode>L</Unicode></TextEquiv>
                    </Glyph>
                    <Glyph id="char_7">
                        <Coords points="341,186 341,219 341,219 341,186"/>
                        <TextEquiv conf="0.7824"><Unicode>i</Unicode></TextEquiv>
                    </Glyph>
                    <Glyph id="char_8">
                        <Coords points="348,186 348,219 348,219 348,186"/>
                        <TextEquiv conf="0.9983"><Unicode>s</Unicode></TextEquiv>
                    </Glyph>
                    <Glyph id="char_9">
                        <Coords points="358,186 358,219 358,219 358,186"/>
                        <TextEquiv conf="1.0"><Unicode>b</Unicode></TextEquiv>
                    </Glyph>
                    <Glyph id="char_10">
                        <Coords points="374,187 374,220 374,220 374,187"/>
                        <TextEquiv conf="1.0"><Unicode>a</Unicode></TextEquiv>
                    </Glyph>
                    <Glyph id="char_11">
                        <Coords points="386,187 386,220 386,220 386,187"/>
                        <TextEquiv conf="0.9974"><Unicode>r</Unicode></TextEquiv>
                    </Glyph>
                    <Glyph id="char_12">
                        <Coords points="402,187 402,220 402,220 402,187"/>
                        <TextEquiv conf="0.9957"><Unicode>ſ</Unicode></TextEquiv>
                    </Glyph>
                    <Glyph id="char_13">
                        <Coords points="409,187 409,220 409,220 409,187"/>
                        <TextEquiv conf="0.9976"><Unicode>i</Unicode></TextEquiv>
                    </Glyph>
                    <Glyph id="char_14">
                        <Coords points="430,187 430,220 430,220 430,187"/>
                        <TextEquiv conf="0.9997"><Unicode>l</Unicode></TextEquiv>
                    </Glyph>
                    <Glyph id="char_15">
                        <Coords points="442,187 442,220 442,220 442,187"/>
                        <TextEquiv conf="0.9966"><Unicode>n</Unicode></TextEquiv>
                    </Glyph>
                    <Glyph id="char_16">
                        <Coords points="458,187 458,220 458,220 458,187"/>
                        <TextEquiv conf="0.9999"><Unicode>e</Unicode></TextEquiv>
                    </Glyph>
                    <Glyph id="char_17">
                        <Coords points="468,187 468,220 468,220 468,187"/>
                        <TextEquiv conf="0.9916"><Unicode>n</Unicode></TextEquiv>
                    </Glyph>
                    <Glyph id="char_18">
                        <Coords points="479,188 479,221 479,221 479,188"/>
                        <TextEquiv conf="0.9998"><Unicode>s</Unicode></TextEquiv>
                    </Glyph>
                    <Glyph id="char_19">
                        <Coords points="491,193 491,221 491,221 491,193"/>
                        <TextEquiv conf="0.2229"><Unicode>e</Unicode></TextEquiv>
                    </Glyph>
                    <Glyph id="char_20">
                        <Coords points="503,195 503,221 503,221 503,195"/>
                        <TextEquiv conf="0.3427"><Unicode>r</Unicode></TextEquiv>
                    </Glyph>
                    <TextEquiv conf="0.8919"><Unicode>AinersLisbarſilnenser</Unicode></TextEquiv>
                </Word>
                <TextEquiv conf="0.8919"><Unicode>AinersLisbarſilnenser</Unicode></TextEquiv>
            </TextLine>
        </TextRegion>
        <TextRegion id="_4524200d-ef5c-42de-bb11-2a202f543f4b" custom="type {type:text;}">
<Coords points="598,282 644,282 656,342 631,367 129,367 104,330 141,295 598,282"/>
            <TextLine id="_2e274fea-6fb0-4b39-80dd-ef2697e110b2" custom="type {type:default;}">
                <Coords points="245,312 244,325 468,325 470,313 468,293 245,292 245,312"/>
                <Baseline points="245,312 470,313"/>
                <Word id="segment_1">
                    <Coords points="259,292 259,325 295,325 295,292"/>
                    <Glyph id="char_21">
                        <Coords points="259,292 259,325 259,325 259,292"/>
                        <TextEquiv conf="1.0"><Unicode>H</Unicode></TextEquiv>
                    </Glyph>
                    <Glyph id="char_22">
                        <Coords points="279,292 279,325 279,325 279,292"/>
                        <TextEquiv conf="0.9999"><Unicode>k</Unicode></TextEquiv>
                    </Glyph>
                    <Glyph id="char_23">
                        <Coords points="295,292 295,325 295,325 295,292"/>
                        <TextEquiv conf="0.9981"><Unicode>k</Unicode></TextEquiv>
                    </Glyph>
                    <TextEquiv conf="0.9993"><Unicode>Hkk</Unicode></TextEquiv>
                </Word>
                <Word id="segment_2">
                    <Coords points="318,292 318,325 318,325 318,292"/>
                    <Glyph id="char_24">
                        <Coords points="318,292 318,325 318,325 318,292"/>
                        <TextEquiv conf="1.0"><Unicode> </Unicode></TextEquiv>
                    </Glyph>
                    <TextEquiv conf="1.0"><Unicode> </Unicode></TextEquiv>
                </Word>
                <Word id="segment_3">
                    <Coords points="325,292 325,325 412,325 412,293"/>
                    <Glyph id="char_25">
                        <Coords points="325,292 325,325 325,325 325,292"/>
                        <TextEquiv conf="0.9994"><Unicode>m</Unicode></TextEquiv>
                    </Glyph>
                    <Glyph id="char_26">
                        <Coords points="345,292 345,325 345,325 345,292"/>
                        <TextEquiv conf="1.0"><Unicode>a</Unicode></TextEquiv>
                    </Glyph>
                    <Glyph id="char_27">
                        <Coords points="359,293 359,325 359,325 359,293"/>
                        <TextEquiv conf="0.9991"><Unicode>h</Unicode></TextEquiv>
                    </Glyph>
                    <Glyph id="char_28">
                        <Coords points="389,293 389,325 389,325 389,293"/>
                        <TextEquiv conf="0.9988"><Unicode>u</Unicode></TextEquiv>
                    </Glyph>
                    <Glyph id="char_29">
                        <Coords points="412,293 412,325 412,325 412,293"/>
                        <TextEquiv conf="0.8625"><Unicode>k</Unicode></TextEquiv>
                    </Glyph>
                    <TextEquiv conf="0.972"><Unicode>mahuk</Unicode></TextEquiv>
                </Word>
                <Word id="segment_4">
                    <Coords points="421,293 421,325 423,325 423,293"/>
                    <Glyph id="char_30">
                        <Coords points="421,293 421,325 423,325 423,293"/>
                        <TextEquiv conf="0.9993"><Unicode> </Unicode></TextEquiv>
                    </Glyph>
                    <TextEquiv conf="0.9993"><Unicode> </Unicode></TextEquiv>
                </Word>
                <Word id="segment_5">
                    <Coords points="455,293 455,325 455,325 455,293"/>
                    <Glyph id="char_31">
                        <Coords points="455,293 455,325 455,325 455,293"/>
                        <TextEquiv conf="0.7416"><Unicode>d</Unicode></TextEquiv>
                    </Glyph>
                    <TextEquiv conf="0.7416"><Unicode>d</Unicode></TextEquiv>
                </Word>
                <TextEquiv conf="0.9635"><Unicode>Hkk mahuk d</Unicode></TextEquiv>
            </TextLine>

            <TextLine id="_159d84b5-3a19-4890-b17f-376bd1cf1def" custom="type {type:default;}">
                <Coords points="510,313 510,332 630,328 631,312 628,295 508,287 510,313"/>
                <Baseline points="510,313 631,312"/>
                <Word id="segment_6">
                    <Coords points="516,288 516,332 615,328 615,294"/>
                    <Glyph id="char_32">
                        <Coords points="516,288 516,332 516,332 516,288"/>
                        <TextEquiv conf="0.9865"><Unicode>i</Unicode></TextEquiv>
                    </Glyph>
                    <Glyph id="char_33">
                        <Coords points="525,288 525,331 525,331 525,288"/>
                        <TextEquiv conf="0.9999"><Unicode>h</Unicode></TextEquiv>
                    </Glyph>
                    <Glyph id="char_34">
                        <Coords points="546,290 546,331 546,331 546,290"/>
                        <TextEquiv conf="0.9993"><Unicode>i</Unicode></TextEquiv>
                    </Glyph>
                    <Glyph id="char_35">
                        <Coords points="558,290 558,330 558,330 558,290"/>
                        <TextEquiv conf="0.9599"><Unicode>h</Unicode></TextEquiv>
                    </Glyph>
                    <Glyph id="char_36">
                        <Coords points="588,292 588,329 588,329 588,292"/>
                        <TextEquiv conf="0.9987"><Unicode>m</Unicode></TextEquiv>
                    </Glyph>
                    <Glyph id="char_37">
                        <Coords points="615,294 615,328 615,328 615,294"/>
                        <TextEquiv conf="0.9411"><Unicode>n</Unicode></TextEquiv>
                    </Glyph>
                    <TextEquiv conf="0.9809"><Unicode>ihihmn</Unicode></TextEquiv>
                </Word>
                <TextEquiv conf="0.9809"><Unicode>ihihmn</Unicode></TextEquiv>
            </TextLine>

            <TextLine id="_0c3618c0-e91e-4012-a266-1450800193ef" custom="type {type:default;}">
                <Coords points="138,355 136,415 187,416 189,416 190,416 224,402 275,416 276,416 278,416 279,416 319,402 373,402 412,404 424,416 424,418 425,418 427,418 428,419 476,419 476,418 478,418 479,418 479,416 491,404 510,413 511,413 513,413 550,407 571,415 573,415 574,415 576,415 578,415 588,407 614,418 619,358 618,318 138,315 138,355"/>
                <Baseline points="138,355 619,358"/>
                <Word id="segment_7">
                    <Coords points="152,315 152,415 152,415 152,315"/>
                    <Glyph id="char_38">
                        <Coords points="152,315 152,415 152,415 152,315"/>
                        <TextEquiv conf="1.0"><Unicode>3</Unicode></TextEquiv>
                    </Glyph>
                    <TextEquiv conf="1.0"><Unicode>3</Unicode></TextEquiv>
                </Word>
                <Word id="segment_8">
                    <Coords points="179,315 179,416 186,416 186,315"/>
                    <Glyph id="char_39">
                        <Coords points="179,315 179,416 186,416 186,315"/>
                        <TextEquiv conf="0.9993"><Unicode> </Unicode></TextEquiv>
                    </Glyph>
                    <TextEquiv conf="0.9993"><Unicode> </Unicode></TextEquiv>
                </Word>
                <Word id="segment_9">
                    <Coords points="193,315 193,415 193,415 193,315"/>
                    <Glyph id="char_40">
                        <Coords points="193,315 193,415 193,415 193,315"/>
                        <TextEquiv conf="1.0"><Unicode>½</Unicode></TextEquiv>
                    </Glyph>
                    <TextEquiv conf="1.0"><Unicode>½</Unicode></TextEquiv>
                </Word>
                <Word id="segment_10">
                    <Coords points="221,316 221,403 221,403 221,316"/>
                    <Glyph id="char_41">
                        <Coords points="221,316 221,403 221,403 221,316"/>
                        <TextEquiv conf="1.0"><Unicode> </Unicode></TextEquiv>
                    </Glyph>
                    <TextEquiv conf="1.0"><Unicode> </Unicode></TextEquiv>
                </Word>
                <Word id="segment_11">
                    <Coords points="228,316 228,403 283,415 283,316"/>
                    <Glyph id="char_42">
                        <Coords points="228,316 228,403 228,403 228,316"/>
                        <TextEquiv conf="0.562"><Unicode>1</Unicode></TextEquiv>
                    </Glyph>
                    <Glyph id="char_43">
                        <Coords points="255,316 255,410 255,410 255,316"/>
                        <TextEquiv conf="0.9998"><Unicode>0</Unicode></TextEquiv>
                    </Glyph>
                    <Glyph id="char_44">
                        <Coords points="283,316 283,415 283,415 283,316"/>
                        <TextEquiv conf="1.0"><Unicode>5</Unicode></TextEquiv>
                    </Glyph>
                    <TextEquiv conf="0.8539"><Unicode>105</Unicode></TextEquiv>
                </Word>
                <Word id="segment_12">
                    <Coords points="311,316 311,405 317,403 317,316"/>
                    <Glyph id="char_45">
                        <Coords points="311,316 311,405 317,403 317,316"/>
                        <TextEquiv conf="0.9995"><Unicode> </Unicode></TextEquiv>
                    </Glyph>
                    <TextEquiv conf="0.9995"><Unicode> </Unicode></TextEquiv>
                </Word>
                <Word id="segment_13">
                    <Coords points="331,316 331,402 359,402 359,316"/>
                    <Glyph id="char_46">
                        <Coords points="331,316 331,402 331,402 331,316"/>
                        <TextEquiv conf="1.0"><Unicode>9</Unicode></TextEquiv>
                    </Glyph>
                    <Glyph id="char_47">
                        <Coords points="359,316 359,402 359,402 359,316"/>
                        <TextEquiv conf="0.6695"><Unicode>8</Unicode></TextEquiv>
                    </Glyph>
                    <TextEquiv conf="0.8347"><Unicode>98</Unicode></TextEquiv>
                </Word>
                <Word id="segment_14">
                    <Coords points="380,317 380,402 380,402 380,317"/>
                    <Glyph id="char_48">
                        <Coords points="380,317 380,402 380,402 380,317"/>
                        <TextEquiv conf="0.6881"><Unicode> </Unicode></TextEquiv>
                    </Glyph>
                    <TextEquiv conf="0.6881"><Unicode> </Unicode></TextEquiv>
                </Word>
                <Word id="segment_15">
                    <Coords points="393,317 393,403 393,403 393,317"/>
                    <Glyph id="char_49">
                        <Coords points="393,317 393,403 393,403 393,317"/>
                        <TextEquiv conf="1.0"><Unicode>7</Unicode></TextEquiv>
                    </Glyph>
                    <TextEquiv conf="1.0"><Unicode>7</Unicode></TextEquiv>
                </Word>
                <Word id="segment_16">
                    <Coords points="414,317 414,406 421,413 421,317"/>
                    <Glyph id="char_50">
                        <Coords points="414,317 414,406 421,413 421,317"/>
                        <TextEquiv conf="1.0"><Unicode> </Unicode></TextEquiv>
                    </Glyph>
                    <TextEquiv conf="1.0"><Unicode> </Unicode></TextEquiv>
                </Word>
                <Word id="segment_17">
                    <Coords points="435,317 435,419 469,419 469,317"/>
                    <Glyph id="char_51">
                        <Coords points="435,317 435,419 435,419 435,317"/>
                        <TextEquiv conf="0.9999"><Unicode>à</Unicode></TextEquiv>
                    </Glyph>
                    <Glyph id="char_52">
                        <Coords points="469,317 469,419 469,419 469,317"/>
                        <TextEquiv conf="0.8719"><Unicode>7</Unicode></TextEquiv>
                    </Glyph>
                    <TextEquiv conf="0.9359"><Unicode>à7</Unicode></TextEquiv>
                </Word>
                <Word id="segment_18">
                    <Coords points="483,317 483,412 483,412 483,317"/>
                    <Glyph id="char_53">
                        <Coords points="483,317 483,412 483,412 483,317"/>
                        <TextEquiv conf="0.9146"><Unicode> </Unicode></TextEquiv>
                    </Glyph>
                    <TextEquiv conf="0.9146"><Unicode> </Unicode></TextEquiv>
                </Word>
                <Word id="segment_19">
                    <Coords points="497,317 497,407 497,407 497,317"/>
                    <Glyph id="char_54">
                        <Coords points="497,317 497,407 497,407 497,317"/>
                        <TextEquiv conf="0.9936"><Unicode>5</Unicode></TextEquiv>
                    </Glyph>
                    <TextEquiv conf="0.9936"><Unicode>5</Unicode></TextEquiv>
                </Word>
                <Word id="segment_20">
                    <Coords points="524,317 524,411 524,411 524,317"/>
                    <Glyph id="char_55">
                        <Coords points="524,317 524,411 524,411 524,317"/>
                        <TextEquiv conf="0.7269"><Unicode> </Unicode></TextEquiv>
                    </Glyph>
                    <TextEquiv conf="0.7269"><Unicode> </Unicode></TextEquiv>
                </Word>
                <Word id="segment_21">
                    <Coords points="538,318 538,409 538,409 538,318"/>
                    <Glyph id="char_56">
                        <Coords points="538,318 538,409 538,409 538,318"/>
                        <TextEquiv conf="0.7469"><Unicode>b</Unicode></TextEquiv>
                    </Glyph>
                    <TextEquiv conf="0.7469"><Unicode>b</Unicode></TextEquiv>
                </Word>
                <Word id="segment_22">
                    <Coords points="559,318 559,410 559,410 559,318"/>
                    <Glyph id="char_57">
                        <Coords points="559,318 559,410 559,410 559,318"/>
                        <TextEquiv conf="0.8701"><Unicode> </Unicode></TextEquiv>
                    </Glyph>
                    <TextEquiv conf="0.8701"><Unicode> </Unicode></TextEquiv>
                </Word>
                <Word id="segment_23">
                    <Coords points="566,318 566,413 566,413 566,318"/>
                    <Glyph id="char_58">
                        <Coords points="566,318 566,413 566,413 566,318"/>
                        <TextEquiv conf="0.9762"><Unicode>b</Unicode></TextEquiv>
                    </Glyph>
                    <TextEquiv conf="0.9762"><Unicode>b</Unicode></TextEquiv>
                </Word>
                <Word id="segment_24">
                    <Coords points="586,318 586,409 586,409 586,318"/>
                    <Glyph id="char_59">
                        <Coords points="586,318 586,409 586,409 586,318"/>
                        <TextEquiv conf="0.8405"><Unicode> </Unicode></TextEquiv>
                    </Glyph>
                    <TextEquiv conf="0.8405"><Unicode> </Unicode></TextEquiv>
                </Word>
                <Word id="segment_25">
                    <Coords points="593,318 593,409 593,409 593,318"/>
                    <Glyph id="char_60">
                        <Coords points="593,318 593,409 593,409 593,318"/>
                        <TextEquiv conf="0.6567"><Unicode>b</Unicode></TextEquiv>
                    </Glyph>
                    <TextEquiv conf="0.6567"><Unicode>b</Unicode></TextEquiv>
                </Word>
                <TextEquiv conf="0.892"><Unicode>3 ½ 105 98 7 à7 5 b b b</Unicode></TextEquiv>
            </TextLine>
        </TextRegion>
    </Page>
</PcGts>