<?xml version="1.0" encoding="UTF-8"?>
<PcGts xmlns="http://schema.primaresearch.org/PAGE/gts/pagecontent/2019-07-15" xmlns:xsi="http://www.w3.org/2001/XMLSchema-instance" xsi:schemaLocation="http://schema.primaresearch.org/PAGE/gts/pagecontent/2019-07-15 http://schema.primaresearch.org/PAGE/gts/pagecontent/2019-07-15/pagecontent.xsd">
    <Metadata>
        <Creator>kraken 6.0.3</Creator>
        <Created>2026-01-20T00:48:34.248085+00:00</Created>
        <LastChange>2026-01-20T00:48:34.248085+00:00</LastChange>
    </Metadata>
    <Page imageFilename="/tmp/tmpj_6e4n41.png" imageWidth="1708" imageHeight="2767">
        <TextRegion id="_fe52d8d1-d226-44d2-bd8e-06f8e3b58633" custom="type {type:text;}">
<Coords points="810,411 902,424 890,496 793,490 780,455 810,411"/>
            <TextLine id="_b024ca6d-b29d-483f-aa10-3ffafc31f1cc" custom="type {type:default;}">
                <Coords points="876,419 800,421 797,427 799,458 799,468 890,468 890,455 885,419 876,419"/>
                <Baseline points="799,458 890,455"/>
                <Word id="segment_0">
                    <Coords points="818,421 819,468 871,468 870,419"/>
                    <Glyph id="char_0">
                        <Coords points="818,421 819,468 819,468 818,421"/>
                        <TextEquiv conf="1.0"><Unicode>D</Unicode></TextEquiv>
                    </Glyph>
                    <Glyph id="char_1">
                        <Coords points="853,420 854,468 854,468 853,420"/>
                        <TextEquiv conf="1.0"><Unicode>I</Unicode></TextEquiv>
                    </Glyph>
                    <Glyph id="char_2">
                        <Coords points="870,419 871,468 871,468 870,419"/>
                        <TextEquiv conf="1.0"><Unicode>E</Unicode></TextEquiv>
                    </Glyph>
                    <TextEquiv conf="1.0"><Unicode>DIE</Unicode></TextEquiv>
                </Word>
                <TextEquiv conf="1.0"><Unicode>DIE</Unicode></TextEquiv>
            </TextLine>
        </TextRegion>
        <TextRegion id="_fc6d8145-6ed7-4f41-b875-835398b5e6a4" custom="type {type:text;}">
<Coords points="822,522 1388,547 1412,565 1418,650 1406,674 1180,680 1002,724 996,780 1086,805 1086,853 1160,879 1148,933 1111,945 565,939 534,920 534,879 602,853 619,724 459,680 270,668 270,553 289,534 822,522"/>
            <TextLine id="_00d32cbb-de9d-4dd8-bcd3-cc7486b3c10b" custom="type {type:default;}">
                <Coords points="1406,561 1357,551 1355,551 1265,559 1189,551 1188,551 1186,551 1185,551 1176,559 1136,551 1134,551 1133,551 1131,551 1119,562 1079,562 1065,551 1063,551 1062,551 1017,551 1016,551 905,561 877,550 876,550 874,550 684,551 682,551 681,551 671,561 651,551 650,551 648,551 571,561 561,551 559,551 558,551 459,550 458,550 398,561 376,551 375,551 310,551 309,551 307,551 279,559 279,644 279,657 1408,656 1409,644 1408,562 1406,561"/>
                <Baseline points="279,644 1409,644"/>
                <Word id="segment_1">
                    <Coords points="308,551 308,657 524,657 524,551"/>
                    <Glyph id="char_3">
                        <Coords points="308,551 308,657 308,657 308,551"/>
                        <TextEquiv conf="1.0"><Unicode>E</Unicode></TextEquiv>
                    </Glyph>
                    <Glyph id="char_4">
                        <Coords points="365,551 365,657 365,657 365,551"/>
                        <TextEquiv conf="1.0"><Unicode>R</Unicode></TextEquiv>
                    </Glyph>
                    <Glyph id="char_5">
                        <Coords points="416,558 416,657 416,657 416,558"/>
                        <TextEquiv conf="1.0"><Unicode>S</Unicode></TextEquiv>
                    </Glyph>
                    <Glyph id="char_6">
                        <Coords points="481,550 481,657 481,657 481,550"/>
                        <TextEquiv conf="1.0"><Unicode>T</Unicode></TextEquiv>
                    </Glyph>
                    <Glyph id="char_7">
                        <Coords points="524,551 524,657 524,657 524,551"/>
                        <TextEquiv conf="1.0"><Unicode>E</Unicode></TextEquiv>
                    </Glyph>
                    <TextEquiv conf="1.0"><Unicode>ERSTE</Unicode></TextEquiv>
                </Word>
                <Word id="segment_2">
                    <Coords points="610,556 610,657 618,657 618,555"/>
                    <Glyph id="char_8">
                        <Coords points="610,556 610,657 618,657 618,555"/>
                        <TextEquiv conf="1.0"><Unicode> </Unicode></TextEquiv>
                    </Glyph>
                    <TextEquiv conf="1.0"><Unicode> </Unicode></TextEquiv>
                </Word>
                <Word id="segment_3">
                    <Coords points="639,552 639,657 1035,656 1035,551"/>
                    <Glyph id="char_9">
                        <Coords points="639,552 639,657 639,657 639,552"/>
                        <TextEquiv conf="1.0"><Unicode>D</Unicode></TextEquiv>
                    </Glyph>
                    <Glyph id="char_10">
                        <Coords points="704,551 704,657 704,657 704,551"/>
                        <TextEquiv conf="1.0"><Unicode>E</Unicode></TextEquiv>
                    </Glyph>
                    <Glyph id="char_11">
                        <Coords points="762,551 762,657 762,657 762,551"/>
                        <TextEquiv conf="1.0"><Unicode>U</Unicode></TextEquiv>
                    </Glyph>
                    <Glyph id="char_12">
                        <Coords points="819,550 819,657 819,657 819,550"/>
                        <TextEquiv conf="1.0"><Unicode>T</Unicode></TextEquiv>
                    </Glyph>
                    <Glyph id="char_13">
                        <Coords points="863,550 863,656 863,656 863,550"/>
                        <TextEquiv conf="1.0"><Unicode>S</Unicode></TextEquiv>
                    </Glyph>
                    <Glyph id="char_14">
                        <Coords points="920,560 920,656 920,656 920,560"/>
                        <TextEquiv conf="1.0"><Unicode>C</Unicode></TextEquiv>
                    </Glyph>
                    <Glyph id="char_15">
                        <Coords points="971,555 971,656 971,656 971,555"/>
                        <TextEquiv conf="0.9998"><Unicode>H</Unicode></TextEquiv>
                    </Glyph>
                    <Glyph id="char_16">
                        <Coords points="1035,551 1035,656 1035,656 1035,551"/>
                        <TextEquiv conf="1.0"><Unicode>E</Unicode></TextEquiv>
                    </Glyph>
                    <TextEquiv conf="1.0"><Unicode>DEUTSCHE</Unicode></TextEquiv>
                </Word>
                <Word id="segment_4">
                    <Coords points="1115,562 1115,656 1122,656 1122,559"/>
                    <Glyph id="char_17">
                        <Coords points="1115,562 1115,656 1122,656 1122,559"/>
                        <TextEquiv conf="1.0"><Unicode> </Unicode></TextEquiv>
                    </Glyph>
                    <TextEquiv conf="1.0"><Unicode> </Unicode></TextEquiv>
                </Word>
                <Word id="segment_5">
                    <Coords points="1151,554 1151,656 1409,644 1409,644"/>
                    <Glyph id="char_18">
                        <Coords points="1151,554 1151,656 1151,656 1151,554"/>
                        <TextEquiv conf="1.0"><Unicode>B</Unicode></TextEquiv>
                    </Glyph>
                    <Glyph id="char_19">
                        <Coords points="1201,552 1201,656 1201,656 1201,552"/>
                        <TextEquiv conf="1.0"><Unicode>I</Unicode></TextEquiv>
                    </Glyph>
                    <Glyph id="char_20">
                        <Coords points="1237,556 1237,656 1237,656 1237,556"/>
                        <TextEquiv conf="1.0"><Unicode>B</Unicode></TextEquiv>
                    </Glyph>
                    <Glyph id="char_21">
                        <Coords points="1295,556 1295,656 1295,656 1295,556"/>
                        <TextEquiv conf="0.9963"><Unicode>E</Unicode></TextEquiv>
                    </Glyph>
                    <Glyph id="char_22">
                        <Coords points="1352,551 1352,656 1352,656 1352,551"/>
                        <TextEquiv conf="0.9982"><Unicode>L</Unicode></TextEquiv>
                    </Glyph>
                    <Glyph id="char_23">
                        <Coords points="1409,644 1409,644 1409,644 1409,644"/>
                        <TextEquiv conf="0.9993"><Unicode>.</Unicode></TextEquiv>
                    </Glyph>
                    <TextEquiv conf="0.999"><Unicode>BIBEL.</Unicode></TextEquiv>
                </Word>
                <TextEquiv conf="0.9997"><Unicode>ERSTE DEUTSCHE BIBEL.</Unicode></TextEquiv>
            </TextLine>

            <TextLine id="_c2ce14bf-7082-4594-b95c-40fdfefe10b3" custom="type {type:default;}">
                <Coords points="625,848 625,862 1062,862 1062,848 1062,811 625,811 625,848"/>
                <Baseline points="625,848 1062,848"/>
                <Word id="segment_6">
                    <Coords points="646,811 646,862 844,862 844,811"/>
                    <Glyph id="char_24">
                        <Coords points="646,811 646,862 646,862 646,811"/>
                        <TextEquiv conf="1.0"><Unicode>D</Unicode></TextEquiv>
                    </Glyph>
                    <Glyph id="char_25">
                        <Coords points="688,811 688,862 688,862 688,811"/>
                        <TextEquiv conf="1.0"><Unicode>R</Unicode></TextEquiv>
                    </Glyph>
                    <Glyph id="char_26">
                        <Coords points="722,811 722,862 722,862 722,811"/>
                        <TextEquiv conf="1.0"><Unicode>I</Unicode></TextEquiv>
                    </Glyph>
                    <Glyph id="char_27">
                        <Coords points="750,811 750,862 750,862 750,811"/>
                        <TextEquiv conf="1.0"><Unicode>T</Unicode></TextEquiv>
                    </Glyph>
                    <Glyph id="char_28">
                        <Coords points="785,811 785,862 785,862 785,811"/>
                        <TextEquiv conf="1.0"><Unicode>T</Unicode></TextEquiv>
                    </Glyph>
                    <Glyph id="char_29">
                        <Coords points="809,811 809,862 809,862 809,811"/>
                        <TextEquiv conf="1.0"><Unicode>E</Unicode></TextEquiv>
                    </Glyph>
                    <Glyph id="char_30">
                        <Coords points="844,811 844,862 844,862 844,811"/>
                        <TextEquiv conf="1.0"><Unicode>R</Unicode></TextEquiv>
                    </Glyph>
                    <TextEquiv conf="1.0"><Unicode>DRITTER</Unicode></TextEquiv>
                </Word>
                <Word id="segment_7">
                    <Coords points="893,811 893,862 896,862 896,811"/>
                    <Glyph id="char_31">
                        <Coords points="893,811 893,862 896,862 896,811"/>
                        <TextEquiv conf="1.0"><Unicode> </Unicode></TextEquiv>
                    </Glyph>
                    <TextEquiv conf="1.0"><Unicode> </Unicode></TextEquiv>
                </Word>
                <Word id="segment_8">
                    <Coords points="910,811 910,862 1025,862 1025,811"/>
                    <Glyph id="char_32">
                        <Coords points="910,811 910,862 910,862 910,811"/>
                        <TextEquiv conf="1.0"><Unicode>B</Unicode></TextEquiv>
                    </Glyph>
                    <Glyph id="char_33">
                        <Coords points="948,811 948,862 948,862 948,811"/>
                        <TextEquiv conf="1.0"><Unicode>A</Unicode></TextEquiv>
                    </Glyph>
                    <Glyph id="char_34">
                        <Coords points="983,811 983,862 983,862 983,811"/>
                        <TextEquiv conf="1.0"><Unicode>N</Unicode></TextEquiv>
                    </Glyph>
                    <Glyph id="char_35">
                        <Coords points="1025,811 1025,862 1025,862 1025,811"/>
                        <TextEquiv conf="0.9596"><Unicode>D</Unicode></TextEquiv>
                    </Glyph>
                    <TextEquiv conf="0.9899"><Unicode>BAND</Unicode></TextEquiv>
                </Word>
                <TextEquiv conf="0.9966"><Unicode>DRITTER BAND</Unicode></TextEquiv>
            </TextLine>

            <TextLine id="_4c33a1ae-3a3f-443e-8052-29f460591161" custom="type {type:default;}">
                <Coords points="541,910 541,928 1143,928 1143,910 1143,877 541,877 541,910"/>
                <Baseline points="541,910 1143,910"/>
                <Word id="segment_9">
                    <Coords points="555,877 555,928 747,928 747,877"/>
                    <Glyph id="char_36">
                        <Coords points="555,877 555,928 555,928 555,877"/>
                        <TextEquiv conf="0.9816"><Unicode>(</Unicode></TextEquiv>
                    </Glyph>
                    <Glyph id="char_37">
                        <Coords points="569,877 569,928 569,928 569,877"/>
                        <TextEquiv conf="1.0"><Unicode>G</Unicode></TextEquiv>
                    </Glyph>
                    <Glyph id="char_38">
                        <Coords points="597,877 597,928 597,928 597,877"/>
                        <TextEquiv conf="1.0"><Unicode>E</Unicode></TextEquiv>
                    </Glyph>
                    <Glyph id="char_39">
                        <Coords points="621,877 621,928 621,928 621,877"/>
                        <TextEquiv conf="1.0"><Unicode>N</Unicode></TextEquiv>
                    </Glyph>
                    <Glyph id="char_40">
                        <Coords points="646,877 646,928 646,928 646,877"/>
                        <TextEquiv conf="1.0"><Unicode>E</Unicode></TextEquiv>
                    </Glyph>
                    <Glyph id="char_41">
                        <Coords points="670,877 670,928 670,928 670,877"/>
                        <TextEquiv conf="0.9294"><Unicode>S</Unicode></TextEquiv>
                    </Glyph>
                    <Glyph id="char_42">
                        <Coords points="691,877 691,928 691,928 691,877"/>
                        <TextEquiv conf="1.0"><Unicode>I</Unicode></TextEquiv>
                    </Glyph>
                    <Glyph id="char_43">
                        <Coords points="705,877 705,928 705,928 705,877"/>
                        <TextEquiv conf="1.0"><Unicode>S</Unicode></TextEquiv>
                    </Glyph>
                    <Glyph id="char_44">
                        <Coords points="743,877 743,928 747,928 747,877"/>
                        <TextEquiv conf="1.0"><Unicode>,</Unicode></TextEquiv>
                    </Glyph>
                    <TextEquiv conf="0.9901"><Unicode>(GENESIS,</Unicode></TextEquiv>
                </Word>
                <Word id="segment_10">
                    <Coords points="750,877 750,928 754,928 754,877"/>
                    <Glyph id="char_45">
                        <Coords points="750,877 750,928 754,928 754,877"/>
                        <TextEquiv conf="1.0"><Unicode> </Unicode></TextEquiv>
                    </Glyph>
                    <TextEquiv conf="1.0"><Unicode> </Unicode></TextEquiv>
                </Word>
                <Word id="segment_11">
                    <Coords points="764,877 764,928 921,928 921,877"/>
                    <Glyph id="char_46">
                        <Coords points="764,877 764,928 764,928 764,877"/>
                        <TextEquiv conf="1.0"><Unicode>E</Unicode></TextEquiv>
                    </Glyph>
                    <Glyph id="char_47">
                        <Coords points="792,877 792,928 792,928 792,877"/>
                        <TextEquiv conf="1.0"><Unicode>X</Unicode></TextEquiv>
                    </Glyph>
                    <Glyph id="char_48">
                        <Coords points="813,877 813,928 813,928 813,877"/>
                        <TextEquiv conf="1.0"><Unicode>O</Unicode></TextEquiv>
                    </Glyph>
                    <Glyph id="char_49">
                        <Coords points="837,877 837,928 837,928 837,877"/>
                        <TextEquiv conf="1.0"><Unicode>D</Unicode></TextEquiv>
                    </Glyph>
                    <Glyph id="char_50">
                        <Coords points="862,877 862,928 862,928 862,877"/>
                        <TextEquiv conf="1.0"><Unicode>U</Unicode></TextEquiv>
                    </Glyph>
                    <Glyph id="char_51">
                        <Coords points="886,877 886,928 886,928 886,877"/>
                        <TextEquiv conf="1.0"><Unicode>S</Unicode></TextEquiv>
                    </Glyph>
                    <Glyph id="char_52">
                        <Coords points="921,877 921,928 921,928 921,877"/>
                        <TextEquiv conf="1.0"><Unicode>,</Unicode></TextEquiv>
                    </Glyph>
                    <TextEquiv conf="1.0"><Unicode>EXODUS,</Unicode></TextEquiv>
                </Word>
                <Word id="segment_12">
                    <Coords points="924,877 924,928 928,928 928,877"/>
                    <Glyph id="char_53">
                        <Coords points="924,877 924,928 928,928 928,877"/>
                        <TextEquiv conf="1.0"><Unicode> </Unicode></TextEquiv>
                    </Glyph>
                    <TextEquiv conf="1.0"><Unicode> </Unicode></TextEquiv>
                </Word>
                <Word id="segment_13">
                    <Coords points="942,877 942,928 1137,928 1137,877"/>
                    <Glyph id="char_54">
                        <Coords points="942,877 942,928 942,928 942,877"/>
                        <TextEquiv conf="1.0"><Unicode>L</Unicode></TextEquiv>
                    </Glyph>
                    <Glyph id="char_55">
                        <Coords points="963,877 963,928 963,928 963,877"/>
                        <TextEquiv conf="1.0"><Unicode>E</Unicode></TextEquiv>
                    </Glyph>
                    <Glyph id="char_56">
                        <Coords points="991,877 991,928 991,928 991,877"/>
                        <TextEquiv conf="1.0"><Unicode>V</Unicode></TextEquiv>
                    </Glyph>
                    <Glyph id="char_57">
                        <Coords points="1012,877 1012,928 1012,928 1012,877"/>
                        <TextEquiv conf="1.0"><Unicode>I</Unicode></TextEquiv>
                    </Glyph>
                    <Glyph id="char_58">
                        <Coords points="1032,877 1032,928 1032,928 1032,877"/>
                        <TextEquiv conf="0.9999"><Unicode>T</Unicode></TextEquiv>
                    </Glyph>
                    <Glyph id="char_59">
                        <Coords points="1050,877 1050,928 1050,928 1050,877"/>
                        <TextEquiv conf="0.9872"><Unicode>I</Unicode></TextEquiv>
                    </Glyph>
                    <Glyph id="char_60">
                        <Coords points="1064,877 1064,928 1064,928 1064,877"/>
                        <TextEquiv conf="0.9843"><Unicode>C</Unicode></TextEquiv>
                    </Glyph>
                    <Glyph id="char_61">
                        <Coords points="1088,877 1088,928 1088,928 1088,877"/>
                        <TextEquiv conf="1.0"><Unicode>U</Unicode></TextEquiv>
                    </Glyph>
                    <Glyph id="char_62">
                        <Coords points="1113,877 1113,928 1113,928 1113,877"/>
                        <TextEquiv conf="1.0"><Unicode>S</Unicode></TextEquiv>
                    </Glyph>
                    <Glyph id="char_63">
                        <Coords points="1137,877 1137,928 1137,928 1137,877"/>
                        <TextEquiv conf="0.9989"><Unicode>)</Unicode></TextEquiv>
                    </Glyph>
                    <TextEquiv conf="0.997"><Unicode>LEVITICUS)</Unicode></TextEquiv>
                </Word>
                <TextEquiv conf="0.9958"><Unicode>(GENESIS, EXODUS, LEVITICUS)</Unicode></TextEquiv>
            </TextLine>
        </TextRegion>
        <TextRegion id="_790ac948-43d9-46c1-aec9-9b0ef0b9a07f" custom="type {type:text;}">
<Coords points="642,1131 1043,1131 1056,1172 1031,1197 682,1197 633,1185 642,1131"/>
            <TextLine id="_38a7fbcb-6457-4b41-ae98-adf94a81b6a9" custom="type {type:default;}">
                <Coords points="1039,1134 648,1134 639,1145 639,1171 639,1183 1045,1182 1045,1168 1040,1137 1039,1134"/>
                <Baseline points="639,1171 1045,1168"/>
                <Word id="segment_14">
                    <Coords points="656,1134 656,1183 1014,1182 1014,1134"/>
                    <Glyph id="char_64">
                        <Coords points="656,1134 656,1183 656,1183 656,1134"/>
                        <TextEquiv conf="1.0"><Unicode>H</Unicode></TextEquiv>
                    </Glyph>
                    <Glyph id="char_65">
                        <Coords points="690,1134 690,1183 690,1183 690,1134"/>
                        <TextEquiv conf="1.0"><Unicode>E</Unicode></TextEquiv>
                    </Glyph>
                    <Glyph id="char_66">
                        <Coords points="721,1134 721,1183 721,1183 721,1134"/>
                        <TextEquiv conf="1.0"><Unicode>R</Unicode></TextEquiv>
                    </Glyph>
                    <Glyph id="char_67">
                        <Coords points="752,1134 752,1183 752,1183 752,1134"/>
                        <TextEquiv conf="1.0"><Unicode>A</Unicode></TextEquiv>
                    </Glyph>
                    <Glyph id="char_68">
                        <Coords points="782,1134 782,1183 782,1183 782,1134"/>
                        <TextEquiv conf="1.0"><Unicode>U</Unicode></TextEquiv>
                    </Glyph>
                    <Glyph id="char_69">
                        <Coords points="813,1134 813,1183 813,1183 813,1134"/>
                        <TextEquiv conf="1.0"><Unicode>S</Unicode></TextEquiv>
                    </Glyph>
                    <Glyph id="char_70">
                        <Coords points="837,1134 837,1183 837,1183 837,1134"/>
                        <TextEquiv conf="0.9996"><Unicode>G</Unicode></TextEquiv>
                    </Glyph>
                    <Glyph id="char_71">
                        <Coords points="871,1134 871,1182 871,1182 871,1134"/>
                        <TextEquiv conf="1.0"><Unicode>E</Unicode></TextEquiv>
                    </Glyph>
                    <Glyph id="char_72">
                        <Coords points="898,1134 898,1182 898,1182 898,1134"/>
                        <TextEquiv conf="1.0"><Unicode>G</Unicode></TextEquiv>
                    </Glyph>
                    <Glyph id="char_73">
                        <Coords points="929,1134 929,1182 929,1182 929,1134"/>
                        <TextEquiv conf="1.0"><Unicode>E</Unicode></TextEquiv>
                    </Glyph>
                    <Glyph id="char_74">
                        <Coords points="956,1134 956,1182 956,1182 956,1134"/>
                        <TextEquiv conf="1.0"><Unicode>B</Unicode></TextEquiv>
                    </Glyph>
                    <Glyph id="char_75">
                        <Coords points="987,1134 987,1182 987,1182 987,1134"/>
                        <TextEquiv conf="1.0"><Unicode>E</Unicode></TextEquiv>
                    </Glyph>
                    <Glyph id="char_76">
                        <Coords points="1014,1134 1014,1182 1014,1182 1014,1134"/>
                        <TextEquiv conf="1.0"><Unicode>N</Unicode></TextEquiv>
                    </Glyph>
                    <TextEquiv conf="1.0"><Unicode>HERAUSGEGEBEN</Unicode></TextEquiv>
                </Word>
                <TextEquiv conf="1.0"><Unicode>HERAUSGEGEBEN</Unicode></TextEquiv>
            </TextLine>
        </TextRegion>
        <TextRegion id="_55a719cf-fed2-4da9-8b14-c17bd006fcda" custom="type {type:text;}">
<Coords points="816,1322 890,1328 908,1346 896,1381 805,1388 793,1340 816,1322"/>
            <TextLine id="_8cc9784f-bcb5-4994-b5c4-5c62049dda1c" custom="type {type:default;}">
                <Coords points="802,1361 800,1369 847,1380 848,1380 891,1372 893,1365 893,1334 802,1331 802,1361"/>
                <Baseline points="802,1361 893,1365"/>
                <Word id="segment_15">
                    <Coords points="819,1332 817,1373 865,1377 867,1333"/>
                    <Glyph id="char_77">
                        <Coords points="819,1332 817,1373 817,1373 819,1332"/>
                        <TextEquiv conf="1.0"><Unicode>V</Unicode></TextEquiv>
                    </Glyph>
                    <Glyph id="char_78">
                        <Coords points="841,1332 839,1378 839,1378 841,1332"/>
                        <TextEquiv conf="1.0"><Unicode>O</Unicode></TextEquiv>
                    </Glyph>
                    <Glyph id="char_79">
                        <Coords points="867,1333 865,1377 865,1377 867,1333"/>
                        <TextEquiv conf="1.0"><Unicode>N</Unicode></TextEquiv>
                    </Glyph>
                    <TextEquiv conf="1.0"><Unicode>VON</Unicode></TextEquiv>
                </Word>
                <TextEquiv conf="1.0"><Unicode>VON</Unicode></TextEquiv>
            </TextLine>
        </TextRegion>
        <TextRegion id="_488c374d-8632-4f24-93ea-5dccd48cb56a" custom="type {type:text;}">
<Coords points="631,1512 1050,1518 1080,1572 1043,1597 639,1597 614,1584 631,1512"/>
            <TextLine id="_c4f807ff-7bb8-4bba-b1ab-98552f2fb359" custom="type {type:default;}">
                <Coords points="1053,1529 985,1520 983,1520 630,1527 622,1546 622,1567 621,1581 1068,1584 1071,1571 1066,1551 1053,1529"/>
                <Baseline points="622,1567 1071,1571"/>
                <Word id="segment_16">
                    <Coords points="640,1527 640,1581 696,1582 696,1526"/>
                    <Glyph id="char_80">
                        <Coords points="640,1527 640,1581 640,1581 640,1527"/>
                        <TextEquiv conf="1.0"><Unicode>W</Unicode></TextEquiv>
                    </Glyph>
                    <Glyph id="char_81">
                        <Coords points="696,1526 696,1582 696,1582 696,1526"/>
                        <TextEquiv conf="1.0"><Unicode>.</Unicode></TextEquiv>
                    </Glyph>
                    <TextEquiv conf="1.0"><Unicode>W.</Unicode></TextEquiv>
                </Word>
                <Word id="segment_17">
                    <Coords points="701,1526 701,1582 705,1582 705,1526"/>
                    <Glyph id="char_82">
                        <Coords points="701,1526 701,1582 705,1582 705,1526"/>
                        <TextEquiv conf="1.0"><Unicode> </Unicode></TextEquiv>
                    </Glyph>
                    <TextEquiv conf="1.0"><Unicode> </Unicode></TextEquiv>
                </Word>
                <Word id="segment_18">
                    <Coords points="718,1525 718,1582 1071,1571 1071,1571"/>
                    <Glyph id="char_83">
                        <Coords points="718,1525 718,1582 718,1582 718,1525"/>
                        <TextEquiv conf="1.0"><Unicode>K</Unicode></TextEquiv>
                    </Glyph>
                    <Glyph id="char_84">
                        <Coords points="753,1525 753,1582 753,1582 753,1525"/>
                        <TextEquiv conf="1.0"><Unicode>U</Unicode></TextEquiv>
                    </Glyph>
                    <Glyph id="char_85">
                        <Coords points="788,1524 788,1582 788,1582 788,1524"/>
                        <TextEquiv conf="1.0"><Unicode>R</Unicode></TextEquiv>
                    </Glyph>
                    <Glyph id="char_86">
                        <Coords points="819,1523 819,1582 819,1582 819,1523"/>
                        <TextEquiv conf="1.0"><Unicode>R</Unicode></TextEquiv>
                    </Glyph>
                    <Glyph id="char_87">
                        <Coords points="849,1523 849,1583 849,1583 849,1523"/>
                        <TextEquiv conf="0.9966"><Unicode>E</Unicode></TextEquiv>
                    </Glyph>
                    <Glyph id="char_88">
                        <Coords points="880,1522 880,1583 880,1583 880,1522"/>
                        <TextEquiv conf="1.0"><Unicode>L</Unicode></TextEquiv>
                    </Glyph>
                    <Glyph id="char_89">
                        <Coords points="906,1522 906,1583 906,1583 906,1522"/>
                        <TextEquiv conf="1.0"><Unicode>M</Unicode></TextEquiv>
                    </Glyph>
                    <Glyph id="char_90">
                        <Coords points="945,1521 945,1583 945,1583 945,1521"/>
                        <TextEquiv conf="1.0"><Unicode>E</Unicode></TextEquiv>
                    </Glyph>
                    <Glyph id="char_91">
                        <Coords points="976,1520 976,1583 976,1583 976,1520"/>
                        <TextEquiv conf="1.0"><Unicode>V</Unicode></TextEquiv>
                    </Glyph>
                    <Glyph id="char_92">
                        <Coords points="1006,1523 1006,1584 1006,1584 1006,1523"/>
                        <TextEquiv conf="0.9015"><Unicode>E</Unicode></TextEquiv>
                    </Glyph>
                    <Glyph id="char_93">
                        <Coords points="1037,1527 1037,1584 1037,1584 1037,1527"/>
                        <TextEquiv conf="1.0"><Unicode>R</Unicode></TextEquiv>
                    </Glyph>
                    <Glyph id="char_94">
                        <Coords points="1071,1571 1071,1571 1071,1571 1071,1571"/>
                        <TextEquiv conf="0.9993"><Unicode>.</Unicode></TextEquiv>
                    </Glyph>
                    <TextEquiv conf="0.9914"><Unicode>KURRELMEVER.</Unicode></TextEquiv>
                </Word>
                <TextEquiv conf="0.9932"><Unicode>W. KURRELMEVER.</Unicode></TextEquiv>
            </TextLine>
        </TextRegion>
        <TextRegion id="_debda527-1323-43d9-949d-c4aaf0043a38" custom="type {type:text;}">
<Coords points="261,2225 1418,2225 1431,2267 1406,2285 1045,2291 976,2335 848,2335 694,2328 656,2285 289,2279 245,2261 261,2225"/>
            <TextLine id="_69672ef0-fc8b-4cbe-bf41-947bc3a336bb" custom="type {type:default;}">
                <Coords points="1422,2248 1406,2225 264,2227 253,2238 255,2258 255,2272 1425,2268 1425,2255 1422,2247 1422,2248"/>
                <Baseline points="255,2258 1425,2255"/>
                <Word id="segment_19">
                    <Coords points="270,2227 270,2272 457,2271 457,2227"/>
                    <Glyph id="char_95">
                        <Coords points="270,2227 270,2272 270,2272 270,2227"/>
                        <TextEquiv conf="1.0"><Unicode>G</Unicode></TextEquiv>
                    </Glyph>
                    <Glyph id="char_96">
                        <Coords points="298,2227 298,2272 298,2272 298,2227"/>
                        <TextEquiv conf="1.0"><Unicode>E</Unicode></TextEquiv>
                    </Glyph>
                    <Glyph id="char_97">
                        <Coords points="322,2227 322,2272 322,2272 322,2227"/>
                        <TextEquiv conf="1.0"><Unicode>D</Unicode></TextEquiv>
                    </Glyph>
                    <Glyph id="char_98">
                        <Coords points="347,2227 347,2272 347,2272 347,2227"/>
                        <TextEquiv conf="1.0"><Unicode>R</Unicode></TextEquiv>
                    </Glyph>
                    <Glyph id="char_99">
                        <Coords points="375,2227 375,2272 375,2272 375,2227"/>
                        <TextEquiv conf="1.0"><Unicode>U</Unicode></TextEquiv>
                    </Glyph>
                    <Glyph id="char_100">
                        <Coords points="399,2227 399,2272 399,2272 399,2227"/>
                        <TextEquiv conf="1.0"><Unicode>C</Unicode></TextEquiv>
                    </Glyph>
                    <Glyph id="char_101">
                        <Coords points="427,2227 427,2271 427,2271 427,2227"/>
                        <TextEquiv conf="1.0"><Unicode>K</Unicode></TextEquiv>
                    </Glyph>
                    <Glyph id="char_102">
                        <Coords points="457,2227 457,2271 457,2271 457,2227"/>
                        <TextEquiv conf="1.0"><Unicode>T</Unicode></TextEquiv>
                    </Glyph>
                    <TextEquiv conf="1.0"><Unicode>GEDRUCKT</Unicode></TextEquiv>
                </Word>
                <Word id="segment_20">
                    <Coords points="482,2227 482,2271 485,2271 485,2227"/>
                    <Glyph id="char_103">
                        <Coords points="482,2227 482,2271 485,2271 485,2227"/>
                        <TextEquiv conf="1.0"><Unicode> </Unicode></TextEquiv>
                    </Glyph>
                    <TextEquiv conf="1.0"><Unicode> </Unicode></TextEquiv>
                </Word>
                <Word id="segment_21">
                    <Coords points="494,2227 494,2271 543,2271 543,2227"/>
                    <Glyph id="char_104">
                        <Coords points="494,2227 494,2271 494,2271 494,2227"/>
                        <TextEquiv conf="1.0"><Unicode>F</Unicode></TextEquiv>
                    </Glyph>
                    <Glyph id="char_105">
                        <Coords points="519,2227 519,2271 519,2271 519,2227"/>
                        <TextEquiv conf="1.0"><Unicode>O</Unicode></TextEquiv>
                    </Glyph>
                    <Glyph id="char_106">
                        <Coords points="543,2227 543,2271 543,2271 543,2227"/>
                        <TextEquiv conf="1.0"><Unicode>R</Unicode></TextEquiv>
                    </Glyph>
                    <TextEquiv conf="1.0"><Unicode>FOR</Unicode></TextEquiv>
                </Word>
                <Word id="segment_22">
                    <Coords points="571,2226 571,2271 574,2271 574,2226"/>
                    <Glyph id="char_107">
                        <Coords points="571,2226 571,2271 574,2271 574,2226"/>
                        <TextEquiv conf="1.0"><Unicode> </Unicode></TextEquiv>
                    </Glyph>
                    <TextEquiv conf="1.0"><Unicode> </Unicode></TextEquiv>
                </Word>
                <Word id="segment_23">
                    <Coords points="586,2226 586,2271 632,2271 632,2226"/>
                    <Glyph id="char_108">
                        <Coords points="586,2226 586,2271 586,2271 586,2226"/>
                        <TextEquiv conf="1.0"><Unicode>D</Unicode></TextEquiv>
                    </Glyph>
                    <Glyph id="char_109">
                        <Coords points="611,2226 611,2271 611,2271 611,2226"/>
                        <TextEquiv conf="1.0"><Unicode>E</Unicode></TextEquiv>
                    </Glyph>
                    <Glyph id="char_110">
                        <Coords points="632,2226 632,2271 632,2271 632,2226"/>
                        <TextEquiv conf="1.0"><Unicode>N</Unicode></TextEquiv>
                    </Glyph>
                    <TextEquiv conf="1.0"><Unicode>DEN</Unicode></TextEquiv>
                </Word>
                <Word id="segment_24">
                    <Coords points="663,2226 663,2271 666,2271 666,2226"/>
                    <Glyph id="char_111">
                        <Coords points="663,2226 663,2271 666,2271 666,2226"/>
                        <TextEquiv conf="1.0"><Unicode> </Unicode></TextEquiv>
                    </Glyph>
                    <TextEquiv conf="1.0"><Unicode> </Unicode></TextEquiv>
                </Word>
                <Word id="segment_25">
                    <Coords points="678,2226 678,2271 967,2270 967,2226"/>
                    <Glyph id="char_112">
                        <Coords points="678,2226 678,2271 678,2271 678,2226"/>
                        <TextEquiv conf="1.0"><Unicode>L</Unicode></TextEquiv>
                    </Glyph>
                    <Glyph id="char_113">
                        <Coords points="700,2226 700,2270 700,2270 700,2226"/>
                        <TextEquiv conf="1.0"><Unicode>I</Unicode></TextEquiv>
                    </Glyph>
                    <Glyph id="char_114">
                        <Coords points="718,2226 718,2270 718,2270 718,2226"/>
                        <TextEquiv conf="1.0"><Unicode>T</Unicode></TextEquiv>
                    </Glyph>
                    <Glyph id="char_115">
                        <Coords points="743,2226 743,2270 743,2270 743,2226"/>
                        <TextEquiv conf="0.9999"><Unicode>T</Unicode></TextEquiv>
                    </Glyph>
                    <Glyph id="char_116">
                        <Coords points="761,2226 761,2270 761,2270 761,2226"/>
                        <TextEquiv conf="1.0"><Unicode>E</Unicode></TextEquiv>
                    </Glyph>
                    <Glyph id="char_117">
                        <Coords points="786,2226 786,2270 786,2270 786,2226"/>
                        <TextEquiv conf="1.0"><Unicode>R</Unicode></TextEquiv>
                    </Glyph>
                    <Glyph id="char_118">
                        <Coords points="810,2226 810,2270 810,2270 810,2226"/>
                        <TextEquiv conf="0.9999"><Unicode>A</Unicode></TextEquiv>
                    </Glyph>
                    <Glyph id="char_119">
                        <Coords points="835,2226 835,2270 835,2270 835,2226"/>
                        <TextEquiv conf="1.0"><Unicode>R</Unicode></TextEquiv>
                    </Glyph>
                    <Glyph id="char_120">
                        <Coords points="859,2226 859,2270 859,2270 859,2226"/>
                        <TextEquiv conf="1.0"><Unicode>I</Unicode></TextEquiv>
                    </Glyph>
                    <Glyph id="char_121">
                        <Coords points="872,2226 872,2270 872,2270 872,2226"/>
                        <TextEquiv conf="1.0"><Unicode>S</Unicode></TextEquiv>
                    </Glyph>
                    <Glyph id="char_122">
                        <Coords points="893,2226 893,2270 893,2270 893,2226"/>
                        <TextEquiv conf="1.0"><Unicode>C</Unicode></TextEquiv>
                    </Glyph>
                    <Glyph id="char_123">
                        <Coords points="915,2226 915,2270 915,2270 915,2226"/>
                        <TextEquiv conf="1.0"><Unicode>H</Unicode></TextEquiv>
                    </Glyph>
                    <Glyph id="char_124">
                        <Coords points="942,2226 942,2270 942,2270 942,2226"/>
                        <TextEquiv conf="1.0"><Unicode>E</Unicode></TextEquiv>
                    </Glyph>
                    <Glyph id="char_125">
                        <Coords points="967,2226 967,2270 967,2270 967,2226"/>
                        <TextEquiv conf="1.0"><Unicode>N</Unicode></TextEquiv>
                    </Glyph>
                    <TextEquiv conf="1.0"><Unicode>LITTERARISCHEN</Unicode></TextEquiv>
                </Word>
                <Word id="segment_26">
                    <Coords points="994,2226 994,2269 994,2269 994,2226"/>
                    <Glyph id="char_126">
                        <Coords points="994,2226 994,2269 994,2269 994,2226"/>
                        <TextEquiv conf="1.0"><Unicode> </Unicode></TextEquiv>
                    </Glyph>
                    <TextEquiv conf="1.0"><Unicode> </Unicode></TextEquiv>
                </Word>
                <Word id="segment_27">
                    <Coords points="1007,2226 1007,2269 1114,2269 1114,2226"/>
                    <Glyph id="char_127">
                        <Coords points="1007,2226 1007,2269 1007,2269 1007,2226"/>
                        <TextEquiv conf="1.0"><Unicode>V</Unicode></TextEquiv>
                    </Glyph>
                    <Glyph id="char_128">
                        <Coords points="1031,2226 1031,2269 1031,2269 1031,2226"/>
                        <TextEquiv conf="1.0"><Unicode>E</Unicode></TextEquiv>
                    </Glyph>
                    <Glyph id="char_129">
                        <Coords points="1053,2226 1053,2269 1053,2269 1053,2226"/>
                        <TextEquiv conf="1.0"><Unicode>R</Unicode></TextEquiv>
                    </Glyph>
                    <Glyph id="char_130">
                        <Coords points="1077,2226 1077,2269 1077,2269 1077,2226"/>
                        <TextEquiv conf="0.9994"><Unicode>E</Unicode></TextEquiv>
                    </Glyph>
                    <Glyph id="char_131">
                        <Coords points="1102,2226 1102,2269 1102,2269 1102,2226"/>
                        <TextEquiv conf="1.0"><Unicode>I</Unicode></TextEquiv>
                    </Glyph>
                    <Glyph id="char_132">
                        <Coords points="1114,2226 1114,2269 1114,2269 1114,2226"/>
                        <TextEquiv conf="1.0"><Unicode>N</Unicode></TextEquiv>
                    </Glyph>
                    <TextEquiv conf="0.9999"><Unicode>VEREIN</Unicode></TextEquiv>
                </Word>
                <Word id="segment_28">
                    <Coords points="1145,2225 1145,2269 1148,2269 1148,2225"/>
                    <Glyph id="char_133">
                        <Coords points="1145,2225 1145,2269 1148,2269 1148,2225"/>
                        <TextEquiv conf="0.9999"><Unicode> </Unicode></TextEquiv>
                    </Glyph>
                    <TextEquiv conf="0.9999"><Unicode> </Unicode></TextEquiv>
                </Word>
                <Word id="segment_29">
                    <Coords points="1157,2225 1157,2269 1172,2269 1172,2225"/>
                    <Glyph id="char_134">
                        <Coords points="1157,2225 1157,2269 1157,2269 1157,2225"/>
                        <TextEquiv conf="1.0"><Unicode>I</Unicode></TextEquiv>
                    </Glyph>
                    <Glyph id="char_135">
                        <Coords points="1172,2225 1172,2269 1172,2269 1172,2225"/>
                        <TextEquiv conf="1.0"><Unicode>N</Unicode></TextEquiv>
                    </Glyph>
                    <TextEquiv conf="1.0"><Unicode>IN</Unicode></TextEquiv>
                </Word>
                <Word id="segment_30">
                    <Coords points="1197,2225 1197,2269 1200,2269 1200,2225"/>
                    <Glyph id="char_136">
                        <Coords points="1197,2225 1197,2269 1200,2269 1200,2225"/>
                        <TextEquiv conf="1.0"><Unicode> </Unicode></TextEquiv>
                    </Glyph>
                    <TextEquiv conf="1.0"><Unicode> </Unicode></TextEquiv>
                </Word>
                <Word id="segment_31">
                    <Coords points="1209,2225 1209,2269 1402,2268 1402,2225"/>
                    <Glyph id="char_137">
                        <Coords points="1209,2225 1209,2269 1209,2269 1209,2225"/>
                        <TextEquiv conf="1.0"><Unicode>S</Unicode></TextEquiv>
                    </Glyph>
                    <Glyph id="char_138">
                        <Coords points="1237,2225 1237,2269 1237,2269 1237,2225"/>
                        <TextEquiv conf="1.0"><Unicode>T</Unicode></TextEquiv>
                    </Glyph>
                    <Glyph id="char_139">
                        <Coords points="1255,2225 1255,2269 1255,2269 1255,2225"/>
                        <TextEquiv conf="0.9992"><Unicode>U</Unicode></TextEquiv>
                    </Glyph>
                    <Glyph id="char_140">
                        <Coords points="1277,2225 1277,2269 1277,2269 1277,2225"/>
                        <TextEquiv conf="0.9875"><Unicode>T</Unicode></TextEquiv>
                    </Glyph>
                    <Glyph id="char_141">
                        <Coords points="1301,2225 1301,2268 1304,2268 1304,2225"/>
                        <TextEquiv conf="1.0"><Unicode>T</Unicode></TextEquiv>
                    </Glyph>
                    <Glyph id="char_142">
                        <Coords points="1326,2225 1326,2268 1329,2268 1329,2225"/>
                        <TextEquiv conf="0.9896"><Unicode>G</Unicode></TextEquiv>
                    </Glyph>
                    <Glyph id="char_143">
                        <Coords points="1356,2225 1356,2268 1356,2268 1356,2225"/>
                        <TextEquiv conf="0.9991"><Unicode>A</Unicode></TextEquiv>
                    </Glyph>
                    <Glyph id="char_144">
                        <Coords points="1378,2225 1378,2268 1378,2268 1378,2225"/>
                        <TextEquiv conf="1.0"><Unicode>R</Unicode></TextEquiv>
                    </Glyph>
                    <Glyph id="char_145">
                        <Coords points="1402,2225 1402,2268 1402,2268 1402,2225"/>
                        <TextEquiv conf="0.9999"><Unicode>T</Unicode></TextEquiv>
                    </Glyph>
                    <TextEquiv conf="0.9973"><Unicode>STUTTGART</Unicode></TextEquiv>
                </Word>
                <TextEquiv conf="0.9995"><Unicode>GEDRUCKT FOR DEN LITTERARISCHEN VEREIN IN STUTTGART</Unicode></TextEquiv>
            </TextLine>

            <TextLine id="_8488c48d-585c-4154-9f9f-a1487a25b41d" custom="type {type:default;}">
                <Coords points="688,2310 688,2324 1011,2321 1013,2305 1010,2279 834,2273 833,2273 770,2281 721,2273 719,2273 717,2273 687,2282 688,2310"/>
                <Baseline points="688,2310 1013,2305"/>
                <Word id="segment_32">
                    <Coords points="705,2276 706,2324 886,2322 885,2275"/>
                    <Glyph id="char_146">
                        <Coords points="705,2276 706,2324 706,2324 705,2276"/>
                        <TextEquiv conf="1.0"><Unicode>T</Unicode></TextEquiv>
                    </Glyph>
                    <Glyph id="char_147">
                        <Coords points="730,2275 731,2324 731,2324 730,2275"/>
                        <TextEquiv conf="1.0"><Unicode>U</Unicode></TextEquiv>
                    </Glyph>
                    <Glyph id="char_148">
                        <Coords points="755,2278 755,2323 755,2323 755,2278"/>
                        <TextEquiv conf="1.0"><Unicode>B</Unicode></TextEquiv>
                    </Glyph>
                    <Glyph id="char_149">
                        <Coords points="784,2279 784,2323 784,2323 784,2279"/>
                        <TextEquiv conf="1.0"><Unicode>I</Unicode></TextEquiv>
                    </Glyph>
                    <Glyph id="char_150">
                        <Coords points="805,2277 805,2323 805,2323 805,2277"/>
                        <TextEquiv conf="1.0"><Unicode>N</Unicode></TextEquiv>
                    </Glyph>
                    <Glyph id="char_151">
                        <Coords points="832,2273 833,2323 833,2323 832,2273"/>
                        <TextEquiv conf="1.0"><Unicode>G</Unicode></TextEquiv>
                    </Glyph>
                    <Glyph id="char_152">
                        <Coords points="861,2274 862,2322 862,2322 861,2274"/>
                        <TextEquiv conf="1.0"><Unicode>E</Unicode></TextEquiv>
                    </Glyph>
                    <Glyph id="char_153">
                        <Coords points="885,2275 886,2322 886,2322 885,2275"/>
                        <TextEquiv conf="1.0"><Unicode>N</Unicode></TextEquiv>
                    </Glyph>
                    <TextEquiv conf="1.0"><Unicode>TUBINGEN</Unicode></TextEquiv>
                </Word>
                <Word id="segment_33">
                    <Coords points="914,2276 915,2322 918,2322 918,2276"/>
                    <Glyph id="char_154">
                        <Coords points="914,2276 915,2322 918,2322 918,2276"/>
                        <TextEquiv conf="1.0"><Unicode> </Unicode></TextEquiv>
                    </Glyph>
                    <TextEquiv conf="1.0"><Unicode> </Unicode></TextEquiv>
                </Word>
                <Word id="segment_34">
                    <Coords points="929,2276 929,2322 1013,2305 1013,2305"/>
                    <Glyph id="char_155">
                        <Coords points="929,2276 929,2322 929,2322 929,2276"/>
                        <TextEquiv conf="1.0"><Unicode>1</Unicode></TextEquiv>
                    </Glyph>
                    <Glyph id="char_156">
                        <Coords points="943,2277 943,2322 943,2322 943,2277"/>
                        <TextEquiv conf="1.0"><Unicode>9</Unicode></TextEquiv>
                    </Glyph>
                    <Glyph id="char_157">
                        <Coords points="961,2277 961,2321 961,2321 961,2277"/>
                        <TextEquiv conf="0.7155"><Unicode>0</Unicode></TextEquiv>
                    </Glyph>
                    <Glyph id="char_158">
                        <Coords points="979,2278 979,2321 979,2321 979,2278"/>
                        <TextEquiv conf="0.9771"><Unicode>7</Unicode></TextEquiv>
                    </Glyph>
                    <Glyph id="char_159">
                        <Coords points="1013,2305 1013,2305 1013,2305 1013,2305"/>
                        <TextEquiv conf="0.9938"><Unicode>.</Unicode></TextEquiv>
                    </Glyph>
                    <TextEquiv conf="0.9373"><Unicode>1907.</Unicode></TextEquiv>
                </Word>
                <TextEquiv conf="0.9776"><Unicode>TUBINGEN 1907.</Unicode></TextEquiv>
            </TextLine>
        </TextRegion>
    </Page>
</PcGts>