<?xml version="1.0" encoding="UTF-8"?>
<PcGts xmlns="http://schema.primaresearch.org/PAGE/gts/pagecontent/2019-07-15" xmlns:xsi="http://www.w3.org/2001/XMLSchema-instance" xsi:schemaLocation="http://schema.primaresearch.org/PAGE/gts/pagecontent/2019-07-15 http://schema.primaresearch.org/PAGE/gts/pagecontent/2019-07-15/pagecontent.xsd">
    <Metadata>
        <Creator>kraken 6.0.3</Creator>
        <Created>2026-01-20T00:48:46.461463+00:00</Created>
        <LastChange>2026-01-20T00:48:46.461463+00:00</LastChange>
    </Metadata>
    <Page imageFilename="/tmp/tmp4b6bhmsv.png" imageWidth="1708" imageHeight="2767">
        <TextRegion id="_faaac3ee-9a49-4e45-989d-6df8368e3fca" custom="type {type:text;}">
<Coords points="475,1186 945,1186 963,1215 939,1246 479,1240 461,1234 475,1186"/>
            <TextLine id="_bdf80efa-c79c-4baf-888b-75057868e683" custom="type {type:default;}">
                <Coords points="945,1191 479,1191 468,1206 467,1217 467,1231 957,1231 957,1217 954,1205 945,1191"/>
                <Baseline points="467,1217 957,1217"/>
                <Word id="segment_0">
                    <Coords points="483,1191 483,1231 547,1231 547,1191"/>
                    <Glyph id="char_0">
                        <Coords points="483,1191 483,1231 483,1231 483,1191"/>
                        <TextEquiv conf="1.0"><Unicode>A</Unicode></TextEquiv>
                    </Glyph>
                    <Glyph id="char_1">
                        <Coords points="503,1191 503,1231 503,1231 503,1191"/>
                        <TextEquiv conf="1.0"><Unicode>L</Unicode></TextEquiv>
                    </Glyph>
                    <Glyph id="char_2">
                        <Coords points="525,1191 525,1231 525,1231 525,1191"/>
                        <TextEquiv conf="1.0"><Unicode>L</Unicode></TextEquiv>
                    </Glyph>
                    <Glyph id="char_3">
                        <Coords points="547,1191 547,1231 547,1231 547,1191"/>
                        <TextEquiv conf="0.9999"><Unicode>E</Unicode></TextEquiv>
                    </Glyph>
                    <TextEquiv conf="1.0"><Unicode>ALLE</Unicode></TextEquiv>
                </Word>
                <Word id="segment_1">
                    <Coords points="566,1191 566,1231 569,1231 569,1191"/>
                    <Glyph id="char_4">
                        <Coords points="566,1191 566,1231 569,1231 569,1191"/>
                        <TextEquiv conf="1.0"><Unicode> </Unicode></TextEquiv>
                    </Glyph>
                    <TextEquiv conf="1.0"><Unicode> </Unicode></TextEquiv>
                </Word>
                <Word id="segment_2">
                    <Coords points="579,1191 579,1231 684,1231 684,1191"/>
                    <Glyph id="char_5">
                        <Coords points="579,1191 579,1231 579,1231 579,1191"/>
                        <TextEquiv conf="1.0"><Unicode>R</Unicode></TextEquiv>
                    </Glyph>
                    <Glyph id="char_6">
                        <Coords points="601,1191 601,1231 601,1231 601,1191"/>
                        <TextEquiv conf="1.0"><Unicode>E</Unicode></TextEquiv>
                    </Glyph>
                    <Glyph id="char_7">
                        <Coords points="618,1191 618,1231 618,1231 618,1191"/>
                        <TextEquiv conf="1.0"><Unicode>C</Unicode></TextEquiv>
                    </Glyph>
                    <Glyph id="char_8">
                        <Coords points="637,1191 637,1231 637,1231 637,1191"/>
                        <TextEquiv conf="1.0"><Unicode>H</Unicode></TextEquiv>
                    </Glyph>
                    <Glyph id="char_9">
                        <Coords points="662,1191 662,1231 662,1231 662,1191"/>
                        <TextEquiv conf="1.0"><Unicode>T</Unicode></TextEquiv>
                    </Glyph>
                    <Glyph id="char_10">
                        <Coords points="684,1191 684,1231 684,1231 684,1191"/>
                        <TextEquiv conf="1.0"><Unicode>E</Unicode></TextEquiv>
                    </Glyph>
                    <TextEquiv conf="1.0"><Unicode>RECHTE</Unicode></TextEquiv>
                </Word>
                <Word id="segment_3">
                    <Coords points="706,1191 706,1231 708,1231 708,1191"/>
                    <Glyph id="char_11">
                        <Coords points="706,1191 706,1231 708,1231 708,1191"/>
                        <TextEquiv conf="1.0"><Unicode> </Unicode></TextEquiv>
                    </Glyph>
                    <TextEquiv conf="1.0"><Unicode> </Unicode></TextEquiv>
                </Word>
                <Word id="segment_4">
                    <Coords points="717,1191 717,1231 957,1231 957,1217"/>
                    <Glyph id="char_12">
                        <Coords points="717,1191 717,1231 717,1231 717,1191"/>
                        <TextEquiv conf="1.0"><Unicode>V</Unicode></TextEquiv>
                    </Glyph>
                    <Glyph id="char_13">
                        <Coords points="736,1191 736,1231 736,1231 736,1191"/>
                        <TextEquiv conf="1.0"><Unicode>O</Unicode></TextEquiv>
                    </Glyph>
                    <Glyph id="char_14">
                        <Coords points="758,1191 758,1231 758,1231 758,1191"/>
                        <TextEquiv conf="1.0"><Unicode>R</Unicode></TextEquiv>
                    </Glyph>
                    <Glyph id="char_15">
                        <Coords points="780,1191 780,1231 780,1231 780,1191"/>
                        <TextEquiv conf="1.0"><Unicode>B</Unicode></TextEquiv>
                    </Glyph>
                    <Glyph id="char_16">
                        <Coords points="799,1191 799,1231 799,1231 799,1191"/>
                        <TextEquiv conf="0.9999"><Unicode>E</Unicode></TextEquiv>
                    </Glyph>
                    <Glyph id="char_17">
                        <Coords points="821,1191 821,1231 821,1231 821,1191"/>
                        <TextEquiv conf="1.0"><Unicode>H</Unicode></TextEquiv>
                    </Glyph>
                    <Glyph id="char_18">
                        <Coords points="846,1191 846,1231 846,1231 846,1191"/>
                        <TextEquiv conf="1.0"><Unicode>A</Unicode></TextEquiv>
                    </Glyph>
                    <Glyph id="char_19">
                        <Coords points="865,1191 865,1231 865,1231 865,1191"/>
                        <TextEquiv conf="1.0"><Unicode>L</Unicode></TextEquiv>
                    </Glyph>
                    <Glyph id="char_20">
                        <Coords points="887,1191 887,1231 887,1231 887,1191"/>
                        <TextEquiv conf="1.0"><Unicode>T</Unicode></TextEquiv>
                    </Glyph>
                    <Glyph id="char_21">
                        <Coords points="906,1191 906,1231 906,1231 906,1191"/>
                        <TextEquiv conf="1.0"><Unicode>E</Unicode></TextEquiv>
                    </Glyph>
                    <Glyph id="char_22">
                        <Coords points="925,1191 925,1231 925,1231 925,1191"/>
                        <TextEquiv conf="1.0"><Unicode>N</Unicode></TextEquiv>
                    </Glyph>
                    <Glyph id="char_23">
                        <Coords points="957,1217 957,1231 957,1231 957,1217"/>
                        <TextEquiv conf="0.997"><Unicode>.</Unicode></TextEquiv>
                    </Glyph>
                    <TextEquiv conf="0.9997"><Unicode>VORBEHALTEN.</Unicode></TextEquiv>
                </Word>
                <TextEquiv conf="0.9999"><Unicode>ALLE RECHTE VORBEHALTEN.</Unicode></TextEquiv>
            </TextLine>
        </TextRegion>
        <TextRegion id="_da8abb7f-32b5-4ce3-aa68-ebc4661da158" custom="type {type:text;}">
<Coords points="395,2238 1025,2238 1037,2285 1025,2304 405,2298 375,2267 395,2238"/>
            <TextLine id="_ef743b74-ae8d-47de-be65-c7475a1e58e3" custom="type {type:default;}">
                <Coords points="1022,2247 387,2247 387,2272 387,2287 1033,2287 1033,2272 1031,2262 1022,2247"/>
                <Baseline points="387,2272 1033,2272"/>
                <Word id="segment_5">
                    <Coords points="406,2247 406,2287 488,2287 488,2247"/>
                    <Glyph id="char_24">
                        <Coords points="406,2247 406,2287 406,2287 406,2247"/>
                        <TextEquiv conf="1.0"><Unicode>D</Unicode></TextEquiv>
                    </Glyph>
                    <Glyph id="char_25">
                        <Coords points="428,2247 428,2287 428,2287 428,2247"/>
                        <TextEquiv conf="1.0"><Unicode>R</Unicode></TextEquiv>
                    </Glyph>
                    <Glyph id="char_26">
                        <Coords points="447,2247 447,2287 447,2287 447,2247"/>
                        <TextEquiv conf="1.0"><Unicode>U</Unicode></TextEquiv>
                    </Glyph>
                    <Glyph id="char_27">
                        <Coords points="469,2247 469,2287 469,2287 469,2247"/>
                        <TextEquiv conf="0.9999"><Unicode>C</Unicode></TextEquiv>
                    </Glyph>
                    <Glyph id="char_28">
                        <Coords points="488,2247 488,2287 488,2287 488,2247"/>
                        <TextEquiv conf="1.0"><Unicode>k</Unicode></TextEquiv>
                    </Glyph>
                    <TextEquiv conf="1.0"><Unicode>DRUCk</Unicode></TextEquiv>
                </Word>
                <Word id="segment_6">
                    <Coords points="513,2247 513,2287 519,2287 519,2247"/>
                    <Glyph id="char_29">
                        <Coords points="513,2247 513,2287 519,2287 519,2247"/>
                        <TextEquiv conf="1.0"><Unicode> </Unicode></TextEquiv>
                    </Glyph>
                    <TextEquiv conf="1.0"><Unicode> </Unicode></TextEquiv>
                </Word>
                <Word id="segment_7">
                    <Coords points="527,2247 527,2287 565,2287 565,2247"/>
                    <Glyph id="char_30">
                        <Coords points="527,2247 527,2287 527,2287 527,2247"/>
                        <TextEquiv conf="1.0"><Unicode>V</Unicode></TextEquiv>
                    </Glyph>
                    <Glyph id="char_31">
                        <Coords points="546,2247 546,2287 546,2287 546,2247"/>
                        <TextEquiv conf="1.0"><Unicode>O</Unicode></TextEquiv>
                    </Glyph>
                    <Glyph id="char_32">
                        <Coords points="565,2247 565,2287 565,2287 565,2247"/>
                        <TextEquiv conf="1.0"><Unicode>N</Unicode></TextEquiv>
                    </Glyph>
                    <TextEquiv conf="1.0"><Unicode>VON</Unicode></TextEquiv>
                </Word>
                <Word id="segment_8">
                    <Coords points="590,2247 590,2287 593,2287 593,2247"/>
                    <Glyph id="char_33">
                        <Coords points="590,2247 590,2287 593,2287 593,2247"/>
                        <TextEquiv conf="0.9998"><Unicode> </Unicode></TextEquiv>
                    </Glyph>
                    <TextEquiv conf="0.9998"><Unicode> </Unicode></TextEquiv>
                </Word>
                <Word id="segment_9">
                    <Coords points="601,2247 601,2287 631,2287 631,2247"/>
                    <Glyph id="char_34">
                        <Coords points="601,2247 601,2287 601,2287 601,2247"/>
                        <TextEquiv conf="1.0"><Unicode>H</Unicode></TextEquiv>
                    </Glyph>
                    <Glyph id="char_35">
                        <Coords points="631,2247 631,2287 631,2287 631,2247"/>
                        <TextEquiv conf="1.0"><Unicode>.</Unicode></TextEquiv>
                    </Glyph>
                    <TextEquiv conf="1.0"><Unicode>H.</Unicode></TextEquiv>
                </Word>
                <Word id="segment_10">
                    <Coords points="634,2247 634,2287 636,2287 636,2247"/>
                    <Glyph id="char_36">
                        <Coords points="634,2247 634,2287 636,2287 636,2247"/>
                        <TextEquiv conf="1.0"><Unicode> </Unicode></TextEquiv>
                    </Glyph>
                    <TextEquiv conf="1.0"><Unicode> </Unicode></TextEquiv>
                </Word>
                <Word id="segment_11">
                    <Coords points="645,2247 645,2287 730,2287 730,2247"/>
                    <Glyph id="char_37">
                        <Coords points="645,2247 645,2287 645,2287 645,2247"/>
                        <TextEquiv conf="1.0"><Unicode>L</Unicode></TextEquiv>
                    </Glyph>
                    <Glyph id="char_38">
                        <Coords points="667,2247 667,2287 667,2287 667,2247"/>
                        <TextEquiv conf="1.0"><Unicode>A</Unicode></TextEquiv>
                    </Glyph>
                    <Glyph id="char_39">
                        <Coords points="689,2247 689,2287 689,2287 689,2247"/>
                        <TextEquiv conf="0.9751"><Unicode>U</Unicode></TextEquiv>
                    </Glyph>
                    <Glyph id="char_40">
                        <Coords points="711,2247 711,2287 711,2287 711,2247"/>
                        <TextEquiv conf="1.0"><Unicode>P</Unicode></TextEquiv>
                    </Glyph>
                    <Glyph id="char_41">
                        <Coords points="730,2247 730,2287 730,2287 730,2247"/>
                        <TextEquiv conf="0.9964"><Unicode>P</Unicode></TextEquiv>
                    </Glyph>
                    <TextEquiv conf="0.9943"><Unicode>LAUPP</Unicode></TextEquiv>
                </Word>
                <Word id="segment_12">
                    <Coords points="749,2247 749,2287 752,2287 752,2247"/>
                    <Glyph id="char_42">
                        <Coords points="749,2247 749,2287 752,2287 752,2247"/>
                        <TextEquiv conf="0.9997"><Unicode> </Unicode></TextEquiv>
                    </Glyph>
                    <TextEquiv conf="0.9997"><Unicode> </Unicode></TextEquiv>
                </Word>
                <Word id="segment_13">
                    <Coords points="760,2247 760,2287 804,2287 804,2247"/>
                    <Glyph id="char_43">
                        <Coords points="760,2247 760,2287 760,2287 760,2247"/>
                        <TextEquiv conf="1.0"><Unicode>J</Unicode></TextEquiv>
                    </Glyph>
                    <Glyph id="char_44">
                        <Coords points="779,2247 779,2287 779,2287 779,2247"/>
                        <TextEquiv conf="1.0"><Unicode>R</Unicode></TextEquiv>
                    </Glyph>
                    <Glyph id="char_45">
                        <Coords points="804,2247 804,2287 804,2287 804,2247"/>
                        <TextEquiv conf="0.9999"><Unicode>.</Unicode></TextEquiv>
                    </Glyph>
                    <TextEquiv conf="1.0"><Unicode>JR.</Unicode></TextEquiv>
                </Word>
                <Word id="segment_14">
                    <Coords points="806,2247 806,2287 809,2287 809,2247"/>
                    <Glyph id="char_46">
                        <Coords points="806,2247 806,2287 809,2287 809,2247"/>
                        <TextEquiv conf="0.9904"><Unicode> </Unicode></TextEquiv>
                    </Glyph>
                    <TextEquiv conf="0.9904"><Unicode> </Unicode></TextEquiv>
                </Word>
                <Word id="segment_15">
                    <Coords points="831,2247 831,2287 831,2287 831,2247"/>
                    <Glyph id="char_47">
                        <Coords points="831,2247 831,2287 831,2287 831,2247"/>
                        <TextEquiv conf="1.0"><Unicode>N</Unicode></TextEquiv>
                    </Glyph>
                    <TextEquiv conf="1.0"><Unicode>N</Unicode></TextEquiv>
                </Word>
                <Word id="segment_16">
                    <Coords points="856,2247 856,2287 856,2287 856,2247"/>
                    <Glyph id="char_48">
                        <Coords points="856,2247 856,2287 856,2287 856,2247"/>
                        <TextEquiv conf="1.0"><Unicode> </Unicode></TextEquiv>
                    </Glyph>
                    <TextEquiv conf="1.0"><Unicode> </Unicode></TextEquiv>
                </Word>
                <Word id="segment_17">
                    <Coords points="864,2247 864,2287 1033,2287 1033,2272"/>
                    <Glyph id="char_49">
                        <Coords points="864,2247 864,2287 867,2287 867,2247"/>
                        <TextEquiv conf="1.0"><Unicode>T</Unicode></TextEquiv>
                    </Glyph>
                    <Glyph id="char_50">
                        <Coords points="886,2247 886,2287 886,2287 886,2247"/>
                        <TextEquiv conf="1.0"><Unicode>O</Unicode></TextEquiv>
                    </Glyph>
                    <Glyph id="char_51">
                        <Coords points="908,2247 908,2287 908,2287 908,2247"/>
                        <TextEquiv conf="0.9999"><Unicode>B</Unicode></TextEquiv>
                    </Glyph>
                    <Glyph id="char_52">
                        <Coords points="930,2247 930,2287 930,2287 930,2247"/>
                        <TextEquiv conf="0.6109"><Unicode>I</Unicode></TextEquiv>
                    </Glyph>
                    <Glyph id="char_53">
                        <Coords points="944,2247 944,2287 944,2287 944,2247"/>
                        <TextEquiv conf="0.9418"><Unicode>N</Unicode></TextEquiv>
                    </Glyph>
                    <Glyph id="char_54">
                        <Coords points="963,2247 963,2287 963,2287 963,2247"/>
                        <TextEquiv conf="0.9983"><Unicode>G</Unicode></TextEquiv>
                    </Glyph>
                    <Glyph id="char_55">
                        <Coords points="985,2247 985,2287 987,2287 987,2247"/>
                        <TextEquiv conf="0.9999"><Unicode>E</Unicode></TextEquiv>
                    </Glyph>
                    <Glyph id="char_56">
                        <Coords points="1007,2247 1007,2287 1007,2287 1007,2247"/>
                        <TextEquiv conf="0.9978"><Unicode>N</Unicode></TextEquiv>
                    </Glyph>
                    <Glyph id="char_57">
                        <Coords points="1033,2272 1033,2287 1033,2287 1033,2272"/>
                        <TextEquiv conf="0.5072"><Unicode>.</Unicode></TextEquiv>
                    </Glyph>
                    <TextEquiv conf="0.8951"><Unicode>TOBINGEN.</Unicode></TextEquiv>
                </Word>
                <TextEquiv conf="0.9711"><Unicode>DRUCk VON H. LAUPP JR. N TOBINGEN.</Unicode></TextEquiv>
            </TextLine>
        </TextRegion>
    </Page>
</PcGts>