<?xml version="1.0" encoding="UTF-8"?>
<PcGts xmlns="http://schema.primaresearch.org/PAGE/gts/pagecontent/2019-07-15" xmlns:xsi="http://www.w3.org/2001/XMLSchema-instance" xsi:schemaLocation="http://schema.primaresearch.org/PAGE/gts/pagecontent/2019-07-15 http://schema.primaresearch.org/PAGE/gts/pagecontent/2019-07-15/pagecontent.xsd">
    <Metadata>
        <Creator>kraken 6.0.3</Creator>
        <Created>2026-01-20T00:54:00.304184+00:00</Created>
        <LastChange>2026-01-20T00:54:00.304184+00:00</LastChange>
    </Metadata>
    <Page imageFilename="/tmp/tmpdzix4z1q.png" imageWidth="1708" imageHeight="2767">
        <TextRegion id="_b613bbfb-8794-45ff-aff4-898524f07e4c" custom="type {type:text;}">
<Coords points="1518,2594 1548,2594 1560,2611 1525,2624 1518,2594"/>
            <TextLine id="_71c1e82c-2b6f-4d86-a81f-6807f9d08f14" custom="type {type:default;}">
                <Coords points="1538,2594 1523,2594 1523,2613 1521,2627 1546,2627 1548,2614 1546,2610 1538,2594"/>
                <Baseline points="1523,2613 1548,2614"/>
                <Word id="segment_0">
                    <Coords points="1533,2594 1531,2627 1543,2627 1544,2607"/>
                    <Glyph id="char_0">
                        <Coords points="1533,2594 1531,2627 1534,2627 1536,2594"/>
                        <TextEquiv conf="0.9992"><Unicode>—</Unicode></TextEquiv>
                    </Glyph>
                    <Glyph id="char_1">
                        <Coords points="1544,2607 1543,2627 1543,2627 1544,2607"/>
                        <TextEquiv conf="0.9982"><Unicode>.</Unicode></TextEquiv>
                    </Glyph>
                    <TextEquiv conf="0.9987"><Unicode>—.</Unicode></TextEquiv>
                </Word>
                <TextEquiv conf="0.9987"><Unicode>—.</Unicode></TextEquiv>
            </TextLine>
        </TextRegion>
    </Page>
</PcGts>