<?xml version="1.0" encoding="UTF-8"?>
<PcGts xmlns="http://schema.primaresearch.org/PAGE/gts/pagecontent/2019-07-15" xmlns:xsi="http://www.w3.org/2001/XMLSchema-instance" xsi:schemaLocation="http://schema.primaresearch.org/PAGE/gts/pagecontent/2019-07-15 http://schema.primaresearch.org/PAGE/gts/pagecontent/2019-07-15/pagecontent.xsd">
    <Metadata>
        <Creator>kraken 6.0.3</Creator>
        <Created>2026-01-20T00:46:50.726969+00:00</Created>
        <LastChange>2026-01-20T00:46:50.726969+00:00</LastChange>
    </Metadata>
    <Page imageFilename="/tmp/tmpob86rebw.png" imageWidth="1708" imageHeight="2767">
        <TextRegion id="_0c24c188-4cf9-4e18-ba58-87451081bcd2" custom="type {type:text;}">
<Coords points="1437,141 1554,147 1529,238 1425,269 1266,256 1259,281 1186,244 1203,219 1174,225 1160,262 1076,256 1094,215 1123,215 1119,245 1149,232 1137,184 1186,176 1156,153 1437,141"/>
            <TextLine id="_f8adfb28-992a-42b5-b2e8-e0b334ed16ac" custom="type {type:default;}">
                <Coords points="1483,142 1468,142 1452,141 1437,141 1422,141 1406,141 1391,142 1375,142 1360,144 1345,144 1329,144 1332,179 1332,210 1354,230 1354,232 1355,232 1357,232 1359,232 1397,230 1398,230 1400,230 1445,190 1494,189 1494,172 1489,142 1483,142"/>
                <Baseline points="1332,179 1494,172"/>
                <Word id="segment_0">
                    <Coords points="1458,141 1461,190 1461,190 1458,141"/>
                    <Glyph id="char_0">
                        <Coords points="1458,141 1461,190 1461,190 1458,141"/>
                        <TextEquiv conf="1.0"><Unicode>—</Unicode></TextEquiv>
                    </Glyph>
                    <TextEquiv conf="1.0"><Unicode>—</Unicode></TextEquiv>
                </Word>
                <TextEquiv conf="1.0"><Unicode>—</Unicode></TextEquiv>
            </TextLine>
        </TextRegion>
        <TextRegion id="_4cd99e0f-3a8a-4ee7-9e84-f762740fb513" custom="type {type:text;}">
<Coords points="232,153 508,153 547,178 594,159 625,182 541,182 545,232 625,215 625,305 681,288 713,332 754,338 750,356 762,338 785,356 848,301 810,238 756,244 725,221 859,215 842,159 883,159 928,215 1019,215 1020,233 1050,215 1056,244 1020,238 996,262 983,238 957,258 983,288 1006,276 1008,338 1068,313 1252,350 1295,313 1315,350 1400,356 1474,319 1560,356 1554,1806 1488,1793 1500,1758 1475,1683 1455,588 1160,558 516,570 478,830 508,959 484,1008 508,1843 1431,1863 1382,1900 1420,1955 1482,1923 1463,1863 1560,1863 1554,1929 1537,1904 1529,1936 1566,2066 1560,2396 1498,2441 1517,2458 982,2421 178,2433 190,1076 338,976 301,830 202,816 184,760 209,539 196,307 232,153"/>
            <TextLine id="_01e418b4-281b-435e-a020-1274a8022acf" custom="type {type:default;}">
                <Coords points="239,193 241,213 256,207 299,225 301,225 302,225 364,224 365,224 367,224 367,222 385,204 410,213 412,213 413,213 415,213 416,213 416,212 425,204 456,204 459,189 455,169 373,169 347,156 345,156 344,156 342,156 319,167 307,158 305,158 304,158 302,158 238,164 239,193"/>
                <Baseline points="239,193 459,189"/>
                <Word id="segment_1">
                    <Coords points="256,162 257,208 432,204 432,169"/>
                    <Glyph id="char_1">
                        <Coords points="256,162 257,208 257,208 256,162"/>
                        <TextEquiv conf="1.0"><Unicode>☚</Unicode></TextEquiv>
                    </Glyph>
                    <Glyph id="char_2">
                        <Coords points="335,159 337,224 337,224 335,159"/>
                        <TextEquiv conf="1.0"><Unicode>R</Unicode></TextEquiv>
                    </Glyph>
                    <Glyph id="char_3">
                        <Coords points="432,169 432,204 432,204 432,169"/>
                        <TextEquiv conf="0.9999"><Unicode>—</Unicode></TextEquiv>
                    </Glyph>
                    <TextEquiv conf="1.0"><Unicode>☚R—</Unicode></TextEquiv>
                </Word>
                <TextEquiv conf="1.0"><Unicode>☚R—</Unicode></TextEquiv>
            </TextLine>

            <TextLine id="_b7689d04-4a5d-490f-a23f-6328b9b63600" custom="type {type:default;}">
                <Coords points="301,430 312,430 312,399 312,350 302,347 301,399 301,430"/>
                <Baseline points="301,399 312,399"/>
                
            </TextLine>

            <TextLine id="_46d5a96c-93f4-43a0-93af-367f05cae3fe" custom="type {type:default;}">
                <Coords points="316,282 319,302 368,285 368,279 362,215 312,221 316,282"/>
                <Baseline points="316,282 368,279"/>
                <Word id="segment_2">
                    <Coords points="324,220 329,299 329,299 324,220"/>
                    <Glyph id="char_4">
                        <Coords points="324,220 329,299 329,299 324,220"/>
                        <TextEquiv conf="0.9915"><Unicode>9</Unicode></TextEquiv>
                    </Glyph>
                    <TextEquiv conf="0.9915"><Unicode>9</Unicode></TextEquiv>
                </Word>
                <TextEquiv conf="0.9915"><Unicode>9</Unicode></TextEquiv>
            </TextLine>

            <TextLine id="_de4eaef8-2c22-4df7-8d4c-a34049e34f9b" custom="type {type:default;}">
                <Coords points="328,427 328,493 358,501 359,427 358,352 328,356 328,427"/>
                <Baseline points="328,427 359,427"/>
                
            </TextLine>

            <TextLine id="_280060dd-5410-4e97-a4ff-c682466ac9c0" custom="type {type:default;}">
                <Coords points="219,587 219,604 298,627 299,627 301,628 358,628 358,627 359,627 419,605 468,605 468,587 467,539 393,545 392,545 390,545 390,547 373,561 307,559 296,548 295,548 293,548 292,548 219,561 219,587"/>
                <Baseline points="219,587 468,587"/>
                <Word id="segment_3">
                    <Coords points="231,559 231,607 335,628 335,560"/>
                    <Glyph id="char_5">
                        <Coords points="231,559 231,607 231,607 231,559"/>
                        <TextEquiv conf="1.0"><Unicode>W</Unicode></TextEquiv>
                    </Glyph>
                    <Glyph id="char_6">
                        <Coords points="329,560 329,628 335,628 335,560"/>
                        <TextEquiv conf="0.9959"><Unicode>A</Unicode></TextEquiv>
                    </Glyph>
                    <TextEquiv conf="0.9979"><Unicode>WA</Unicode></TextEquiv>
                </Word>
                <TextEquiv conf="0.9979"><Unicode>WA</Unicode></TextEquiv>
            </TextLine>

            <TextLine id="_b93dbe0e-3d93-49a9-aaa1-b57df54cbf9e" custom="type {type:default;}">
                <Coords points="287,680 287,702 345,690 401,700 402,679 399,645 352,634 350,634 285,645 287,680"/>
                <Baseline points="287,680 402,679"/>
                <Word id="segment_4">
                    <Coords points="297,643 297,700 297,700 297,643"/>
                    <Glyph id="char_7">
                        <Coords points="297,643 297,700 297,700 297,643"/>
                        <TextEquiv conf="0.8288"><Unicode>4</Unicode></TextEquiv>
                    </Glyph>
                    <TextEquiv conf="0.8288"><Unicode>4</Unicode></TextEquiv>
                </Word>
                <TextEquiv conf="0.8288"><Unicode>4</Unicode></TextEquiv>
            </TextLine>

            <TextLine id="_839de7ca-3e0c-48a0-9511-41f617d65e2f" custom="type {type:default;}">
                <Coords points="198,785 198,811 249,810 250,810 252,810 269,799 321,810 322,810 408,796 408,780 405,733 367,733 365,733 364,733 299,763 253,763 224,745 222,745 221,745 219,745 218,745 216,745 196,760 198,785"/>
                <Baseline points="198,785 408,780"/>
                <Word id="segment_5">
                    <Coords points="296,763 296,805 302,806 300,762"/>
                    <Glyph id="char_8">
                        <Coords points="296,763 296,805 302,806 300,762"/>
                        <TextEquiv conf="1.0"><Unicode> </Unicode></TextEquiv>
                    </Glyph>
                    <TextEquiv conf="1.0"><Unicode> </Unicode></TextEquiv>
                </Word>
                <Word id="segment_6">
                    <Coords points="315,755 317,809 358,804 356,737"/>
                    <Glyph id="char_9">
                        <Coords points="315,755 317,809 322,810 320,753"/>
                        <TextEquiv conf="0.9858"><Unicode>—</Unicode></TextEquiv>
                    </Glyph>
                    <Glyph id="char_10">
                        <Coords points="356,737 358,804 358,804 356,737"/>
                        <TextEquiv conf="0.9998"><Unicode>£</Unicode></TextEquiv>
                    </Glyph>
                    <TextEquiv conf="0.9928"><Unicode>—£</Unicode></TextEquiv>
                </Word>
                <TextEquiv conf="0.9952"><Unicode> —£</Unicode></TextEquiv>
            </TextLine>

            <TextLine id="_85c3823c-c8d9-4d75-9762-eeb3bd9b0259" custom="type {type:default;}">
                <Coords points="264,1157 262,1175 282,1174 284,1159 289,1083 269,1076 264,1157"/>
                <Baseline points="264,1157 284,1159"/>
                
            </TextLine>

            <TextLine id="_3ed17816-046a-4ddb-812c-69d5b469b310" custom="type {type:default;}">
                <Coords points="227,1337 225,1355 293,1354 295,1340 295,1311 227,1300 227,1337"/>
                <Baseline points="227,1337 295,1340"/>
                
            </TextLine>

            <TextLine id="_0626f399-1e7b-4ada-ad11-ce3be9802aca" custom="type {type:default;}">
                <Coords points="332,823 328,874 372,882 376,825 376,794 332,793 332,823"/>
                <Baseline points="332,823 376,825"/>
                <Word id="segment_7">
                    <Coords points="346,793 343,877 343,877 346,793"/>
                    <Glyph id="char_11">
                        <Coords points="346,793 343,877 343,877 346,793"/>
                        <TextEquiv conf="1.0"><Unicode>1</Unicode></TextEquiv>
                    </Glyph>
                    <TextEquiv conf="1.0"><Unicode>1</Unicode></TextEquiv>
                </Word>
                <TextEquiv conf="1.0"><Unicode>1</Unicode></TextEquiv>
            </TextLine>

            <TextLine id="_a75e0745-c429-41a1-9021-e47823b98bf2" custom="type {type:default;}">
                <Coords points="336,1076 336,1083 358,1082 358,1074 350,1014 330,1016 336,1076"/>
                <Baseline points="336,1076 358,1074"/>
                <Word id="segment_8">
                    <Coords points="340,1015 347,1083 347,1083 340,1015"/>
                    <Glyph id="char_12">
                        <Coords points="340,1015 347,1083 347,1083 340,1015"/>
                        <TextEquiv conf="1.0"><Unicode>*</Unicode></TextEquiv>
                    </Glyph>
                    <TextEquiv conf="1.0"><Unicode>*</Unicode></TextEquiv>
                </Word>
                <TextEquiv conf="1.0"><Unicode>*</Unicode></TextEquiv>
            </TextLine>

            <TextLine id="_855052ee-c6f8-4683-b5df-980ca172e043" custom="type {type:default;}">
                <Coords points="436,982 436,999 459,999 459,982 458,925 436,925 436,982"/>
                <Baseline points="436,982 459,982"/>
                <Word id="segment_9">
                    <Coords points="442,925 442,999 442,999 442,925"/>
                    <Glyph id="char_13">
                        <Coords points="442,925 442,999 442,999 442,925"/>
                        <TextEquiv conf="1.0"><Unicode>5</Unicode></TextEquiv>
                    </Glyph>
                    <TextEquiv conf="1.0"><Unicode>5</Unicode></TextEquiv>
                </Word>
                <TextEquiv conf="1.0"><Unicode>5</Unicode></TextEquiv>
            </TextLine>

            <TextLine id="_6e0d6d0c-7bed-4466-b152-f8a318f3ac96" custom="type {type:default;}">
                <Coords points="212,1381 212,1397 290,1417 292,1417 355,1414 356,1414 358,1414 358,1412 375,1395 388,1403 390,1403 392,1403 462,1398 462,1378 458,1332 385,1335 384,1335 382,1335 382,1337 367,1352 332,1352 313,1338 312,1338 310,1338 309,1338 307,1338 305,1338 305,1340 296,1348 287,1341 285,1341 284,1341 282,1341 210,1354 212,1381"/>
                <Baseline points="212,1381 462,1378"/>
                <Word id="segment_10">
                    <Coords points="223,1352 223,1400 223,1400 223,1352"/>
                    <Glyph id="char_14">
                        <Coords points="223,1352 223,1400 223,1400 223,1352"/>
                        <TextEquiv conf="1.0"><Unicode>M</Unicode></TextEquiv>
                    </Glyph>
                    <TextEquiv conf="1.0"><Unicode>M</Unicode></TextEquiv>
                </Word>
                <TextEquiv conf="1.0"><Unicode>M</Unicode></TextEquiv>
            </TextLine>

            <TextLine id="_bb427052-8056-47e1-94b1-e0cb3331f7e4" custom="type {type:default;}">
                <Coords points="264,1471 264,1486 281,1498 282,1498 284,1498 285,1500 321,1500 321,1498 322,1498 324,1498 324,1497 338,1486 398,1498 399,1471 398,1431 313,1440 264,1431 264,1471"/>
                <Baseline points="264,1471 399,1471"/>
                <Word id="segment_11">
                    <Coords points="353,1436 353,1489 358,1490 358,1435"/>
                    <Glyph id="char_15">
                        <Coords points="353,1436 353,1489 358,1490 358,1435"/>
                        <TextEquiv conf="1.0"><Unicode>—</Unicode></TextEquiv>
                    </Glyph>
                    <TextEquiv conf="1.0"><Unicode>—</Unicode></TextEquiv>
                </Word>
                <TextEquiv conf="1.0"><Unicode>—</Unicode></TextEquiv>
            </TextLine>

            <TextLine id="_e839ffaa-60de-4f25-a2e0-24b0405e6258" custom="type {type:default;}">
                <Coords points="259,1547 259,1571 347,1558 348,1544 347,1520 312,1511 310,1511 309,1511 307,1511 305,1511 287,1526 258,1526 259,1547"/>
                <Baseline points="259,1547 348,1544"/>
                <Word id="segment_12">
                    <Coords points="282,1526 284,1567 330,1560 329,1515"/>
                    <Glyph id="char_16">
                        <Coords points="282,1526 284,1567 284,1567 282,1526"/>
                        <TextEquiv conf="0.9941"><Unicode>—</Unicode></TextEquiv>
                    </Glyph>
                    <Glyph id="char_17">
                        <Coords points="329,1515 330,1560 330,1560 329,1515"/>
                        <TextEquiv conf="1.0"><Unicode>—</Unicode></TextEquiv>
                    </Glyph>
                    <TextEquiv conf="0.9971"><Unicode>——</Unicode></TextEquiv>
                </Word>
                <TextEquiv conf="0.9971"><Unicode>——</Unicode></TextEquiv>
            </TextLine>

            <TextLine id="_8568c6a5-6c40-4ba4-a107-a0ab765d7e7c" custom="type {type:default;}">
                <Coords points="262,1589 261,1641 348,1632 382,1644 387,1592 387,1566 341,1564 328,1554 327,1554 325,1554 324,1554 262,1560 262,1589"/>
                <Baseline points="262,1589 387,1592"/>
                
            </TextLine>

            <TextLine id="_98c125e3-2375-49d5-a778-eb672b02d8bc" custom="type {type:default;}">
                <Coords points="232,1737 232,1749 309,1750 310,1737 309,1697 232,1697 232,1737"/>
                <Baseline points="232,1737 310,1737"/>
                <Word id="segment_13">
                    <Coords points="247,1697 247,1749 247,1749 247,1697"/>
                    <Glyph id="char_18">
                        <Coords points="247,1697 247,1749 247,1749 247,1697"/>
                        <TextEquiv conf="1.0"><Unicode>◻</Unicode></TextEquiv>
                    </Glyph>
                    <TextEquiv conf="1.0"><Unicode>◻</Unicode></TextEquiv>
                </Word>
                <TextEquiv conf="1.0"><Unicode>◻</Unicode></TextEquiv>
            </TextLine>

            <TextLine id="_a838fc70-471c-490d-926e-71156170da16" custom="type {type:default;}">
                <Coords points="456,1752 456,1772 465,1772 465,1752 465,1724 456,1723 456,1752"/>
                <Baseline points="456,1752 465,1752"/>
                
            </TextLine>

            <TextLine id="_57dd53d8-bef6-4ff1-acd7-5fb0862afb83" custom="type {type:default;}">
                <Coords points="212,1780 212,1793 272,1815 273,1815 275,1816 350,1816 350,1815 352,1815 353,1815 353,1813 372,1795 385,1803 387,1803 388,1803 459,1797 459,1780 459,1732 404,1732 402,1732 401,1732 399,1732 364,1753 304,1753 289,1740 287,1740 285,1740 284,1740 212,1752 212,1780"/>
                <Baseline points="212,1780 459,1780"/>
                <Word id="segment_14">
                    <Coords points="322,1753 322,1816 322,1816 322,1753"/>
                    <Glyph id="char_19">
                        <Coords points="322,1753 322,1816 322,1816 322,1753"/>
                        <TextEquiv conf="0.9929"><Unicode>R</Unicode></TextEquiv>
                    </Glyph>
                    <TextEquiv conf="0.9929"><Unicode>R</Unicode></TextEquiv>
                </Word>
                <TextEquiv conf="0.9929"><Unicode>R</Unicode></TextEquiv>
            </TextLine>

            <TextLine id="_be7939cc-114d-4d0b-bf49-a82ac024ab85" custom="type {type:default;}">
                <Coords points="285,1870 284,1887 313,1896 315,1896 316,1896 318,1896 319,1896 336,1883 362,1883 392,1896 396,1872 395,1797 328,1809 285,1806 285,1870"/>
                <Baseline points="285,1870 396,1872"/>
                
            </TextLine>

            <TextLine id="_118c921f-8209-4b75-9872-10a50931eec7" custom="type {type:default;}">
                <Coords points="245,1950 245,1969 289,1967 289,1947 284,1926 244,1929 245,1950"/>
                <Baseline points="245,1950 289,1947"/>
                <Word id="segment_15">
                    <Coords points="275,1927 278,1967 280,1967 277,1926"/>
                    <Glyph id="char_20">
                        <Coords points="275,1927 278,1967 280,1967 277,1926"/>
                        <TextEquiv conf="1.0"><Unicode>—</Unicode></TextEquiv>
                    </Glyph>
                    <TextEquiv conf="1.0"><Unicode>—</Unicode></TextEquiv>
                </Word>
                <TextEquiv conf="1.0"><Unicode>—</Unicode></TextEquiv>
            </TextLine>

            <TextLine id="_3e658c56-5050-4e80-b887-babddfbf3554" custom="type {type:default;}">
                <Coords points="225,2130 224,2144 278,2147 281,2133 281,2087 227,2076 225,2130"/>
                <Baseline points="225,2130 281,2133"/>
                <Word id="segment_16">
                    <Coords points="238,2078 234,2145 234,2145 238,2078"/>
                    <Glyph id="char_21">
                        <Coords points="238,2078 234,2145 234,2145 238,2078"/>
                        <TextEquiv conf="0.996"><Unicode>6</Unicode></TextEquiv>
                    </Glyph>
                    <TextEquiv conf="0.996"><Unicode>6</Unicode></TextEquiv>
                </Word>
                <TextEquiv conf="0.996"><Unicode>6</Unicode></TextEquiv>
            </TextLine>

            <TextLine id="_61c91a90-0c2a-4a5a-b654-34337adafe13" custom="type {type:default;}">
                <Coords points="229,2173 232,2259 264,2272 262,2172 259,2138 225,2136 229,2173"/>
                <Baseline points="229,2173 262,2172"/>
                
            </TextLine>

            <TextLine id="_746a6b26-f7b6-46c6-b84e-62c925ab92cf" custom="type {type:default;}">
                <Coords points="245,2342 245,2364 276,2362 276,2342 275,2316 245,2319 245,2342"/>
                <Baseline points="245,2342 276,2342"/>
                
            </TextLine>

            <TextLine id="_76279fbc-f044-4bb6-9926-7b95389da2cc" custom="type {type:default;}">
                <Coords points="284,2172 285,2212 313,2213 315,2170 310,2096 279,2089 284,2172"/>
                <Baseline points="284,2172 315,2170"/>
                <Word id="segment_17">
                    <Coords points="287,2091 295,2212 295,2212 287,2091"/>
                    <Glyph id="char_22">
                        <Coords points="287,2091 295,2212 295,2212 287,2091"/>
                        <TextEquiv conf="0.9932"><Unicode>9</Unicode></TextEquiv>
                    </Glyph>
                    <TextEquiv conf="0.9932"><Unicode>9</Unicode></TextEquiv>
                </Word>
                <TextEquiv conf="0.9932"><Unicode>9</Unicode></TextEquiv>
            </TextLine>

            <TextLine id="_3286f665-004b-43ca-9bd8-3e0388ae6a7e" custom="type {type:default;}">
                <Coords points="292,2265 293,2287 355,2273 355,2259 347,2199 284,2201 292,2265"/>
                <Baseline points="292,2265 355,2259"/>
                
            </TextLine>

            <TextLine id="_f4c2b454-d20b-47c4-90f0-92f0d39207ca" custom="type {type:default;}">
                <Coords points="372,2173 372,2187 439,2189 442,2172 438,2119 370,2130 372,2173"/>
                <Baseline points="372,2173 442,2172"/>
                <Word id="segment_18">
                    <Coords points="381,2128 382,2187 382,2187 381,2128"/>
                    <Glyph id="char_23">
                        <Coords points="381,2128 382,2187 382,2187 381,2128"/>
                        <TextEquiv conf="1.0"><Unicode>4</Unicode></TextEquiv>
                    </Glyph>
                    <TextEquiv conf="1.0"><Unicode>4</Unicode></TextEquiv>
                </Word>
                <TextEquiv conf="1.0"><Unicode>4</Unicode></TextEquiv>
            </TextLine>

            <TextLine id="_9b3b2d38-7fa8-47ba-8370-20afd2083532" custom="type {type:default;}">
                <Coords points="470,2110 467,2133 487,2135 490,2112 502,1935 482,1930 470,2110"/>
                <Baseline points="470,2110 490,2112"/>
                
            </TextLine>

            <TextLine id="_146df1de-59c8-4180-a280-9f77b7993d60" custom="type {type:default;}">
                <Coords points="645,296 647,352 647,365 688,364 688,350 685,301 656,293 645,296"/>
                <Baseline points="647,352 688,350"/>
                <Word id="segment_19">
                    <Coords points="655,293 659,365 659,365 655,293"/>
                    <Glyph id="char_24">
                        <Coords points="655,293 659,365 659,365 655,293"/>
                        <TextEquiv conf="0.956"><Unicode>5</Unicode></TextEquiv>
                    </Glyph>
                    <TextEquiv conf="0.956"><Unicode>5</Unicode></TextEquiv>
                </Word>
                <TextEquiv conf="0.956"><Unicode>5</Unicode></TextEquiv>
            </TextLine>

            <TextLine id="_fc37f0ae-0a50-4d9e-9c45-8f31286d37da" custom="type {type:default;}">
                <Coords points="822,390 822,402 839,404 840,388 834,335 816,335 822,390"/>
                <Baseline points="822,390 840,388"/>
                <Word id="segment_20">
                    <Coords points="821,335 828,403 828,403 821,335"/>
                    <Glyph id="char_25">
                        <Coords points="821,335 828,403 828,403 821,335"/>
                        <TextEquiv conf="0.9999"><Unicode>1</Unicode></TextEquiv>
                    </Glyph>
                    <TextEquiv conf="0.9999"><Unicode>1</Unicode></TextEquiv>
                </Word>
                <TextEquiv conf="0.9999"><Unicode>1</Unicode></TextEquiv>
            </TextLine>

            <TextLine id="_42da79e9-7e5b-4e94-86b2-b9586fc4bf30" custom="type {type:default;}">
                <Coords points="567,547 567,571 959,565 959,541 953,488 922,499 903,487 902,487 900,487 899,487 897,487 896,487 851,514 790,514 750,485 748,485 747,485 745,485 744,485 701,502 668,485 667,485 665,485 622,487 621,487 619,487 619,488 590,518 565,518 567,547"/>
                <Baseline points="567,547 959,541"/>
                <Word id="segment_21">
                    <Coords points="606,501 607,570 636,570 635,486"/>
                    <Glyph id="char_26">
                        <Coords points="606,501 607,570 607,570 606,501"/>
                        <TextEquiv conf="1.0"><Unicode>1</Unicode></TextEquiv>
                    </Glyph>
                    <Glyph id="char_27">
                        <Coords points="635,486 636,570 636,570 635,486"/>
                        <TextEquiv conf="0.9994"><Unicode>0</Unicode></TextEquiv>
                    </Glyph>
                    <TextEquiv conf="0.9997"><Unicode>10</Unicode></TextEquiv>
                </Word>
                <Word id="segment_22">
                    <Coords points="714,497 715,569 721,569 720,494"/>
                    <Glyph id="char_28">
                        <Coords points="714,497 715,569 721,569 720,494"/>
                        <TextEquiv conf="1.0"><Unicode> </Unicode></TextEquiv>
                    </Glyph>
                    <TextEquiv conf="1.0"><Unicode> </Unicode></TextEquiv>
                </Word>
                <Word id="segment_23">
                    <Coords points="737,488 738,568 795,568 795,514"/>
                    <Glyph id="char_29">
                        <Coords points="737,488 738,568 738,568 737,488"/>
                        <TextEquiv conf="0.9803"><Unicode>9</Unicode></TextEquiv>
                    </Glyph>
                    <Glyph id="char_30">
                        <Coords points="795,514 795,568 795,568 795,514"/>
                        <TextEquiv conf="0.9981"><Unicode>.</Unicode></TextEquiv>
                    </Glyph>
                    <TextEquiv conf="0.9892"><Unicode>9.</Unicode></TextEquiv>
                </Word>
                <Word id="segment_24">
                    <Coords points="801,514 801,567 801,567 801,514"/>
                    <Glyph id="char_31">
                        <Coords points="801,514 801,567 801,567 801,514"/>
                        <TextEquiv conf="0.9974"><Unicode> </Unicode></TextEquiv>
                    </Glyph>
                    <TextEquiv conf="0.9974"><Unicode> </Unicode></TextEquiv>
                </Word>
                <Word id="segment_25">
                    <Coords points="818,514 818,567 818,567 818,514"/>
                    <Glyph id="char_32">
                        <Coords points="818,514 818,567 818,567 818,514"/>
                        <TextEquiv conf="1.0"><Unicode>A</Unicode></TextEquiv>
                    </Glyph>
                    <TextEquiv conf="1.0"><Unicode>A</Unicode></TextEquiv>
                </Word>
                <TextEquiv conf="0.9965"><Unicode>10 9. A</Unicode></TextEquiv>
            </TextLine>

            <TextLine id="_e7b10f0a-b1db-4823-94b1-346a7ad2cd87" custom="type {type:default;}">
                <Coords points="970,376 971,436 985,430 985,376 985,325 970,325 970,376"/>
                <Baseline points="970,376 985,376"/>
                
            </TextLine>

            <TextLine id="_6a951e7d-915d-4eea-9ddd-95ab298027b5" custom="type {type:default;}">
                <Coords points="1022,539 1022,561 1056,568 1057,539 1057,511 1022,508 1022,539"/>
                <Baseline points="1022,539 1057,539"/>
                
            </TextLine>

            <TextLine id="_bd325bb4-f42d-44ae-867f-987262e66f27" custom="type {type:default;}">
                <Coords points="725,2067 725,2078 759,2072 760,2064 750,1966 714,1966 725,2067"/>
                <Baseline points="725,2067 760,2064"/>
                <Word id="segment_26">
                    <Coords points="732,1966 742,2075 742,2075 732,1966"/>
                    <Glyph id="char_33">
                        <Coords points="732,1966 742,2075 742,2075 732,1966"/>
                        <TextEquiv conf="1.0"><Unicode>8</Unicode></TextEquiv>
                    </Glyph>
                    <TextEquiv conf="1.0"><Unicode>8</Unicode></TextEquiv>
                </Word>
                <TextEquiv conf="1.0"><Unicode>8</Unicode></TextEquiv>
            </TextLine>

            <TextLine id="_a57b01c2-f0e1-44b3-afde-cdc505dbbb56" custom="type {type:default;}">
                <Coords points="759,2375 759,2481 837,2476 837,2375 836,2318 759,2331 759,2375"/>
                <Baseline points="759,2375 837,2375"/>
                <Word id="segment_27">
                    <Coords points="770,2329 770,2480 770,2480 770,2329"/>
                    <Glyph id="char_34">
                        <Coords points="770,2329 770,2480 770,2480 770,2329"/>
                        <TextEquiv conf="0.9199"><Unicode>5</Unicode></TextEquiv>
                    </Glyph>
                    <TextEquiv conf="0.9199"><Unicode>5</Unicode></TextEquiv>
                </Word>
                <TextEquiv conf="0.9199"><Unicode>5</Unicode></TextEquiv>
            </TextLine>

            <TextLine id="_05d3c61e-49f1-4228-99d3-cb4cfc1b2a16" custom="type {type:default;}">
                <Coords points="931,2365 934,2484 974,2484 971,2364 966,2315 928,2318 931,2365"/>
                <Baseline points="931,2365 971,2364"/>
                <Word id="segment_28">
                    <Coords points="945,2317 949,2484 949,2484 945,2317"/>
                    <Glyph id="char_35">
                        <Coords points="945,2317 949,2484 949,2484 945,2317"/>
                        <TextEquiv conf="1.0"><Unicode>5</Unicode></TextEquiv>
                    </Glyph>
                    <TextEquiv conf="1.0"><Unicode>5</Unicode></TextEquiv>
                </Word>
                <TextEquiv conf="1.0"><Unicode>5</Unicode></TextEquiv>
            </TextLine>

            <TextLine id="_0e8933c5-37e8-4cd5-9d6c-92fbeea121e8" custom="type {type:default;}">
                <Coords points="1395,355 1402,399 1403,415 1415,413 1415,398 1408,350 1395,355"/>
                <Baseline points="1402,399 1415,398"/>
                
            </TextLine>

            <TextLine id="_c2a872f9-f1eb-40e7-847e-16be4bdfc803" custom="type {type:default;}">
                <Coords points="1488,490 1488,430 1478,428 1477,490 1478,518 1488,514 1488,490"/>
                <Baseline points="1477,490 1488,490"/>
                
            </TextLine>

            <TextLine id="_12351540-ae6c-40c8-836d-5630992da28b" custom="type {type:default;}">
                <Coords points="1276,565 1354,561 1380,581 1382,581 1383,581 1385,581 1386,581 1388,581 1406,568 1423,584 1423,585 1425,585 1426,585 1475,587 1480,542 1480,505 1409,491 1408,491 1406,491 1405,491 1362,518 1345,508 1343,508 1342,508 1299,514 1280,501 1277,534 1276,565"/>
                <Baseline points="1277,534 1480,542"/>
                
            </TextLine>

            <TextLine id="_fe1b45aa-9981-440c-bf01-e948af744d21" custom="type {type:default;}">
                <Coords points="1345,1860 1329,1860 1314,1860 1299,1860 1283,1858 1268,1858 1252,1858 1237,1858 1222,1858 1206,1856 1191,1856 1176,1856 1160,1856 1145,1856 1129,1855 1114,1855 1099,1855 1083,1855 1068,1853 1053,1853 1037,1853 1022,1853 1006,1853 584,1853 582,1853 581,1853 561,1861 562,1904 562,1930 727,1927 760,1946 762,1946 764,1947 813,1947 813,1946 814,1946 816,1946 836,1933 876,1944 877,1944 879,1944 880,1944 948,1926 959,1933 960,1933 962,1933 963,1933 1023,1926 1059,1943 1060,1943 1062,1943 1063,1943 1103,1926 1136,1943 1137,1943 1139,1944 1206,1944 1206,1943 1208,1943 1209,1943 1219,1935 1268,1943 1269,1943 1271,1943 1314,1924 1355,1941 1360,1900 1357,1860 1345,1860"/>
                <Baseline points="562,1904 1360,1900"/>
                <Word id="segment_29">
                    <Coords points="587,1853 587,1930 1342,1936 1342,1860"/>
                    <Glyph id="char_36">
                        <Coords points="587,1853 587,1930 587,1930 587,1853"/>
                        <TextEquiv conf="1.0"><Unicode>I</Unicode></TextEquiv>
                    </Glyph>
                    <Glyph id="char_37">
                        <Coords points="606,1853 606,1929 606,1929 606,1853"/>
                        <TextEquiv conf="0.9999"><Unicode>E</Unicode></TextEquiv>
                    </Glyph>
                    <Glyph id="char_38">
                        <Coords points="632,1853 632,1929 632,1929 632,1853"/>
                        <TextEquiv conf="1.0"><Unicode>I</Unicode></TextEquiv>
                    </Glyph>
                    <Glyph id="char_39">
                        <Coords points="651,1853 651,1928 651,1928 651,1853"/>
                        <TextEquiv conf="0.9862"><Unicode>A</Unicode></TextEquiv>
                    </Glyph>
                    <Glyph id="char_40">
                        <Coords points="670,1853 670,1928 670,1928 670,1853"/>
                        <TextEquiv conf="0.9898"><Unicode>M</Unicode></TextEquiv>
                    </Glyph>
                    <Glyph id="char_41">
                        <Coords points="702,1853 702,1927 702,1927 702,1853"/>
                        <TextEquiv conf="0.9982"><Unicode>D</Unicode></TextEquiv>
                    </Glyph>
                    <Glyph id="char_42">
                        <Coords points="746,1853 746,1938 746,1938 746,1853"/>
                        <TextEquiv conf="0.1567"><Unicode>S</Unicode></TextEquiv>
                    </Glyph>
                    <Glyph id="char_43">
                        <Coords points="771,1853 771,1947 771,1947 771,1853"/>
                        <TextEquiv conf="0.9996"><Unicode>U</Unicode></TextEquiv>
                    </Glyph>
                    <Glyph id="char_44">
                        <Coords points="828,1853 828,1938 828,1938 828,1853"/>
                        <TextEquiv conf="0.949"><Unicode>W</Unicode></TextEquiv>
                    </Glyph>
                    <Glyph id="char_45">
                        <Coords points="866,1853 866,1941 866,1941 866,1853"/>
                        <TextEquiv conf="1.0"><Unicode>O</Unicode></TextEquiv>
                    </Glyph>
                    <Glyph id="char_46">
                        <Coords points="898,1853 898,1939 898,1939 898,1853"/>
                        <TextEquiv conf="0.9981"><Unicode>R</Unicode></TextEquiv>
                    </Glyph>
                    <Glyph id="char_47">
                        <Coords points="930,1853 930,1931 930,1931 930,1853"/>
                        <TextEquiv conf="1.0"><Unicode>D</Unicode></TextEquiv>
                    </Glyph>
                    <Glyph id="char_48">
                        <Coords points="962,1853 962,1933 962,1933 962,1853"/>
                        <TextEquiv conf="0.9745"><Unicode>O</Unicode></TextEquiv>
                    </Glyph>
                    <Glyph id="char_49">
                        <Coords points="993,1853 993,1929 993,1929 993,1853"/>
                        <TextEquiv conf="0.9991"><Unicode>V</Unicode></TextEquiv>
                    </Glyph>
                    <Glyph id="char_50">
                        <Coords points="1019,1853 1019,1926 1019,1926 1019,1853"/>
                        <TextEquiv conf="0.8614"><Unicode>M</Unicode></TextEquiv>
                    </Glyph>
                    <Glyph id="char_51">
                        <Coords points="1063,1853 1063,1943 1063,1943 1063,1853"/>
                        <TextEquiv conf="1.0"><Unicode>O</Unicode></TextEquiv>
                    </Glyph>
                    <Glyph id="char_52">
                        <Coords points="1095,1855 1095,1929 1095,1929 1095,1855"/>
                        <TextEquiv conf="0.9932"><Unicode>N</Unicode></TextEquiv>
                    </Glyph>
                    <Glyph id="char_53">
                        <Coords points="1139,1856 1139,1944 1139,1944 1139,1856"/>
                        <TextEquiv conf="0.9907"><Unicode>V</Unicode></TextEquiv>
                    </Glyph>
                    <Glyph id="char_54">
                        <Coords points="1158,1856 1158,1944 1158,1944 1158,1856"/>
                        <TextEquiv conf="1.0"><Unicode>N</Unicode></TextEquiv>
                    </Glyph>
                    <Glyph id="char_55">
                        <Coords points="1190,1856 1190,1944 1190,1944 1190,1856"/>
                        <TextEquiv conf="0.9998"><Unicode>N</Unicode></TextEquiv>
                    </Glyph>
                    <Glyph id="char_56">
                        <Coords points="1228,1858 1228,1936 1228,1936 1228,1858"/>
                        <TextEquiv conf="0.943"><Unicode>E</Unicode></TextEquiv>
                    </Glyph>
                    <Glyph id="char_57">
                        <Coords points="1253,1858 1253,1941 1253,1941 1253,1858"/>
                        <TextEquiv conf="0.9492"><Unicode>R</Unicode></TextEquiv>
                    </Glyph>
                    <Glyph id="char_58">
                        <Coords points="1298,1860 1298,1931 1298,1931 1298,1860"/>
                        <TextEquiv conf="0.9939"><Unicode>I</Unicode></TextEquiv>
                    </Glyph>
                    <Glyph id="char_59">
                        <Coords points="1342,1860 1342,1936 1342,1936 1342,1860"/>
                        <TextEquiv conf="0.2443"><Unicode>Y</Unicode></TextEquiv>
                    </Glyph>
                    <TextEquiv conf="0.9178"><Unicode>IEIAMDSUWORDOVMONVNNERIY</Unicode></TextEquiv>
                </Word>
                <TextEquiv conf="0.9178"><Unicode>IEIAMDSUWORDOVMONVNNERIY</Unicode></TextEquiv>
            </TextLine>

            <TextLine id="_b9f8c45e-c6c1-4d74-abc8-4c0eacc8cf6b" custom="type {type:default;}">
                <Coords points="536,2161 538,2202 588,2219 588,2158 582,2109 533,2119 536,2161"/>
                <Baseline points="536,2161 588,2158"/>
                <Word id="segment_30">
                    <Coords points="541,2117 547,2205 547,2205 541,2117"/>
                    <Glyph id="char_60">
                        <Coords points="541,2117 547,2205 547,2205 541,2117"/>
                        <TextEquiv conf="1.0"><Unicode>8</Unicode></TextEquiv>
                    </Glyph>
                    <TextEquiv conf="1.0"><Unicode>8</Unicode></TextEquiv>
                </Word>
                <TextEquiv conf="1.0"><Unicode>8</Unicode></TextEquiv>
            </TextLine>

            <TextLine id="_f70177d9-5c8d-427a-9407-ec8d78f7d7c9" custom="type {type:default;}">
                <Coords points="653,2167 662,2167 662,2149 662,2075 654,2072 653,2149 653,2167"/>
                <Baseline points="653,2149 662,2149"/>
                
            </TextLine>

            <TextLine id="_d1bd5d8a-dc21-424c-b073-820b592abe89" custom="type {type:default;}">
                <Coords points="1306,2164 1306,2193 1343,2221 1345,2221 1346,2221 1348,2222 1368,2222 1368,2221 1392,2219 1394,2219 1395,2219 1395,2218 1434,2184 1458,2184 1458,2156 1454,2082 1435,2072 1434,2072 1432,2072 1431,2072 1395,2073 1394,2073 1392,2073 1392,2075 1354,2116 1303,2119 1306,2164"/>
                <Baseline points="1306,2164 1458,2156"/>
                <Word id="segment_31">
                    <Coords points="1325,2118 1329,2211 1411,2204 1404,2073"/>
                    <Glyph id="char_61">
                        <Coords points="1325,2118 1329,2211 1329,2211 1325,2118"/>
                        <TextEquiv conf="1.0"><Unicode>g</Unicode></TextEquiv>
                    </Glyph>
                    <Glyph id="char_62">
                        <Coords points="1404,2073 1411,2204 1411,2204 1404,2073"/>
                        <TextEquiv conf="0.9987"><Unicode>8</Unicode></TextEquiv>
                    </Glyph>
                    <TextEquiv conf="0.9993"><Unicode>g8</Unicode></TextEquiv>
                </Word>
                <TextEquiv conf="0.9993"><Unicode>g8</Unicode></TextEquiv>
            </TextLine>

            <TextLine id="_4e8eea29-f4b0-403b-ac02-a68e991a300a" custom="type {type:default;}">
                <Coords points="1398,2339 1398,2353 1442,2358 1443,2339 1443,2304 1398,2298 1398,2339"/>
                <Baseline points="1398,2339 1443,2339"/>
                
            </TextLine>

            <TextLine id="_0aad5513-3568-4df6-af4c-686133202a2f" custom="type {type:default;}">
                <Coords points="1236,2382 1236,2388 1394,2402 1395,2402 1397,2402 1449,2385 1449,2379 1445,2344 1392,2347 1379,2335 1379,2333 1377,2333 1375,2333 1345,2331 1343,2331 1342,2331 1340,2331 1340,2333 1325,2350 1276,2350 1234,2333 1236,2382"/>
                <Baseline points="1236,2382 1449,2379"/>
                <Word id="segment_32">
                    <Coords points="1402,2346 1402,2400 1431,2391 1430,2345"/>
                    <Glyph id="char_63">
                        <Coords points="1402,2346 1402,2400 1402,2400 1402,2346"/>
                        <TextEquiv conf="0.7911"><Unicode>l</Unicode></TextEquiv>
                    </Glyph>
                    <Glyph id="char_64">
                        <Coords points="1430,2345 1431,2391 1431,2391 1430,2345"/>
                        <TextEquiv conf="0.9956"><Unicode>e</Unicode></TextEquiv>
                    </Glyph>
                    <TextEquiv conf="0.8934"><Unicode>le</Unicode></TextEquiv>
                </Word>
                <TextEquiv conf="0.8934"><Unicode>le</Unicode></TextEquiv>
            </TextLine>

            <TextLine id="_fe234e65-6b2d-4cc3-804b-2105e562fc77" custom="type {type:default;}">
                <Coords points="1472,634 1472,651 1549,654 1551,634 1551,582 1472,565 1472,634"/>
                <Baseline points="1472,634 1551,634"/>
                <Word id="segment_33">
                    <Coords points="1484,568 1484,651 1484,651 1484,568"/>
                    <Glyph id="char_65">
                        <Coords points="1484,568 1484,651 1484,651 1484,568"/>
                        <TextEquiv conf="1.0"><Unicode>9</Unicode></TextEquiv>
                    </Glyph>
                    <TextEquiv conf="1.0"><Unicode>9</Unicode></TextEquiv>
                </Word>
                <TextEquiv conf="1.0"><Unicode>9</Unicode></TextEquiv>
            </TextLine>

            <TextLine id="_840dc7ac-cd73-461d-925f-b54ed0f44e3b" custom="type {type:default;}">
                <Coords points="1485,954 1485,969 1503,969 1503,953 1498,930 1482,930 1485,954"/>
                <Baseline points="1485,954 1503,953"/>
                
            </TextLine>

            <TextLine id="_06e61329-4672-439a-8db3-dccd3f76f40b" custom="type {type:default;}">
                <Coords points="1474,1034 1474,1046 1541,1052 1543,1031 1537,974 1512,976 1500,965 1500,963 1498,963 1497,963 1495,963 1494,963 1471,969 1474,1034"/>
                <Baseline points="1474,1034 1543,1031"/>
                <Word id="segment_34">
                    <Coords points="1484,966 1488,1047 1488,1047 1484,966"/>
                    <Glyph id="char_66">
                        <Coords points="1484,966 1488,1047 1488,1047 1484,966"/>
                        <TextEquiv conf="1.0"><Unicode>2</Unicode></TextEquiv>
                    </Glyph>
                    <TextEquiv conf="1.0"><Unicode>2</Unicode></TextEquiv>
                </Word>
                <TextEquiv conf="1.0"><Unicode>2</Unicode></TextEquiv>
            </TextLine>

            <TextLine id="_a145ac84-b339-47c6-ac6d-14c621ef0c6b" custom="type {type:default;}">
                <Coords points="1468,1372 1475,1429 1480,1460 1506,1443 1505,1426 1497,1361 1468,1360 1468,1372"/>
                <Baseline points="1475,1429 1505,1426"/>
                <Word id="segment_35">
                    <Coords points="1484,1361 1493,1451 1493,1451 1484,1361"/>
                    <Glyph id="char_67">
                        <Coords points="1484,1361 1493,1451 1493,1451 1484,1361"/>
                        <TextEquiv conf="0.9991"><Unicode>5</Unicode></TextEquiv>
                    </Glyph>
                    <TextEquiv conf="0.9991"><Unicode>5</Unicode></TextEquiv>
                </Word>
                <TextEquiv conf="0.9991"><Unicode>5</Unicode></TextEquiv>
            </TextLine>

            <TextLine id="_e43eb61f-6dd3-4af2-9dbc-61ad0273b723" custom="type {type:default;}">
                <Coords points="1382,2444 1366,2444 1351,2442 1335,2444 1320,2444 1305,2442 1289,2441 1274,2441 1259,2439 1243,2438 1243,2445 1242,2478 1320,2490 1322,2491 1385,2491 1385,2490 1386,2490 1388,2490 1388,2488 1398,2479 1454,2490 1455,2490 1503,2481 1505,2447 1503,2410 1428,2410 1426,2410 1425,2410 1423,2410 1423,2411 1409,2425 1392,2419 1391,2419 1389,2419 1388,2419 1386,2419 1382,2444"/>
                <Baseline points="1243,2445 1505,2447"/>
                <Word id="segment_36">
                    <Coords points="1325,2444 1325,2491 1402,2480 1402,2423"/>
                    <Glyph id="char_68">
                        <Coords points="1325,2444 1325,2491 1325,2491 1325,2444"/>
                        <TextEquiv conf="0.8333"><Unicode> </Unicode></TextEquiv>
                    </Glyph>
                    <Glyph id="char_69">
                        <Coords points="1402,2423 1402,2480 1402,2480 1402,2423"/>
                        <TextEquiv conf="0.4527"><Unicode> </Unicode></TextEquiv>
                    </Glyph>
                    <TextEquiv conf="0.643"><Unicode>  </Unicode></TextEquiv>
                </Word>
                <TextEquiv conf="0.643"><Unicode>  </Unicode></TextEquiv>
            </TextLine>
        </TextRegion>
        <TextRegion id="_1713b969-f862-41cd-b946-dc37c93a2f7f" custom="type {type:text;}">
<Coords points="687,959 687,963 682,963 682,959 687,959"/>        </TextRegion>
        <TextRegion id="_c4a85d41-ab23-4bd6-afda-d142cd10f3e9" custom="type {type:text;}">
<Coords points="742,2428 760,2428 760,2433 737,2433 742,2428"/>        </TextRegion>
        <TextRegion id="_e81aeb20-d710-416e-a702-9b9d76e5cd6a" custom="type {type:text;}">
<Coords points="903,159 914,159 914,164 897,164 903,159"/>        </TextRegion>
        <TextRegion id="_b533cb52-1fd4-4d9b-937b-637e768b161b" custom="type {type:text;}">
<Coords points="965,159 1002,184 1129,195 965,201 965,159"/>        </TextRegion>
        <TextRegion id="_32ffc9a3-77e8-480d-982c-43067ee65fbf" custom="type {type:text;}">
<Coords points="1142,270 1166,281 1119,287 1119,276 1142,270"/>        </TextRegion>
        <TextRegion id="_e59eebca-bddd-424b-8f44-0653c9922b53" custom="type {type:text;}">
<Coords points="1382,295 1388,305 1371,305 1371,301 1382,295"/>        </TextRegion>
        <TextRegion id="_ab37b95b-36c0-468c-bcf9-f1ba211acf1d" custom="type {type:text;}">
<Coords points="1383,276 1388,287 1377,287 1377,276 1383,276"/>        </TextRegion>
        <TextRegion id="_a1a11649-0c19-4d30-836a-a277dc579114" custom="type {type:text;}">
<Coords points="1463,301 1474,301 1474,312 1457,305 1463,301"/>        </TextRegion>
    </Page>
</PcGts>