<?xml version="1.0" encoding="UTF-8"?>
<PcGts xmlns="http://schema.primaresearch.org/PAGE/gts/pagecontent/2019-07-15" xmlns:xsi="http://www.w3.org/2001/XMLSchema-instance" xsi:schemaLocation="http://schema.primaresearch.org/PAGE/gts/pagecontent/2019-07-15 http://schema.primaresearch.org/PAGE/gts/pagecontent/2019-07-15/pagecontent.xsd">
    <Metadata>
        <Creator>kraken 6.0.3</Creator>
        <Created>2026-01-20T00:47:24.528886+00:00</Created>
        <LastChange>2026-01-20T00:47:24.528886+00:00</LastChange>
    </Metadata>
    <Page imageFilename="/tmp/tmpqnh29hwl.png" imageWidth="1708" imageHeight="2767">
        <TextRegion id="_37387b65-a3d5-4ce9-a900-f97d1b9563d4" custom="type {type:text;}">
<Coords points="1422,1684 1431,1684 1431,1701 1414,1701 1422,1684"/>        </TextRegion>
        <TextRegion id="_d8e04492-b445-46c9-864e-25932f295258" custom="type {type:text;}">
<Coords points="1501,1770 1511,1770 1511,1781 1500,1781 1501,1770"/>        </TextRegion>
    </Page>
</PcGts>