<?xml version="1.0" encoding="UTF-8"?>
<PcGts xmlns="http://schema.primaresearch.org/PAGE/gts/pagecontent/2019-07-15" xmlns:xsi="http://www.w3.org/2001/XMLSchema-instance" xsi:schemaLocation="http://schema.primaresearch.org/PAGE/gts/pagecontent/2019-07-15 http://schema.primaresearch.org/PAGE/gts/pagecontent/2019-07-15/pagecontent.xsd">
    <Metadata>
        <Creator>kraken 6.0.3</Creator>
        <Created>2026-01-20T00:47:02.320223+00:00</Created>
        <LastChange>2026-01-20T00:47:02.320223+00:00</LastChange>
    </Metadata>
    <Page imageFilename="/tmp/tmpnnmpbt9g.png" imageWidth="1708" imageHeight="2767">
        <TextRegion id="_9965112b-b498-4753-ad25-c1449d8106e1" custom="type {type:text;}">
<Coords points="261,215 293,215 319,264 410,301 404,428 447,467 447,607 539,651 521,693 447,737 461,762 490,756 471,797 410,830 410,877 441,896 412,902 398,939 453,953 410,1099 447,1137 453,1203 342,1315 336,1388 416,1389 422,1418 336,1488 336,1584 293,1684 287,1769 245,1763 245,1709 270,1684 221,1646 215,1437 221,313 261,215"/>
            <TextLine id="_2f32ec77-87ec-4d2f-bcda-0cf33fb92d0a" custom="type {type:default;}">
                <Coords points="247,375 245,385 261,387 276,384 276,373 259,375 247,375"/>
                <Baseline points="259,375 261,387"/>
                
            </TextLine>

            <TextLine id="_feb44724-11bf-4815-a395-78d443c4c848" custom="type {type:default;}">
                <Coords points="216,1145 215,1160 215,1174 256,1182 273,1182 264,1143 261,1143 216,1137 216,1145"/>
                <Baseline points="256,1182 261,1143"/>
                
            </TextLine>

            <TextLine id="_10288a37-3796-411d-b4fd-8cb9adb08619" custom="type {type:default;}">
                <Coords points="216,1063 216,1079 264,1079 285,1079 295,1057 264,1056 216,1056 216,1063"/>
                <Baseline points="264,1079 264,1056"/>
                
            </TextLine>

            <TextLine id="_da0ad8c3-9a90-4f8d-be4a-99cd6e4b80bd" custom="type {type:default;}">
                <Coords points="267,1635 282,1594 282,1592 282,1591 270,1529 265,1529 244,1526 238,1632 258,1635 267,1635"/>
                <Baseline points="258,1635 265,1529"/>
                <Word id="segment_0">
                    <Coords points="243,1544 273,1546 273,1546 243,1544"/>
                    <Glyph id="char_0">
                        <Coords points="243,1544 273,1546 273,1546 243,1544"/>
                        <TextEquiv conf="0.9991"><Unicode> </Unicode></TextEquiv>
                    </Glyph>
                    <TextEquiv conf="0.9991"><Unicode> </Unicode></TextEquiv>
                </Word>
                <Word id="segment_1">
                    <Coords points="244,1535 271,1537 271,1537 244,1535"/>
                    <Glyph id="char_1">
                        <Coords points="244,1535 271,1537 271,1537 244,1535"/>
                        <TextEquiv conf="0.9954"><Unicode>.</Unicode></TextEquiv>
                    </Glyph>
                    <TextEquiv conf="0.9954"><Unicode>.</Unicode></TextEquiv>
                </Word>
                <TextEquiv conf="0.9973"><Unicode> .</Unicode></TextEquiv>
            </TextLine>
        </TextRegion>
        <TextRegion id="_2b18bd13-bf53-4966-999d-b3fb1f56db88" custom="type {type:text;}">
<Coords points="284,1807 318,1918 305,1966 361,1998 373,2035 348,2078 367,2189 348,2224 478,2275 484,2347 233,2353 221,2335 227,2010 245,1972 227,1900 252,1820 284,1807"/>
            <TextLine id="_9719bb22-b8e3-493b-9e8a-adbd84f30023" custom="type {type:default;}">
                <Coords points="256,2042 236,2042 236,2142 256,2144 272,2139 262,2112 272,2042 256,2042"/>
                <Baseline points="256,2144 256,2042"/>
                <Word id="segment_2">
                    <Coords points="236,2066 269,2066 256,2042 256,2042"/>
                    <Glyph id="char_2">
                        <Coords points="236,2066 269,2066 269,2066 236,2066"/>
                        <TextEquiv conf="0.9995"><Unicode>—</Unicode></TextEquiv>
                    </Glyph>
                    <Glyph id="char_3">
                        <Coords points="256,2042 256,2042 256,2042 256,2042"/>
                        <TextEquiv conf="0.4897"><Unicode>.</Unicode></TextEquiv>
                    </Glyph>
                    <TextEquiv conf="0.7446"><Unicode>—.</Unicode></TextEquiv>
                </Word>
                <TextEquiv conf="0.7446"><Unicode>—.</Unicode></TextEquiv>
            </TextLine>

            <TextLine id="_7def6948-a132-4eec-b1c5-33d724978746" custom="type {type:default;}">
                <Coords points="249,2325 249,2336 479,2336 479,2325 479,2307 398,2296 396,2296 342,2305 298,2296 296,2296 249,2305 249,2325"/>
                <Baseline points="249,2325 479,2325"/>
                <Word id="segment_3">
                    <Coords points="266,2302 266,2336 479,2336 479,2325"/>
                    <Glyph id="char_4">
                        <Coords points="266,2302 266,2336 266,2336 266,2302"/>
                        <TextEquiv conf="1.0"><Unicode>P</Unicode></TextEquiv>
                    </Glyph>
                    <Glyph id="char_5">
                        <Coords points="326,2302 326,2336 326,2336 326,2302"/>
                        <TextEquiv conf="1.0"><Unicode>L</Unicode></TextEquiv>
                    </Glyph>
                    <Glyph id="char_6">
                        <Coords points="479,2325 479,2336 479,2336 479,2325"/>
                        <TextEquiv conf="0.5076"><Unicode>.</Unicode></TextEquiv>
                    </Glyph>
                    <TextEquiv conf="0.8359"><Unicode>PL.</Unicode></TextEquiv>
                </Word>
                <TextEquiv conf="0.8359"><Unicode>PL.</Unicode></TextEquiv>
            </TextLine>
        </TextRegion>
        <TextRegion id="_ae82696b-ba53-4fb6-98b8-3be16f60c46e" custom="type {type:text;}">
<Coords points="1521,2232 1560,2238 1572,2293 1566,2328 1535,2341 1494,2322 1521,2232"/>        </TextRegion>
    </Page>
</PcGts>