<?xml version="1.0" encoding="UTF-8"?>
<PcGts xmlns="http://schema.primaresearch.org/PAGE/gts/pagecontent/2019-07-15" xmlns:xsi="http://www.w3.org/2001/XMLSchema-instance" xsi:schemaLocation="http://schema.primaresearch.org/PAGE/gts/pagecontent/2019-07-15 http://schema.primaresearch.org/PAGE/gts/pagecontent/2019-07-15/pagecontent.xsd">
    <Metadata>
        <Creator>kraken 6.0.3</Creator>
        <Created>2026-01-20T00:47:13.441287+00:00</Created>
        <LastChange>2026-01-20T00:47:13.441287+00:00</LastChange>
    </Metadata>
    <Page imageFilename="/tmp/tmps0a8fraq.png" imageWidth="1708" imageHeight="2767">
        <TextRegion id="_4bedde2d-a290-4734-93e9-9184e51ac931" custom="type {type:text;}">
<Coords points="166,153 195,159 201,195 135,207 135,166 166,153"/>
            <TextLine id="_387f1027-07ea-4de0-9546-e3006378c567" custom="type {type:default;}">
                <Coords points="159,195 159,207 179,209 181,195 181,176 159,176 159,195"/>
                <Baseline points="159,195 181,195"/>
                <Word id="segment_0">
                    <Coords points="173,176 173,208 175,209 175,176"/>
                    <Glyph id="char_0">
                        <Coords points="173,176 173,208 175,209 175,176"/>
                        <TextEquiv conf="1.0"><Unicode>—</Unicode></TextEquiv>
                    </Glyph>
                    <TextEquiv conf="1.0"><Unicode>—</Unicode></TextEquiv>
                </Word>
                <TextEquiv conf="1.0"><Unicode>—</Unicode></TextEquiv>
            </TextLine>
        </TextRegion>
    </Page>
</PcGts>