<?xml version="1.0" encoding="UTF-8"?>
<PcGts xmlns="http://schema.primaresearch.org/PAGE/gts/pagecontent/2019-07-15" xmlns:xsi="http://www.w3.org/2001/XMLSchema-instance" xsi:schemaLocation="http://schema.primaresearch.org/PAGE/gts/pagecontent/2019-07-15 http://schema.primaresearch.org/PAGE/gts/pagecontent/2019-07-15/pagecontent.xsd">
    <Metadata>
        <Creator>kraken 6.0.3</Creator>
        <Created>2026-01-20T01:42:45.022284+00:00</Created>
        <LastChange>2026-01-20T01:42:45.022284+00:00</LastChange>
    </Metadata>
    <Page imageFilename="early-german-bibles/rostock-emser-1530-low-german/jpg/0007.jpg" imageWidth="980" imageHeight="1500">
        <TextRegion id="_22330874-5420-47b6-80a2-94a8d0e5d495" custom="type {type:text;}">
<Coords points="289,123 652,133 769,150 795,179 700,179 683,169 622,189 276,189 140,175 146,153 170,140 289,123"/>
            <TextLine id="_94be354c-f84a-45a9-87fb-3278cc111e92" custom="type {type:default;}">
                <Coords points="208,135 205,135 201,138 192,136 191,137 183,137 170,149 150,149 150,150 150,173 150,182 198,176 214,183 215,183 215,183 216,183 217,183 228,175 340,175 348,182 348,183 349,183 350,183 350,183 387,178 394,183 395,183 395,183 396,183 434,179 471,183 472,183 473,183 474,183 484,176 498,181 499,181 500,181 524,176 532,183 533,183 534,183 535,184 585,184 585,183 585,183 586,183 596,175 617,183 618,183 619,183 663,180 663,170 662,148 574,147 557,133 556,133 555,133 555,133 533,134 532,134 531,134 518,144 506,133 506,132 505,132 505,132 504,132 503,132 479,140 473,135 472,135 471,135 470,135 470,135 459,139 435,131 434,131 405,131 405,131 404,131 355,149 325,149 299,131 298,131 297,131 260,131 260,131 259,131 236,140 213,133 208,135"/>
                <Baseline points="150,173 245,170 663,170"/>
                <Word id="segment_0">
                    <Coords points="156,149 157,181 157,181 156,149"/>
                    <Glyph id="char_0">
                        <Coords points="156,149 157,181 157,181 156,149"/>
                        <TextEquiv conf="1.0"><Unicode>A</Unicode></TextEquiv>
                    </Glyph>
                    <TextEquiv conf="1.0"><Unicode>A</Unicode></TextEquiv>
                </Word>
                <Word id="segment_1">
                    <Coords points="236,140 237,175 240,175 239,139"/>
                    <Glyph id="char_1">
                        <Coords points="236,140 237,175 240,175 239,139"/>
                        <TextEquiv conf="0.9975"><Unicode> </Unicode></TextEquiv>
                    </Glyph>
                    <TextEquiv conf="0.9975"><Unicode> </Unicode></TextEquiv>
                </Word>
                <Word id="segment_2">
                    <Coords points="269,131 269,175 461,182 461,138"/>
                    <Glyph id="char_2">
                        <Coords points="269,131 269,175 269,175 269,131"/>
                        <TextEquiv conf="0.9958"><Unicode>I</Unicode></TextEquiv>
                    </Glyph>
                    <Glyph id="char_3">
                        <Coords points="302,133 302,175 302,175 302,133"/>
                        <TextEquiv conf="0.9995"><Unicode>A</Unicode></TextEquiv>
                    </Glyph>
                    <Glyph id="char_4">
                        <Coords points="367,145 367,181 367,181 367,145"/>
                        <TextEquiv conf="0.9982"><Unicode>A</Unicode></TextEquiv>
                    </Glyph>
                    <Glyph id="char_5">
                        <Coords points="410,131 410,182 410,182 410,131"/>
                        <TextEquiv conf="0.9997"><Unicode>L</Unicode></TextEquiv>
                    </Glyph>
                    <Glyph id="char_6">
                        <Coords points="461,138 461,182 461,182 461,138"/>
                        <TextEquiv conf="0.8055"><Unicode>B</Unicode></TextEquiv>
                    </Glyph>
                    <TextEquiv conf="0.9597"><Unicode>IAALB</Unicode></TextEquiv>
                </Word>
                <Word id="segment_3">
                    <Coords points="493,135 493,179 493,179 493,135"/>
                    <Glyph id="char_7">
                        <Coords points="493,135 493,179 493,179 493,135"/>
                        <TextEquiv conf="0.9991"><Unicode> </Unicode></TextEquiv>
                    </Glyph>
                    <TextEquiv conf="0.9991"><Unicode> </Unicode></TextEquiv>
                </Word>
                <Word id="segment_4">
                    <Coords points="508,135 508,179 555,184 555,133"/>
                    <Glyph id="char_8">
                        <Coords points="508,135 508,179 508,179 508,135"/>
                        <TextEquiv conf="0.9955"><Unicode>L</Unicode></TextEquiv>
                    </Glyph>
                    <Glyph id="char_9">
                        <Coords points="522,141 522,176 522,176 522,141"/>
                        <TextEquiv conf="0.9993"><Unicode>A</Unicode></TextEquiv>
                    </Glyph>
                    <Glyph id="char_10">
                        <Coords points="555,133 555,184 555,184 555,133"/>
                        <TextEquiv conf="0.9966"><Unicode>N</Unicode></TextEquiv>
                    </Glyph>
                    <TextEquiv conf="0.9971"><Unicode>LAN</Unicode></TextEquiv>
                </Word>
                <TextEquiv conf="0.9806"><Unicode>A IAALB LAN</Unicode></TextEquiv>
            </TextLine>

            <TextLine id="_3e78ada8-0961-4120-83f0-809e798c51d7" custom="type {type:default;}">
                <Coords points="762,150 754,148 745,147 737,145 695,145 695,169 695,179 702,183 703,183 704,183 705,183 705,183 718,179 765,187 766,171 766,150 762,150"/>
                <Baseline points="695,169 766,171"/>
                <Word id="segment_5">
                    <Coords points="724,145 723,180 723,180 724,145"/>
                    <Glyph id="char_11">
                        <Coords points="724,145 723,180 723,180 724,145"/>
                        <TextEquiv conf="0.9062"><Unicode> </Unicode></TextEquiv>
                    </Glyph>
                    <TextEquiv conf="0.9062"><Unicode> </Unicode></TextEquiv>
                </Word>
                <Word id="segment_6">
                    <Coords points="733,145 732,181 760,186 761,150"/>
                    <Glyph id="char_12">
                        <Coords points="733,145 732,181 732,181 733,145"/>
                        <TextEquiv conf="0.9941"><Unicode>M</Unicode></TextEquiv>
                    </Glyph>
                    <Glyph id="char_13">
                        <Coords points="761,150 760,186 760,186 761,150"/>
                        <TextEquiv conf="0.9767"><Unicode>I</Unicode></TextEquiv>
                    </Glyph>
                    <TextEquiv conf="0.9854"><Unicode>MI</Unicode></TextEquiv>
                </Word>
                <TextEquiv conf="0.959"><Unicode> MI</Unicode></TextEquiv>
            </TextLine>
        </TextRegion>
        <TextRegion id="_634d2f53-6d15-4573-94de-ad343c5c4ef5" custom="type {type:text;}">
<Coords points="342,296 425,300 432,329 422,335 449,342 439,355 310,352 333,345 316,340 360,339 313,325 313,306 342,296"/>
            <TextLine id="_e17811cc-4a1f-4104-9122-e2e19a776905" custom="type {type:default;}">
                <Coords points="413,300 405,299 403,299 391,300 388,298 388,298 380,298 371,297 363,297 355,296 348,296 343,301 330,301 330,322 330,331 371,332 377,338 378,338 379,338 380,338 416,335 416,322 415,300 413,300"/>
                <Baseline points="330,322 416,322"/>
                <Word id="segment_7">
                    <Coords points="350,296 350,331 379,338 379,298"/>
                    <Glyph id="char_14">
                        <Coords points="350,296 350,331 350,331 350,296"/>
                        <TextEquiv conf="1.0"><Unicode>N</Unicode></TextEquiv>
                    </Glyph>
                    <Glyph id="char_15">
                        <Coords points="379,298 379,338 379,338 379,298"/>
                        <TextEquiv conf="0.9998"><Unicode>3</Unicode></TextEquiv>
                    </Glyph>
                    <TextEquiv conf="0.9999"><Unicode>N3</Unicode></TextEquiv>
                </Word>
                <Word id="segment_8">
                    <Coords points="397,300 397,337 397,337 397,300"/>
                    <Glyph id="char_16">
                        <Coords points="397,300 397,337 397,337 397,300"/>
                        <TextEquiv conf="1.0"><Unicode> </Unicode></TextEquiv>
                    </Glyph>
                    <TextEquiv conf="1.0"><Unicode> </Unicode></TextEquiv>
                </Word>
                <Word id="segment_9">
                    <Coords points="405,299 405,336 405,336 405,299"/>
                    <Glyph id="char_17">
                        <Coords points="405,299 405,336 405,336 405,299"/>
                        <TextEquiv conf="0.9998"><Unicode>o</Unicode></TextEquiv>
                    </Glyph>
                    <TextEquiv conf="0.9998"><Unicode>o</Unicode></TextEquiv>
                </Word>
                <TextEquiv conf="0.9999"><Unicode>N3 o</Unicode></TextEquiv>
            </TextLine>

            <TextLine id="_e7f81e7c-16b1-4554-940a-0d3859f87783" custom="type {type:default;}">
                <Coords points="427,336 426,335 367,335 356,330 352,339 344,339 335,340 327,346 319,347 318,333 303,330 302,348 301,357 432,357 433,350 433,338 427,336"/>
                <Baseline points="302,348 433,350"/>
                <Word id="segment_10">
                    <Coords points="343,339 343,357 421,357 421,335"/>
                    <Glyph id="char_18">
                        <Coords points="343,339 343,357 343,357 343,339"/>
                        <TextEquiv conf="0.9809"><Unicode>o</Unicode></TextEquiv>
                    </Glyph>
                    <Glyph id="char_19">
                        <Coords points="353,336 353,357 353,357 353,336"/>
                        <TextEquiv conf="0.9755"><Unicode>r</Unicode></TextEquiv>
                    </Glyph>
                    <Glyph id="char_20">
                        <Coords points="368,335 368,357 368,357 368,335"/>
                        <TextEquiv conf="0.9971"><Unicode>u</Unicode></TextEquiv>
                    </Glyph>
                    <Glyph id="char_21">
                        <Coords points="404,335 404,357 404,357 404,335"/>
                        <TextEquiv conf="0.9985"><Unicode>t</Unicode></TextEquiv>
                    </Glyph>
                    <Glyph id="char_22">
                        <Coords points="411,335 411,357 411,357 411,335"/>
                        <TextEquiv conf="0.9951"><Unicode>o</Unicode></TextEquiv>
                    </Glyph>
                    <Glyph id="char_23">
                        <Coords points="421,335 421,357 421,357 421,335"/>
                        <TextEquiv conf="0.9938"><Unicode>m</Unicode></TextEquiv>
                    </Glyph>
                    <TextEquiv conf="0.9902"><Unicode>orutom</Unicode></TextEquiv>
                </Word>
                <TextEquiv conf="0.9902"><Unicode>orutom</Unicode></TextEquiv>
            </TextLine>
        </TextRegion>
        <TextRegion id="_0702ea31-86b9-42ee-8a55-22182b79ed6b" custom="type {type:text;}">
<Coords points="609,340 662,343 685,359 660,373 702,379 622,392 550,379 595,373 580,356 609,340"/>
            <TextLine id="_e884e405-efed-40be-94f9-d0831cb44714" custom="type {type:default;}">
                <Coords points="687,375 678,375 670,374 662,373 658,359 650,350 650,349 649,349 648,349 604,346 604,375 603,382 698,384 700,376 700,364 687,364 687,375"/>
                <Baseline points="604,375 700,376"/>
                <Word id="segment_11">
                    <Coords points="609,346 609,382 645,383 645,349"/>
                    <Glyph id="char_24">
                        <Coords points="609,346 609,382 609,382 609,346"/>
                        <TextEquiv conf="0.9993"><Unicode>H</Unicode></TextEquiv>
                    </Glyph>
                    <Glyph id="char_25">
                        <Coords points="645,349 645,383 645,383 645,349"/>
                        <TextEquiv conf="0.9987"><Unicode>M</Unicode></TextEquiv>
                    </Glyph>
                    <TextEquiv conf="0.999"><Unicode>HM</Unicode></TextEquiv>
                </Word>
                <TextEquiv conf="0.999"><Unicode>HM</Unicode></TextEquiv>
            </TextLine>
        </TextRegion>
        <TextRegion id="_a5ea2362-4e88-4d23-9fe8-43b596f7a322" custom="type {type:text;}">
<Coords points="272,413 583,433 612,423 679,442 663,442 659,455 562,450 579,482 536,485 525,503 519,722 486,729 472,759 406,762 386,792 385,779 353,789 319,759 206,752 203,493 189,486 186,569 183,433 195,440 189,472 202,480 243,420 272,413"/>
            <TextLine id="_8a630c0b-36fe-4c7e-bbde-56b991daf3e3" custom="type {type:default;}">
                <Coords points="502,427 494,427 485,426 480,425 435,426 430,423 427,423 420,422 415,426 395,422 395,422 394,422 393,422 389,426 379,420 377,420 369,419 366,418 356,425 343,419 342,419 341,419 340,419 328,425 309,415 303,415 258,415 252,417 244,420 244,470 243,481 295,485 296,485 297,485 298,485 298,484 306,477 317,477 335,485 336,485 337,485 338,485 358,477 366,484 367,484 368,484 369,484 370,484 385,478 400,483 400,483 401,483 402,483 410,480 418,486 419,486 420,486 420,487 451,487 451,486 452,486 453,486 463,478 479,478 490,486 490,486 491,486 492,486 510,485 511,472 510,427 502,427"/>
                <Baseline points="244,470 511,472"/>
                <Word id="segment_12">
                    <Coords points="263,415 263,483 368,484 368,419"/>
                    <Glyph id="char_26">
                        <Coords points="263,415 263,483 263,483 263,415"/>
                        <TextEquiv conf="1.0"><Unicode>D</Unicode></TextEquiv>
                    </Glyph>
                    <Glyph id="char_27">
                        <Coords points="330,424 330,483 330,483 330,424"/>
                        <TextEquiv conf="1.0"><Unicode>a</Unicode></TextEquiv>
                    </Glyph>
                    <Glyph id="char_28">
                        <Coords points="368,419 368,484 368,484 368,419"/>
                        <TextEquiv conf="0.9644"><Unicode>t</Unicode></TextEquiv>
                    </Glyph>
                    <TextEquiv conf="0.9881"><Unicode>Dat</Unicode></TextEquiv>
                </Word>
                <Word id="segment_13">
                    <Coords points="388,426 388,479 392,480 392,423"/>
                    <Glyph id="char_29">
                        <Coords points="388,426 388,479 392,480 392,423"/>
                        <TextEquiv conf="1.0"><Unicode> </Unicode></TextEquiv>
                    </Glyph>
                    <TextEquiv conf="1.0"><Unicode> </Unicode></TextEquiv>
                </Word>
                <Word id="segment_14">
                    <Coords points="407,424 407,481 488,484 488,426"/>
                    <Glyph id="char_30">
                        <Coords points="407,424 407,481 407,481 407,424"/>
                        <TextEquiv conf="1.0"><Unicode>n</Unicode></TextEquiv>
                    </Glyph>
                    <Glyph id="char_31">
                        <Coords points="450,426 450,487 450,487 450,426"/>
                        <TextEquiv conf="1.0"><Unicode>y</Unicode></TextEquiv>
                    </Glyph>
                    <Glyph id="char_32">
                        <Coords points="488,426 488,484 488,484 488,426"/>
                        <TextEquiv conf="0.9148"><Unicode>e</Unicode></TextEquiv>
                    </Glyph>
                    <TextEquiv conf="0.9716"><Unicode>nye</Unicode></TextEquiv>
                </Word>
                <TextEquiv conf="0.9827"><Unicode>Dat nye</Unicode></TextEquiv>
            </TextLine>

            <TextLine id="_dc46e246-0feb-4734-bc52-797fa6fad3e2" custom="type {type:default;}">
                <Coords points="214,513 213,521 220,526 220,526 221,526 222,526 260,521 266,526 267,526 268,526 269,526 270,526 270,526 280,521 513,526 515,515 515,484 499,477 498,477 497,477 415,484 399,475 398,475 397,475 370,481 349,476 348,476 347,476 346,476 320,483 305,476 304,476 269,475 268,475 267,475 254,481 245,475 244,475 243,475 214,474 214,513"/>
                <Baseline points="214,513 515,515"/>
                <Word id="segment_15">
                    <Coords points="225,474 225,526 361,523 361,479"/>
                    <Glyph id="char_33">
                        <Coords points="225,474 225,526 225,526 225,474"/>
                        <TextEquiv conf="0.9999"><Unicode>T</Unicode></TextEquiv>
                    </Glyph>
                    <Glyph id="char_34">
                        <Coords points="253,480 253,522 253,522 253,480"/>
                        <TextEquiv conf="0.9997"><Unicode>e</Unicode></TextEquiv>
                    </Glyph>
                    <Glyph id="char_35">
                        <Coords points="270,475 270,526 270,526 270,475"/>
                        <TextEquiv conf="1.0"><Unicode>ſ</Unicode></TextEquiv>
                    </Glyph>
                    <Glyph id="char_36">
                        <Coords points="277,475 277,523 277,523 277,475"/>
                        <TextEquiv conf="0.9998"><Unicode>t</Unicode></TextEquiv>
                    </Glyph>
                    <Glyph id="char_37">
                        <Coords points="291,476 291,521 291,521 291,476"/>
                        <TextEquiv conf="1.0"><Unicode>a</Unicode></TextEquiv>
                    </Glyph>
                    <Glyph id="char_38">
                        <Coords points="312,479 312,522 312,522 312,479"/>
                        <TextEquiv conf="1.0"><Unicode>m</Unicode></TextEquiv>
                    </Glyph>
                    <Glyph id="char_39">
                        <Coords points="344,476 344,522 344,522 344,476"/>
                        <TextEquiv conf="1.0"><Unicode>ē</Unicode></TextEquiv>
                    </Glyph>
                    <Glyph id="char_40">
                        <Coords points="361,479 361,523 361,523 361,479"/>
                        <TextEquiv conf="1.0"><Unicode>t</Unicode></TextEquiv>
                    </Glyph>
                    <TextEquiv conf="0.9999"><Unicode>Teſtamēt</Unicode></TextEquiv>
                </Word>
                <Word id="segment_16">
                    <Coords points="376,480 376,523 383,523 383,478"/>
                    <Glyph id="char_41">
                        <Coords points="376,480 376,523 383,523 383,478"/>
                        <TextEquiv conf="1.0"><Unicode> </Unicode></TextEquiv>
                    </Glyph>
                    <TextEquiv conf="1.0"><Unicode> </Unicode></TextEquiv>
                </Word>
                <Word id="segment_17">
                    <Coords points="390,477 390,523 400,524 400,476"/>
                    <Glyph id="char_42">
                        <Coords points="390,477 390,523 390,523 390,477"/>
                        <TextEquiv conf="1.0"><Unicode>ſ</Unicode></TextEquiv>
                    </Glyph>
                    <Glyph id="char_43">
                        <Coords points="400,476 400,524 400,524 400,476"/>
                        <TextEquiv conf="1.0"><Unicode>o</Unicode></TextEquiv>
                    </Glyph>
                    <TextEquiv conf="1.0"><Unicode>ſo</Unicode></TextEquiv>
                </Word>
                <Word id="segment_18">
                    <Coords points="418,484 418,524 418,524 418,484"/>
                    <Glyph id="char_44">
                        <Coords points="418,484 418,524 418,524 418,484"/>
                        <TextEquiv conf="1.0"><Unicode> </Unicode></TextEquiv>
                    </Glyph>
                    <TextEquiv conf="1.0"><Unicode> </Unicode></TextEquiv>
                </Word>
                <Word id="segment_19">
                    <Coords points="428,483 428,524 498,526 498,477"/>
                    <Glyph id="char_45">
                        <Coords points="428,483 428,524 428,524 428,483"/>
                        <TextEquiv conf="1.0"><Unicode>d</Unicode></TextEquiv>
                    </Glyph>
                    <Glyph id="char_46">
                        <Coords points="446,481 446,525 446,525 446,481"/>
                        <TextEquiv conf="1.0"><Unicode>o</Unicode></TextEquiv>
                    </Glyph>
                    <Glyph id="char_47">
                        <Coords points="467,480 467,525 467,525 467,480"/>
                        <TextEquiv conf="0.992"><Unicode>r</Unicode></TextEquiv>
                    </Glyph>
                    <Glyph id="char_48">
                        <Coords points="481,478 481,525 481,525 481,478"/>
                        <TextEquiv conf="0.9999"><Unicode>c</Unicode></TextEquiv>
                    </Glyph>
                    <Glyph id="char_49">
                        <Coords points="498,477 498,526 498,526 498,477"/>
                        <TextEquiv conf="1.0"><Unicode>h</Unicode></TextEquiv>
                    </Glyph>
                    <TextEquiv conf="0.9984"><Unicode>dorch</Unicode></TextEquiv>
                </Word>
                <TextEquiv conf="0.9995"><Unicode>Teſtamēt ſo dorch</Unicode></TextEquiv>
            </TextLine>

            <TextLine id="_78092e08-fe8a-4255-ada1-e192e6fe1cbb" custom="type {type:default;}">
                <Coords points="210,556 516,562 518,552 517,528 490,528 475,521 475,521 455,521 454,521 453,521 452,521 442,527 388,527 381,520 381,520 380,520 380,520 379,520 349,525 341,520 341,519 340,519 340,519 339,519 304,523 290,518 289,518 288,518 220,523 212,517 210,546 210,556"/>
                <Baseline points="210,546 518,552"/>
                <Word id="segment_20">
                    <Coords points="214,518 213,556 243,557 243,521"/>
                    <Glyph id="char_50">
                        <Coords points="214,518 213,556 213,556 214,518"/>
                        <TextEquiv conf="0.9998"><Unicode>d</Unicode></TextEquiv>
                    </Glyph>
                    <Glyph id="char_51">
                        <Coords points="229,522 229,556 229,556 229,522"/>
                        <TextEquiv conf="1.0"><Unicode>e</Unicode></TextEquiv>
                    </Glyph>
                    <Glyph id="char_52">
                        <Coords points="243,521 243,557 243,557 243,521"/>
                        <TextEquiv conf="1.0"><Unicode>n</Unicode></TextEquiv>
                    </Glyph>
                    <TextEquiv conf="0.9999"><Unicode>den</Unicode></TextEquiv>
                </Word>
                <Word id="segment_21">
                    <Coords points="261,520 260,557 265,557 266,520"/>
                    <Glyph id="char_53">
                        <Coords points="261,520 260,557 265,557 266,520"/>
                        <TextEquiv conf="1.0"><Unicode> </Unicode></TextEquiv>
                    </Glyph>
                    <TextEquiv conf="1.0"><Unicode> </Unicode></TextEquiv>
                </Word>
                <Word id="segment_22">
                    <Coords points="274,519 273,557 441,561 441,527"/>
                    <Glyph id="char_54">
                        <Coords points="274,519 273,557 273,557 274,519"/>
                        <TextEquiv conf="1.0"><Unicode>H</Unicode></TextEquiv>
                    </Glyph>
                    <Glyph id="char_55">
                        <Coords points="301,522 301,558 301,558 301,522"/>
                        <TextEquiv conf="1.0"><Unicode>o</Unicode></TextEquiv>
                    </Glyph>
                    <Glyph id="char_56">
                        <Coords points="317,521 317,558 317,558 317,521"/>
                        <TextEquiv conf="1.0"><Unicode>c</Unicode></TextEquiv>
                    </Glyph>
                    <Glyph id="char_57">
                        <Coords points="332,520 331,558 331,558 332,520"/>
                        <TextEquiv conf="1.0"><Unicode>h</Unicode></TextEquiv>
                    </Glyph>
                    <Glyph id="char_58">
                        <Coords points="350,525 350,559 350,559 350,525"/>
                        <TextEquiv conf="0.9994"><Unicode>g</Unicode></TextEquiv>
                    </Glyph>
                    <Glyph id="char_59">
                        <Coords points="367,522 367,559 367,559 367,522"/>
                        <TextEquiv conf="0.9993"><Unicode>e</Unicode></TextEquiv>
                    </Glyph>
                    <Glyph id="char_60">
                        <Coords points="379,520 378,559 378,559 379,520"/>
                        <TextEquiv conf="1.0"><Unicode>l</Unicode></TextEquiv>
                    </Glyph>
                    <Glyph id="char_61">
                        <Coords points="386,525 386,559 386,559 386,525"/>
                        <TextEquiv conf="1.0"><Unicode>e</Unicode></TextEquiv>
                    </Glyph>
                    <Glyph id="char_62">
                        <Coords points="400,527 400,560 400,560 400,527"/>
                        <TextEquiv conf="1.0"><Unicode>r</Unicode></TextEquiv>
                    </Glyph>
                    <Glyph id="char_63">
                        <Coords points="413,527 413,560 413,560 413,527"/>
                        <TextEquiv conf="1.0"><Unicode>d</Unicode></TextEquiv>
                    </Glyph>
                    <Glyph id="char_64">
                        <Coords points="427,527 427,560 427,560 427,527"/>
                        <TextEquiv conf="1.0"><Unicode>e</Unicode></TextEquiv>
                    </Glyph>
                    <Glyph id="char_65">
                        <Coords points="441,527 441,561 441,561 441,527"/>
                        <TextEquiv conf="1.0"><Unicode>n</Unicode></TextEquiv>
                    </Glyph>
                    <TextEquiv conf="0.9999"><Unicode>Hochgelerden</Unicode></TextEquiv>
                </Word>
                <Word id="segment_23">
                    <Coords points="458,521 457,561 460,561 461,521"/>
                    <Glyph id="char_66">
                        <Coords points="458,521 457,561 460,561 461,521"/>
                        <TextEquiv conf="0.9992"><Unicode> </Unicode></TextEquiv>
                    </Glyph>
                    <TextEquiv conf="0.9992"><Unicode> </Unicode></TextEquiv>
                </Word>
                <Word id="segment_24">
                    <Coords points="467,521 466,561 504,562 504,528"/>
                    <Glyph id="char_67">
                        <Coords points="467,521 466,561 466,561 467,521"/>
                        <TextEquiv conf="0.7618"><Unicode>H</Unicode></TextEquiv>
                    </Glyph>
                    <Glyph id="char_68">
                        <Coords points="496,528 496,562 496,562 496,528"/>
                        <TextEquiv conf="1.0"><Unicode>i</Unicode></TextEquiv>
                    </Glyph>
                    <Glyph id="char_69">
                        <Coords points="504,528 504,562 504,562 504,528"/>
                        <TextEquiv conf="1.0"><Unicode>e</Unicode></TextEquiv>
                    </Glyph>
                    <TextEquiv conf="0.9206"><Unicode>Hie</Unicode></TextEquiv>
                </Word>
                <TextEquiv conf="0.988"><Unicode>den Hochgelerden Hie</Unicode></TextEquiv>
            </TextLine>

            <TextLine id="_250d316f-763a-45a9-9505-408bd8e943a4" custom="type {type:default;}">
                <Coords points="211,579 210,586 218,590 219,590 220,590 285,588 293,593 294,593 295,593 295,593 320,589 388,595 389,595 390,595 401,590 478,597 479,597 515,592 516,585 516,560 440,554 439,554 415,558 382,553 381,553 320,555 315,551 314,551 313,551 312,551 211,553 211,579"/>
                <Baseline points="211,579 516,585"/>
                <Word id="segment_25">
                    <Coords points="218,553 217,589 299,592 300,551"/>
                    <Glyph id="char_70">
                        <Coords points="218,553 217,589 217,589 218,553"/>
                        <TextEquiv conf="0.9999"><Unicode>r</Unicode></TextEquiv>
                    </Glyph>
                    <Glyph id="char_71">
                        <Coords points="230,553 229,590 229,590 230,553"/>
                        <TextEquiv conf="1.0"><Unicode>o</Unicode></TextEquiv>
                    </Glyph>
                    <Glyph id="char_72">
                        <Coords points="244,552 243,589 243,589 244,552"/>
                        <TextEquiv conf="1.0"><Unicode>n</Unicode></TextEquiv>
                    </Glyph>
                    <Glyph id="char_73">
                        <Coords points="262,552 261,589 261,589 262,552"/>
                        <TextEquiv conf="0.9994"><Unicode>y</Unicode></TextEquiv>
                    </Glyph>
                    <Glyph id="char_74">
                        <Coords points="277,552 276,588 276,588 277,552"/>
                        <TextEquiv conf="0.9999"><Unicode>m</Unicode></TextEquiv>
                    </Glyph>
                    <Glyph id="char_75">
                        <Coords points="300,551 299,592 299,592 300,551"/>
                        <TextEquiv conf="0.9937"><Unicode>ū</Unicode></TextEquiv>
                    </Glyph>
                    <TextEquiv conf="0.9988"><Unicode>ronymū</Unicode></TextEquiv>
                </Word>
                <Word id="segment_26">
                    <Coords points="318,553 317,590 320,589 320,555"/>
                    <Glyph id="char_76">
                        <Coords points="318,553 317,590 320,589 320,555"/>
                        <TextEquiv conf="1.0"><Unicode> </Unicode></TextEquiv>
                    </Glyph>
                    <TextEquiv conf="1.0"><Unicode> </Unicode></TextEquiv>
                </Word>
                <Word id="segment_27">
                    <Coords points="330,555 329,590 405,590 405,557"/>
                    <Glyph id="char_77">
                        <Coords points="330,555 329,590 329,590 330,555"/>
                        <TextEquiv conf="0.9999"><Unicode>E</Unicode></TextEquiv>
                    </Glyph>
                    <Glyph id="char_78">
                        <Coords points="350,554 349,592 349,592 350,554"/>
                        <TextEquiv conf="0.9996"><Unicode>m</Unicode></TextEquiv>
                    </Glyph>
                    <Glyph id="char_79">
                        <Coords points="377,553 376,594 376,594 377,553"/>
                        <TextEquiv conf="1.0"><Unicode>g</Unicode></TextEquiv>
                    </Glyph>
                    <Glyph id="char_80">
                        <Coords points="394,555 393,594 393,594 394,555"/>
                        <TextEquiv conf="0.7706"><Unicode>e</Unicode></TextEquiv>
                    </Glyph>
                    <Glyph id="char_81">
                        <Coords points="405,557 405,590 405,590 405,557"/>
                        <TextEquiv conf="0.9972"><Unicode>r</Unicode></TextEquiv>
                    </Glyph>
                    <TextEquiv conf="0.9535"><Unicode>Emger</Unicode></TextEquiv>
                </Word>
                <Word id="segment_28">
                    <Coords points="417,558 417,591 420,592 420,557"/>
                    <Glyph id="char_82">
                        <Coords points="417,558 417,591 420,592 420,557"/>
                        <TextEquiv conf="1.0"><Unicode> </Unicode></TextEquiv>
                    </Glyph>
                    <TextEquiv conf="1.0"><Unicode> </Unicode></TextEquiv>
                </Word>
                <Word id="segment_29">
                    <Coords points="430,556 429,593 499,594 499,559"/>
                    <Glyph id="char_83">
                        <Coords points="430,556 429,593 429,593 430,556"/>
                        <TextEquiv conf="0.9999"><Unicode>ſ</Unicode></TextEquiv>
                    </Glyph>
                    <Glyph id="char_84">
                        <Coords points="439,554 438,593 438,593 439,554"/>
                        <TextEquiv conf="0.9992"><Unicode>a</Unicode></TextEquiv>
                    </Glyph>
                    <Glyph id="char_85">
                        <Coords points="453,555 452,595 452,595 453,555"/>
                        <TextEquiv conf="0.9977"><Unicode>l</Unicode></TextEquiv>
                    </Glyph>
                    <Glyph id="char_86">
                        <Coords points="462,556 461,595 461,595 462,556"/>
                        <TextEquiv conf="0.9988"><Unicode>i</Unicode></TextEquiv>
                    </Glyph>
                    <Glyph id="char_87">
                        <Coords points="470,556 470,596 470,596 470,556"/>
                        <TextEquiv conf="0.9999"><Unicode>g</Unicode></TextEquiv>
                    </Glyph>
                    <Glyph id="char_88">
                        <Coords points="488,558 488,596 488,596 488,558"/>
                        <TextEquiv conf="1.0"><Unicode>e</Unicode></TextEquiv>
                    </Glyph>
                    <Glyph id="char_89">
                        <Coords points="499,559 499,594 499,594 499,559"/>
                        <TextEquiv conf="1.0"><Unicode>n</Unicode></TextEquiv>
                    </Glyph>
                    <TextEquiv conf="0.9994"><Unicode>ſaligen</Unicode></TextEquiv>
                </Word>
                <TextEquiv conf="0.9878"><Unicode>ronymū Emger ſaligen</Unicode></TextEquiv>
            </TextLine>

            <TextLine id="_ebbd3c44-a22f-4f58-be38-3fad684ec45f" custom="type {type:default;}">
                <Coords points="212,610 211,617 299,625 300,625 340,621 380,625 380,625 381,625 382,625 387,621 502,628 503,628 504,628 516,623 517,615 516,589 431,592 417,586 416,586 415,586 351,590 345,585 345,585 344,585 343,585 342,585 294,588 274,584 273,584 272,584 256,589 212,582 212,610"/>
                <Baseline points="212,610 517,615"/>
                <Word id="segment_30">
                    <Coords points="218,583 218,618 307,624 307,587"/>
                    <Glyph id="char_90">
                        <Coords points="218,583 218,618 218,618 218,583"/>
                        <TextEquiv conf="1.0"><Unicode>v</Unicode></TextEquiv>
                    </Glyph>
                    <Glyph id="char_91">
                        <Coords points="235,586 235,619 235,619 235,586"/>
                        <TextEquiv conf="1.0"><Unicode>o</Unicode></TextEquiv>
                    </Glyph>
                    <Glyph id="char_92">
                        <Coords points="252,588 252,621 252,621 252,588"/>
                        <TextEquiv conf="0.9997"><Unicode>r</Unicode></TextEquiv>
                    </Glyph>
                    <Glyph id="char_93">
                        <Coords points="264,586 264,622 264,622 264,586"/>
                        <TextEquiv conf="1.0"><Unicode>d</Unicode></TextEquiv>
                    </Glyph>
                    <Glyph id="char_94">
                        <Coords points="278,585 278,623 278,623 278,585"/>
                        <TextEquiv conf="1.0"><Unicode>u</Unicode></TextEquiv>
                    </Glyph>
                    <Glyph id="char_95">
                        <Coords points="299,588 299,625 299,625 299,588"/>
                        <TextEquiv conf="0.9999"><Unicode>t</Unicode></TextEquiv>
                    </Glyph>
                    <Glyph id="char_96">
                        <Coords points="307,587 307,624 307,624 307,587"/>
                        <TextEquiv conf="0.9925"><Unicode>ꝫ</Unicode></TextEquiv>
                    </Glyph>
                    <TextEquiv conf="0.9989"><Unicode>vordutꝫ</Unicode></TextEquiv>
                </Word>
                <Word id="segment_31">
                    <Coords points="310,587 310,624 313,624 313,587"/>
                    <Glyph id="char_97">
                        <Coords points="310,587 310,624 313,624 313,587"/>
                        <TextEquiv conf="1.0"><Unicode> </Unicode></TextEquiv>
                    </Glyph>
                    <TextEquiv conf="1.0"><Unicode> </Unicode></TextEquiv>
                </Word>
                <Word id="segment_32">
                    <Coords points="319,586 319,623 385,623 385,588"/>
                    <Glyph id="char_98">
                        <Coords points="319,586 319,623 319,623 319,586"/>
                        <TextEquiv conf="1.0"><Unicode>ſ</Unicode></TextEquiv>
                    </Glyph>
                    <Glyph id="char_99">
                        <Coords points="327,586 327,622 327,622 327,586"/>
                        <TextEquiv conf="1.0"><Unicode>c</Unicode></TextEquiv>
                    </Glyph>
                    <Glyph id="char_100">
                        <Coords points="342,585 342,621 342,621 342,585"/>
                        <TextEquiv conf="0.9998"><Unicode>h</Unicode></TextEquiv>
                    </Glyph>
                    <Glyph id="char_101">
                        <Coords points="359,589 359,623 359,623 359,589"/>
                        <TextEquiv conf="1.0"><Unicode>e</Unicode></TextEquiv>
                    </Glyph>
                    <Glyph id="char_102">
                        <Coords points="371,589 371,624 371,624 371,589"/>
                        <TextEquiv conf="0.9995"><Unicode>x</Unicode></TextEquiv>
                    </Glyph>
                    <Glyph id="char_103">
                        <Coords points="382,588 382,625 385,623 385,588"/>
                        <TextEquiv conf="0.9999"><Unicode>.</Unicode></TextEquiv>
                    </Glyph>
                    <TextEquiv conf="0.9998"><Unicode>ſchex.</Unicode></TextEquiv>
                </Word>
                <Word id="segment_33">
                    <Coords points="388,588 388,621 391,621 391,587"/>
                    <Glyph id="char_104">
                        <Coords points="388,588 388,621 391,621 391,587"/>
                        <TextEquiv conf="1.0"><Unicode> </Unicode></TextEquiv>
                    </Glyph>
                    <TextEquiv conf="1.0"><Unicode> </Unicode></TextEquiv>
                </Word>
                <Word id="segment_34">
                    <Coords points="403,587 403,622 426,623 426,590"/>
                    <Glyph id="char_105">
                        <Coords points="403,587 403,622 403,622 403,587"/>
                        <TextEquiv conf="0.9999"><Unicode>N</Unicode></TextEquiv>
                    </Glyph>
                    <Glyph id="char_106">
                        <Coords points="426,590 426,623 426,623 426,590"/>
                        <TextEquiv conf="0.9989"><Unicode>a</Unicode></TextEquiv>
                    </Glyph>
                    <TextEquiv conf="0.9994"><Unicode>Na</Unicode></TextEquiv>
                </Word>
                <Word id="segment_35">
                    <Coords points="443,592 443,624 446,625 446,591"/>
                    <Glyph id="char_107">
                        <Coords points="443,592 443,624 446,625 446,591"/>
                        <TextEquiv conf="0.9996"><Unicode> </Unicode></TextEquiv>
                    </Glyph>
                    <TextEquiv conf="0.9996"><Unicode> </Unicode></TextEquiv>
                </Word>
                <Word id="segment_36">
                    <Coords points="452,591 452,625 504,628 504,589"/>
                    <Glyph id="char_108">
                        <Coords points="452,591 452,625 452,625 452,591"/>
                        <TextEquiv conf="0.9947"><Unicode>g</Unicode></TextEquiv>
                    </Glyph>
                    <Glyph id="char_109">
                        <Coords points="469,591 469,626 469,626 469,591"/>
                        <TextEquiv conf="0.9988"><Unicode>e</Unicode></TextEquiv>
                    </Glyph>
                    <Glyph id="char_110">
                        <Coords points="483,590 483,627 483,627 483,590"/>
                        <TextEquiv conf="1.0"><Unicode>m</Unicode></TextEquiv>
                    </Glyph>
                    <Glyph id="char_111">
                        <Coords points="504,589 504,628 504,628 504,589"/>
                        <TextEquiv conf="0.9998"><Unicode>ō</Unicode></TextEquiv>
                    </Glyph>
                    <TextEquiv conf="0.9983"><Unicode>gemō</Unicode></TextEquiv>
                </Word>
                <TextEquiv conf="0.9992"><Unicode>vordutꝫ ſchex. Na gemō</Unicode></TextEquiv>
            </TextLine>

            <TextLine id="_e1cc842d-2646-4180-9890-ea3d838c6c99" custom="type {type:default;}">
                <Coords points="211,653 297,653 326,658 327,658 328,658 329,658 334,654 353,659 354,659 355,659 386,655 430,660 430,660 471,656 479,661 480,661 480,661 481,662 516,662 517,649 517,625 486,619 485,619 448,623 420,617 420,617 386,622 341,615 340,615 340,615 339,615 331,620 283,616 282,616 264,620 257,615 257,614 256,614 255,614 255,614 226,619 213,613 212,643 211,653"/>
                <Baseline points="212,643 517,649"/>
                <Word id="segment_37">
                    <Coords points="219,616 218,653 261,653 261,618"/>
                    <Glyph id="char_112">
                        <Coords points="219,616 218,653 218,653 219,616"/>
                        <TextEquiv conf="1.0"><Unicode>h</Unicode></TextEquiv>
                    </Glyph>
                    <Glyph id="char_113">
                        <Coords points="237,617 236,653 236,653 237,617"/>
                        <TextEquiv conf="1.0"><Unicode>e</Unicode></TextEquiv>
                    </Glyph>
                    <Glyph id="char_114">
                        <Coords points="249,615 248,653 248,653 249,615"/>
                        <TextEquiv conf="0.9972"><Unicode>i</Unicode></TextEquiv>
                    </Glyph>
                    <Glyph id="char_115">
                        <Coords points="261,618 261,653 261,653 261,618"/>
                        <TextEquiv conf="1.0"><Unicode>t</Unicode></TextEquiv>
                    </Glyph>
                    <TextEquiv conf="0.9993"><Unicode>heit</Unicode></TextEquiv>
                </Word>
                <Word id="segment_38">
                    <Coords points="274,618 273,653 276,653 277,617"/>
                    <Glyph id="char_116">
                        <Coords points="274,618 273,653 276,653 277,617"/>
                        <TextEquiv conf="1.0"><Unicode> </Unicode></TextEquiv>
                    </Glyph>
                    <TextEquiv conf="1.0"><Unicode> </Unicode></TextEquiv>
                </Word>
                <Word id="segment_39">
                    <Coords points="283,616 282,653 315,656 315,619"/>
                    <Glyph id="char_117">
                        <Coords points="283,616 282,653 282,653 283,616"/>
                        <TextEquiv conf="1.0"><Unicode>d</Unicode></TextEquiv>
                    </Glyph>
                    <Glyph id="char_118">
                        <Coords points="301,617 300,653 300,653 301,617"/>
                        <TextEquiv conf="0.9963"><Unicode>e</Unicode></TextEquiv>
                    </Glyph>
                    <Glyph id="char_119">
                        <Coords points="315,619 315,656 315,656 315,619"/>
                        <TextEquiv conf="1.0"><Unicode>r</Unicode></TextEquiv>
                    </Glyph>
                    <TextEquiv conf="0.9988"><Unicode>der</Unicode></TextEquiv>
                </Word>
                <Word id="segment_40">
                    <Coords points="327,620 327,658 330,657 330,620"/>
                    <Glyph id="char_120">
                        <Coords points="327,620 327,658 330,657 330,620"/>
                        <TextEquiv conf="1.0"><Unicode> </Unicode></TextEquiv>
                    </Glyph>
                    <TextEquiv conf="1.0"><Unicode> </Unicode></TextEquiv>
                </Word>
                <Word id="segment_41">
                    <Coords points="337,617 336,654 457,657 457,622"/>
                    <Glyph id="char_121">
                        <Coords points="337,617 336,654 336,654 337,617"/>
                        <TextEquiv conf="1.0"><Unicode>C</Unicode></TextEquiv>
                    </Glyph>
                    <Glyph id="char_122">
                        <Coords points="361,618 360,658 360,658 361,618"/>
                        <TextEquiv conf="0.9998"><Unicode>h</Unicode></TextEquiv>
                    </Glyph>
                    <Glyph id="char_123">
                        <Coords points="379,621 379,656 379,656 379,621"/>
                        <TextEquiv conf="0.9894"><Unicode>r</Unicode></TextEquiv>
                    </Glyph>
                    <Glyph id="char_124">
                        <Coords points="394,621 394,656 394,656 394,621"/>
                        <TextEquiv conf="0.9998"><Unicode>i</Unicode></TextEquiv>
                    </Glyph>
                    <Glyph id="char_125">
                        <Coords points="407,619 406,657 406,657 407,619"/>
                        <TextEquiv conf="0.9997"><Unicode>ſ</Unicode></TextEquiv>
                    </Glyph>
                    <Glyph id="char_126">
                        <Coords points="416,618 415,658 415,658 416,618"/>
                        <TextEquiv conf="0.9998"><Unicode>t</Unicode></TextEquiv>
                    </Glyph>
                    <Glyph id="char_127">
                        <Coords points="425,618 424,659 424,659 425,618"/>
                        <TextEquiv conf="1.0"><Unicode>l</Unicode></TextEquiv>
                    </Glyph>
                    <Glyph id="char_128">
                        <Coords points="433,620 433,660 433,660 433,620"/>
                        <TextEquiv conf="0.9999"><Unicode>i</Unicode></TextEquiv>
                    </Glyph>
                    <Glyph id="char_129">
                        <Coords points="442,622 442,659 442,659 442,622"/>
                        <TextEquiv conf="0.9998"><Unicode>k</Unicode></TextEquiv>
                    </Glyph>
                    <Glyph id="char_130">
                        <Coords points="457,622 457,657 457,657 457,622"/>
                        <TextEquiv conf="0.9972"><Unicode>ē</Unicode></TextEquiv>
                    </Glyph>
                    <TextEquiv conf="0.9985"><Unicode>Chriſtlikē</Unicode></TextEquiv>
                </Word>
                <Word id="segment_42">
                    <Coords points="469,621 469,656 473,657 473,620"/>
                    <Glyph id="char_131">
                        <Coords points="469,621 469,656 473,657 473,620"/>
                        <TextEquiv conf="1.0"><Unicode> </Unicode></TextEquiv>
                    </Glyph>
                    <TextEquiv conf="1.0"><Unicode> </Unicode></TextEquiv>
                </Word>
                <Word id="segment_43">
                    <Coords points="480,620 479,661 506,662 506,623"/>
                    <Glyph id="char_132">
                        <Coords points="480,620 479,661 479,661 480,620"/>
                        <TextEquiv conf="1.0"><Unicode>k</Unicode></TextEquiv>
                    </Glyph>
                    <Glyph id="char_133">
                        <Coords points="486,619 485,662 485,662 486,619"/>
                        <TextEquiv conf="1.0"><Unicode>̓</Unicode></TextEquiv>
                    </Glyph>
                    <Glyph id="char_134">
                        <Coords points="494,621 494,662 494,662 494,621"/>
                        <TextEquiv conf="0.9753"><Unicode>e</Unicode></TextEquiv>
                    </Glyph>
                    <Glyph id="char_135">
                        <Coords points="506,623 506,662 506,662 506,623"/>
                        <TextEquiv conf="0.9999"><Unicode>r</Unicode></TextEquiv>
                    </Glyph>
                    <TextEquiv conf="0.9938"><Unicode>k̓er</Unicode></TextEquiv>
                </Word>
                <TextEquiv conf="0.9981"><Unicode>heit der Chriſtlikē k̓er</Unicode></TextEquiv>
            </TextLine>

            <TextLine id="_1d88798c-3fe6-449a-ba54-f5de5662d4a0" custom="type {type:default;}">
                <Coords points="211,675 210,683 515,691 517,682 517,657 409,657 398,651 397,651 396,651 353,655 349,651 349,650 348,650 347,650 346,650 288,654 277,649 276,649 275,649 249,653 211,648 211,675"/>
                <Baseline points="211,675 517,682"/>
                <Word id="segment_44">
                    <Coords points="217,649 216,683 244,684 245,652"/>
                    <Glyph id="char_136">
                        <Coords points="217,649 216,683 216,683 217,649"/>
                        <TextEquiv conf="0.9995"><Unicode>r</Unicode></TextEquiv>
                    </Glyph>
                    <Glyph id="char_137">
                        <Coords points="233,651 232,684 232,684 233,651"/>
                        <TextEquiv conf="1.0"><Unicode>e</Unicode></TextEquiv>
                    </Glyph>
                    <Glyph id="char_138">
                        <Coords points="245,652 244,684 244,684 245,652"/>
                        <TextEquiv conf="1.0"><Unicode>n</Unicode></TextEquiv>
                    </Glyph>
                    <TextEquiv conf="0.9998"><Unicode>ren</Unicode></TextEquiv>
                </Word>
                <Word id="segment_45">
                    <Coords points="263,651 262,684 265,684 266,650"/>
                    <Glyph id="char_139">
                        <Coords points="263,651 262,684 265,684 266,650"/>
                        <TextEquiv conf="1.0"><Unicode> </Unicode></TextEquiv>
                    </Glyph>
                    <TextEquiv conf="1.0"><Unicode> </Unicode></TextEquiv>
                </Word>
                <Word id="segment_46">
                    <Coords points="271,650 270,685 365,687 366,654"/>
                    <Glyph id="char_140">
                        <Coords points="271,650 270,685 270,685 271,650"/>
                        <TextEquiv conf="0.9998"><Unicode>b</Unicode></TextEquiv>
                    </Glyph>
                    <Glyph id="char_141">
                        <Coords points="286,653 285,685 285,685 286,653"/>
                        <TextEquiv conf="1.0"><Unicode>o</Unicode></TextEquiv>
                    </Glyph>
                    <Glyph id="char_142">
                        <Coords points="304,653 303,685 303,685 304,653"/>
                        <TextEquiv conf="0.998"><Unicode>p</Unicode></TextEquiv>
                    </Glyph>
                    <Glyph id="char_143">
                        <Coords points="327,651 326,686 326,686 327,651"/>
                        <TextEquiv conf="1.0"><Unicode>e</Unicode></TextEquiv>
                    </Glyph>
                    <Glyph id="char_144">
                        <Coords points="340,650 339,686 339,686 340,650"/>
                        <TextEquiv conf="0.9996"><Unicode>r</Unicode></TextEquiv>
                    </Glyph>
                    <Glyph id="char_145">
                        <Coords points="350,652 349,687 349,687 350,652"/>
                        <TextEquiv conf="1.0"><Unicode>d</Unicode></TextEquiv>
                    </Glyph>
                    <Glyph id="char_146">
                        <Coords points="366,654 365,687 365,687 366,654"/>
                        <TextEquiv conf="0.9998"><Unicode>ē</Unicode></TextEquiv>
                    </Glyph>
                    <TextEquiv conf="0.9996"><Unicode>boperdē</Unicode></TextEquiv>
                </Word>
                <Word id="segment_47">
                    <Coords points="376,653 375,687 377,687 378,653"/>
                    <Glyph id="char_147">
                        <Coords points="376,653 375,687 377,687 378,653"/>
                        <TextEquiv conf="0.9995"><Unicode> </Unicode></TextEquiv>
                    </Glyph>
                    <TextEquiv conf="0.9995"><Unicode> </Unicode></TextEquiv>
                </Word>
                <Word id="segment_48">
                    <Coords points="389,652 388,688 457,689 457,657"/>
                    <Glyph id="char_148">
                        <Coords points="389,652 388,688 388,688 389,652"/>
                        <TextEquiv conf="1.0"><Unicode>T</Unicode></TextEquiv>
                    </Glyph>
                    <Glyph id="char_149">
                        <Coords points="411,657 411,688 411,688 411,657"/>
                        <TextEquiv conf="1.0"><Unicode>e</Unicode></TextEquiv>
                    </Glyph>
                    <Glyph id="char_150">
                        <Coords points="428,657 428,689 428,689 428,657"/>
                        <TextEquiv conf="1.0"><Unicode>p</Unicode></TextEquiv>
                    </Glyph>
                    <Glyph id="char_151">
                        <Coords points="444,657 444,689 444,689 444,657"/>
                        <TextEquiv conf="1.0"><Unicode>t</Unicode></TextEquiv>
                    </Glyph>
                    <Glyph id="char_152">
                        <Coords points="457,657 457,689 457,689 457,657"/>
                        <TextEquiv conf="0.9985"><Unicode>e</Unicode></TextEquiv>
                    </Glyph>
                    <TextEquiv conf="0.9997"><Unicode>Tepte</Unicode></TextEquiv>
                </Word>
                <Word id="segment_49">
                    <Coords points="469,657 469,690 472,690 472,657"/>
                    <Glyph id="char_153">
                        <Coords points="469,657 469,690 472,690 472,657"/>
                        <TextEquiv conf="0.9985"><Unicode> </Unicode></TextEquiv>
                    </Glyph>
                    <TextEquiv conf="0.9985"><Unicode> </Unicode></TextEquiv>
                </Word>
                <Word id="segment_50">
                    <Coords points="477,657 477,690 508,691 508,657"/>
                    <Glyph id="char_154">
                        <Coords points="477,657 477,690 477,690 477,657"/>
                        <TextEquiv conf="0.9991"><Unicode>c</Unicode></TextEquiv>
                    </Glyph>
                    <Glyph id="char_155">
                        <Coords points="490,657 490,690 490,690 490,657"/>
                        <TextEquiv conf="1.0"><Unicode>o</Unicode></TextEquiv>
                    </Glyph>
                    <Glyph id="char_156">
                        <Coords points="508,657 508,691 508,691 508,657"/>
                        <TextEquiv conf="0.5726"><Unicode>r</Unicode></TextEquiv>
                    </Glyph>
                    <TextEquiv conf="0.8572"><Unicode>cor</Unicode></TextEquiv>
                </Word>
                <TextEquiv conf="0.9793"><Unicode>ren boperdē Tepte cor</Unicode></TextEquiv>
            </TextLine>

            <TextLine id="_256b7561-f818-4762-9b56-7918cec533bd" custom="type {type:default;}">
                <Coords points="210,708 209,718 477,722 485,727 485,727 486,727 487,727 515,723 516,715 516,690 444,685 443,685 442,685 433,689 380,689 375,684 375,684 374,684 373,684 353,687 346,682 345,682 345,682 344,682 343,682 328,686 293,681 292,681 244,685 235,680 235,680 234,680 233,680 210,683 210,708"/>
                <Baseline points="210,708 516,715"/>
                <Word id="segment_51">
                    <Coords points="217,682 216,718 309,719 310,683"/>
                    <Glyph id="char_157">
                        <Coords points="217,682 216,718 216,718 217,682"/>
                        <TextEquiv conf="0.9999"><Unicode>r</Unicode></TextEquiv>
                    </Glyph>
                    <Glyph id="char_158">
                        <Coords points="228,681 227,718 227,718 228,681"/>
                        <TextEquiv conf="1.0"><Unicode>i</Unicode></TextEquiv>
                    </Glyph>
                    <Glyph id="char_159">
                        <Coords points="239,682 238,718 238,718 239,682"/>
                        <TextEquiv conf="1.0"><Unicode>g</Unicode></TextEquiv>
                    </Glyph>
                    <Glyph id="char_160">
                        <Coords points="256,684 255,719 255,719 256,684"/>
                        <TextEquiv conf="0.9743"><Unicode>e</Unicode></TextEquiv>
                    </Glyph>
                    <Glyph id="char_161">
                        <Coords points="270,683 269,719 269,719 270,683"/>
                        <TextEquiv conf="1.0"><Unicode>r</Unicode></TextEquiv>
                    </Glyph>
                    <Glyph id="char_162">
                        <Coords points="281,682 280,719 280,719 281,682"/>
                        <TextEquiv conf="0.8732"><Unicode>e</Unicode></TextEquiv>
                    </Glyph>
                    <Glyph id="char_163">
                        <Coords points="296,681 295,719 295,719 296,681"/>
                        <TextEquiv conf="0.9999"><Unicode>t</Unicode></TextEquiv>
                    </Glyph>
                    <Glyph id="char_164">
                        <Coords points="310,683 309,719 309,719 310,683"/>
                        <TextEquiv conf="1.0"><Unicode>/</Unicode></TextEquiv>
                    </Glyph>
                    <TextEquiv conf="0.9809"><Unicode>rigeret/</Unicode></TextEquiv>
                </Word>
                <Word id="segment_52">
                    <Coords points="312,684 311,720 317,720 318,685"/>
                    <Glyph id="char_165">
                        <Coords points="312,684 311,720 317,720 318,685"/>
                        <TextEquiv conf="1.0"><Unicode> </Unicode></TextEquiv>
                    </Glyph>
                    <TextEquiv conf="1.0"><Unicode> </Unicode></TextEquiv>
                </Word>
                <Word id="segment_53">
                    <Coords points="324,685 323,720 345,720 346,682"/>
                    <Glyph id="char_166">
                        <Coords points="324,685 323,720 323,720 324,685"/>
                        <TextEquiv conf="1.0"><Unicode>v</Unicode></TextEquiv>
                    </Glyph>
                    <Glyph id="char_167">
                        <Coords points="338,683 337,720 337,720 338,683"/>
                        <TextEquiv conf="0.9998"><Unicode>n</Unicode></TextEquiv>
                    </Glyph>
                    <Glyph id="char_168">
                        <Coords points="343,682 342,720 345,720 346,682"/>
                        <TextEquiv conf="1.0"><Unicode>̄</Unicode></TextEquiv>
                    </Glyph>
                    <TextEquiv conf="0.9999"><Unicode>vn̄</Unicode></TextEquiv>
                </Word>
                <Word id="segment_54">
                    <Coords points="355,687 354,720 356,720 357,686"/>
                    <Glyph id="char_169">
                        <Coords points="355,687 354,720 356,720 357,686"/>
                        <TextEquiv conf="1.0"><Unicode> </Unicode></TextEquiv>
                    </Glyph>
                    <TextEquiv conf="1.0"><Unicode> </Unicode></TextEquiv>
                </Word>
                <Word id="segment_55">
                    <Coords points="366,685 365,720 444,722 445,685"/>
                    <Glyph id="char_170">
                        <Coords points="366,685 365,720 365,720 366,685"/>
                        <TextEquiv conf="0.9999"><Unicode>m</Unicode></TextEquiv>
                    </Glyph>
                    <Glyph id="char_171">
                        <Coords points="387,689 387,721 387,721 387,689"/>
                        <TextEquiv conf="0.9987"><Unicode>e</Unicode></TextEquiv>
                    </Glyph>
                    <Glyph id="char_172">
                        <Coords points="399,689 399,721 399,721 399,689"/>
                        <TextEquiv conf="1.0"><Unicode>d</Unicode></TextEquiv>
                    </Glyph>
                    <Glyph id="char_173">
                        <Coords points="416,689 416,721 416,721 416,689"/>
                        <TextEquiv conf="0.9998"><Unicode>d</Unicode></TextEquiv>
                    </Glyph>
                    <Glyph id="char_174">
                        <Coords points="432,689 432,721 432,721 432,689"/>
                        <TextEquiv conf="0.9999"><Unicode>e</Unicode></TextEquiv>
                    </Glyph>
                    <Glyph id="char_175">
                        <Coords points="445,685 444,722 444,722 445,685"/>
                        <TextEquiv conf="0.7062"><Unicode>r</Unicode></TextEquiv>
                    </Glyph>
                    <TextEquiv conf="0.9507"><Unicode>medder</Unicode></TextEquiv>
                </Word>
                <Word id="segment_56">
                    <Coords points="453,686 452,722 455,722 456,686"/>
                    <Glyph id="char_176">
                        <Coords points="453,686 452,722 455,722 456,686"/>
                        <TextEquiv conf="0.9948"><Unicode> </Unicode></TextEquiv>
                    </Glyph>
                    <TextEquiv conf="0.9948"><Unicode> </Unicode></TextEquiv>
                </Word>
                <Word id="segment_57">
                    <Coords points="462,686 461,722 503,725 504,689"/>
                    <Glyph id="char_177">
                        <Coords points="462,686 461,722 461,722 462,686"/>
                        <TextEquiv conf="0.9957"><Unicode>v</Unicode></TextEquiv>
                    </Glyph>
                    <Glyph id="char_178">
                        <Coords points="479,687 478,722 478,722 479,687"/>
                        <TextEquiv conf="0.9989"><Unicode>m</Unicode></TextEquiv>
                    </Glyph>
                    <Glyph id="char_179">
                        <Coords points="490,688 489,727 492,726 493,688"/>
                        <TextEquiv conf="0.9997"><Unicode>̄</Unicode></TextEquiv>
                    </Glyph>
                    <Glyph id="char_180">
                        <Coords points="504,689 503,725 503,725 504,689"/>
                        <TextEquiv conf="0.9981"><Unicode>e</Unicode></TextEquiv>
                    </Glyph>
                    <TextEquiv conf="0.9981"><Unicode>vm̄e</Unicode></TextEquiv>
                </Word>
                <TextEquiv conf="0.9808"><Unicode>rigeret/ vn̄ medder vm̄e</Unicode></TextEquiv>
            </TextLine>

            <TextLine id="_fd49d6fb-2a33-4cdc-b975-1bf3eb13cf34" custom="type {type:default;}">
                <Coords points="209,742 208,750 224,755 225,755 225,755 244,751 251,757 251,758 252,758 253,758 254,758 255,758 255,758 265,752 289,759 290,759 290,759 291,759 315,753 360,760 361,760 392,755 430,762 430,762 466,755 467,748 467,725 416,716 392,716 391,716 390,716 390,716 390,717 385,721 370,715 369,715 368,715 367,715 366,715 356,722 325,722 310,714 309,714 308,714 307,714 299,717 283,713 282,713 281,713 280,713 262,719 209,717 209,742"/>
                <Baseline points="209,742 467,748"/>
                <Word id="segment_58">
                    <Coords points="216,717 215,752 228,754 229,718"/>
                    <Glyph id="char_181">
                        <Coords points="216,717 215,752 215,752 216,717"/>
                        <TextEquiv conf="0.9969"><Unicode>t</Unicode></TextEquiv>
                    </Glyph>
                    <Glyph id="char_182">
                        <Coords points="229,718 228,754 228,754 229,718"/>
                        <TextEquiv conf="1.0"><Unicode>o</Unicode></TextEquiv>
                    </Glyph>
                    <TextEquiv conf="0.9984"><Unicode>to</Unicode></TextEquiv>
                </Word>
                <Word id="segment_59">
                    <Coords points="245,718 244,751 244,751 245,718"/>
                    <Glyph id="char_183">
                        <Coords points="245,718 244,751 244,751 245,718"/>
                        <TextEquiv conf="1.0"><Unicode> </Unicode></TextEquiv>
                    </Glyph>
                    <TextEquiv conf="1.0"><Unicode> </Unicode></TextEquiv>
                </Word>
                <Word id="segment_60">
                    <Coords points="254,719 253,758 320,754 321,720"/>
                    <Glyph id="char_184">
                        <Coords points="254,719 253,758 253,758 254,719"/>
                        <TextEquiv conf="0.9999"><Unicode>r</Unicode></TextEquiv>
                    </Glyph>
                    <Glyph id="char_185">
                        <Coords points="267,717 266,752 266,752 267,717"/>
                        <TextEquiv conf="1.0"><Unicode>e</Unicode></TextEquiv>
                    </Glyph>
                    <Glyph id="char_186">
                        <Coords points="280,713 279,756 279,756 280,713"/>
                        <TextEquiv conf="1.0"><Unicode>c</Unicode></TextEquiv>
                    </Glyph>
                    <Glyph id="char_187">
                        <Coords points="292,715 291,759 291,759 292,715"/>
                        <TextEquiv conf="0.9996"><Unicode>h</Unicode></TextEquiv>
                    </Glyph>
                    <Glyph id="char_188">
                        <Coords points="308,714 307,755 307,755 308,714"/>
                        <TextEquiv conf="1.0"><Unicode>t</Unicode></TextEquiv>
                    </Glyph>
                    <Glyph id="char_189">
                        <Coords points="321,720 320,754 320,754 321,720"/>
                        <TextEquiv conf="0.9999"><Unicode>e</Unicode></TextEquiv>
                    </Glyph>
                    <TextEquiv conf="0.9999"><Unicode>rechte</Unicode></TextEquiv>
                </Word>
                <Word id="segment_61">
                    <Coords points="332,722 332,756 335,756 335,722"/>
                    <Glyph id="char_190">
                        <Coords points="332,722 332,756 335,756 335,722"/>
                        <TextEquiv conf="1.0"><Unicode> </Unicode></TextEquiv>
                    </Glyph>
                    <TextEquiv conf="1.0"><Unicode> </Unicode></TextEquiv>
                </Word>
                <Word id="segment_62">
                    <Coords points="343,722 342,757 462,756 462,724"/>
                    <Glyph id="char_191">
                        <Coords points="343,722 342,757 342,757 343,722"/>
                        <TextEquiv conf="0.9999"><Unicode>g</Unicode></TextEquiv>
                    </Glyph>
                    <Glyph id="char_192">
                        <Coords points="358,721 357,759 357,759 358,721"/>
                        <TextEquiv conf="1.0"><Unicode>e</Unicode></TextEquiv>
                    </Glyph>
                    <Glyph id="char_193">
                        <Coords points="371,715 370,759 370,759 371,715"/>
                        <TextEquiv conf="1.0"><Unicode>b</Unicode></TextEquiv>
                    </Glyph>
                    <Glyph id="char_194">
                        <Coords points="387,720 386,756 386,756 387,720"/>
                        <TextEquiv conf="0.9999"><Unicode>r</Unicode></TextEquiv>
                    </Glyph>
                    <Glyph id="char_195">
                        <Coords points="399,716 398,756 398,756 399,716"/>
                        <TextEquiv conf="0.9986"><Unicode>a</Unicode></TextEquiv>
                    </Glyph>
                    <Glyph id="char_196">
                        <Coords points="415,716 414,759 414,759 415,716"/>
                        <TextEquiv conf="0.9909"><Unicode>c</Unicode></TextEquiv>
                    </Glyph>
                    <Glyph id="char_197">
                        <Coords points="428,718 427,761 427,761 428,718"/>
                        <TextEquiv conf="1.0"><Unicode>h</Unicode></TextEquiv>
                    </Glyph>
                    <Glyph id="char_198">
                        <Coords points="447,721 446,759 446,759 447,721"/>
                        <TextEquiv conf="1.0"><Unicode>t</Unicode></TextEquiv>
                    </Glyph>
                    <Glyph id="char_199">
                        <Coords points="462,724 462,756 462,756 462,724"/>
                        <TextEquiv conf="0.9999"><Unicode>.</Unicode></TextEquiv>
                    </Glyph>
                    <TextEquiv conf="0.9988"><Unicode>gebracht.</Unicode></TextEquiv>
                </Word>
                <TextEquiv conf="0.9992"><Unicode>to rechte gebracht.</Unicode></TextEquiv>
            </TextLine>

            <TextLine id="_368cce75-edd0-4485-b87c-fe438dd0fdaa" custom="type {type:default;}">
                <Coords points="646,433 638,430 630,428 621,425 621,440 620,451 652,447 653,441 649,433 646,433"/>
                <Baseline points="621,440 653,441"/>
                <Word id="segment_63">
                    <Coords points="645,433 645,448 645,448 645,433"/>
                    <Glyph id="char_200">
                        <Coords points="645,433 645,448 645,448 645,433"/>
                        <TextEquiv conf="1.0"><Unicode>S</Unicode></TextEquiv>
                    </Glyph>
                    <TextEquiv conf="1.0"><Unicode>S</Unicode></TextEquiv>
                </Word>
                <TextEquiv conf="1.0"><Unicode>S</Unicode></TextEquiv>
            </TextLine>
        </TextRegion>
        <TextRegion id="textblock_5">
            <Coords points="0,0 0,1500 980,1500 980,0"/>
            
            <TextLine id="_0cea6a2e-b004-40be-9859-101ec06b986e" custom="type {type:default;}">
                <Coords points="655,483 655,491 665,490 665,483 665,462 655,461 655,483"/>
                <Baseline points="655,483 665,483"/>
                <Word id="segment_64">
                    <Coords points="657,461 657,491 664,490 664,462"/>
                    <Glyph id="char_201">
                        <Coords points="657,461 657,491 657,491 657,461"/>
                        <TextEquiv conf="0.7149"><Unicode>l</Unicode></TextEquiv>
                    </Glyph>
                    <Glyph id="char_202">
                        <Coords points="664,462 664,490 664,490 664,462"/>
                        <TextEquiv conf="0.9883"><Unicode>l</Unicode></TextEquiv>
                    </Glyph>
                    <TextEquiv conf="0.8516"><Unicode>ll</Unicode></TextEquiv>
                </Word>
                <TextEquiv conf="0.8516"><Unicode>ll</Unicode></TextEquiv>
            </TextLine>

            
            <TextLine id="_0b8da4a1-caa2-4978-af09-07a5205112df" custom="type {type:default;}">
                <Coords points="627,845 627,854 685,854 685,845 685,822 657,827 627,822 627,845"/>
                <Baseline points="627,845 685,845"/>
                <Word id="segment_65">
                    <Coords points="652,826 652,854 679,854 679,823"/>
                    <Glyph id="char_203">
                        <Coords points="652,826 652,854 652,854 652,826"/>
                        <TextEquiv conf="0.963"><Unicode>d</Unicode></TextEquiv>
                    </Glyph>
                    <Glyph id="char_204">
                        <Coords points="661,826 661,854 661,854 661,826"/>
                        <TextEquiv conf="0.9253"><Unicode>u</Unicode></TextEquiv>
                    </Glyph>
                    <Glyph id="char_205">
                        <Coords points="670,825 670,854 670,854 670,825"/>
                        <TextEquiv conf="0.9698"><Unicode>e</Unicode></TextEquiv>
                    </Glyph>
                    <Glyph id="char_206">
                        <Coords points="679,823 679,854 679,854 679,823"/>
                        <TextEquiv conf="0.9871"><Unicode>d</Unicode></TextEquiv>
                    </Glyph>
                    <TextEquiv conf="0.9613"><Unicode>dued</Unicode></TextEquiv>
                </Word>
                <TextEquiv conf="0.9613"><Unicode>dued</Unicode></TextEquiv>
            </TextLine>

        </TextRegion>
        <TextRegion id="_8364fcd0-1498-4544-b1d6-f3e81355712c" custom="type {type:text;}">
<Coords points="188,573 189,579 186,579 186,573 188,573"/>        </TextRegion>
        <TextRegion id="_fde86906-6ae0-42bb-ae59-8971d3d2c08c" custom="type {type:text;}">
<Coords points="659,836 669,845 623,845 623,843 659,836"/>        </TextRegion>
        <TextRegion id="_1e29f9ae-5c3b-4cc6-82d3-0267cd576a40" custom="type {type:text;}">
<Coords points="635,463 659,466 679,482 616,482 635,463"/>        </TextRegion>
    </Page>
</PcGts>