<?xml version="1.0" encoding="UTF-8"?>
<PcGts xmlns="http://schema.primaresearch.org/PAGE/gts/pagecontent/2019-07-15" xmlns:xsi="http://www.w3.org/2001/XMLSchema-instance" xsi:schemaLocation="http://schema.primaresearch.org/PAGE/gts/pagecontent/2019-07-15 http://schema.primaresearch.org/PAGE/gts/pagecontent/2019-07-15/pagecontent.xsd">
    <Metadata>
        <Creator>kraken 6.0.3</Creator>
        <Created>2026-01-20T00:51:37.511544+00:00</Created>
        <LastChange>2026-01-20T00:51:37.511544+00:00</LastChange>
    </Metadata>
    <Page imageFilename="/tmp/tmpcp63n0_c.png" imageWidth="1542" imageHeight="2562">
        <TextRegion id="_5a426a42-5ffe-426e-879b-5b3df4a4b7e5" custom="type {type:text;}">
<Coords points="504,210 847,244 847,294 898,341 915,408 1029,449 1046,681 1211,700 1234,734 1228,784 962,835 734,824 664,795 506,778 495,501 512,404 484,374 472,306 472,239 504,210"/>
            <TextLine id="_61980b5f-1f56-49f9-9fc5-e0aaa7e288c1" custom="type {type:default;}">
                <Coords points="686,227 684,227 683,227 682,227 662,241 636,227 635,227 633,227 632,227 630,227 600,251 568,251 545,229 545,227 543,227 542,227 541,227 486,229 488,286 488,291 508,300 509,300 511,300 548,293 558,300 559,300 560,300 562,300 563,300 582,293 817,294 818,283 814,244 771,249 760,240 758,240 757,240 756,240 754,240 753,240 746,246 730,234 728,234 727,234 726,234 724,234 723,234 709,247 689,229 689,227 686,227"/>
                <Baseline points="488,286 818,283"/>
                <Word id="segment_0">
                    <Coords points="511,228 512,300 610,293 610,243"/>
                    <Glyph id="char_0">
                        <Coords points="511,228 512,300 512,300 511,228"/>
                        <TextEquiv conf="1.0"><Unicode>E</Unicode></TextEquiv>
                    </Glyph>
                    <Glyph id="char_1">
                        <Coords points="605,247 605,293 610,293 610,243"/>
                        <TextEquiv conf="1.0"><Unicode>.</Unicode></TextEquiv>
                    </Glyph>
                    <TextEquiv conf="1.0"><Unicode>E.</Unicode></TextEquiv>
                </Word>
                <Word id="segment_1">
                    <Coords points="615,239 615,293 620,293 620,235"/>
                    <Glyph id="char_2">
                        <Coords points="615,239 615,293 620,293 620,235"/>
                        <TextEquiv conf="1.0"><Unicode> </Unicode></TextEquiv>
                    </Glyph>
                    <TextEquiv conf="1.0"><Unicode> </Unicode></TextEquiv>
                </Word>
                <Word id="segment_2">
                    <Coords points="629,227 630,293 781,294 781,248"/>
                    <Glyph id="char_3">
                        <Coords points="629,227 630,293 630,293 629,227"/>
                        <TextEquiv conf="0.9959"><Unicode>F</Unicode></TextEquiv>
                    </Glyph>
                    <Glyph id="char_4">
                        <Coords points="664,240 664,293 664,293 664,240"/>
                        <TextEquiv conf="0.9638"><Unicode>u</Unicode></TextEquiv>
                    </Glyph>
                    <Glyph id="char_5">
                        <Coords points="717,240 717,294 717,294 717,240"/>
                        <TextEquiv conf="1.0"><Unicode>E</Unicode></TextEquiv>
                    </Glyph>
                    <Glyph id="char_6">
                        <Coords points="781,248 781,294 781,294 781,248"/>
                        <TextEquiv conf="0.9123"><Unicode>.</Unicode></TextEquiv>
                    </Glyph>
                    <TextEquiv conf="0.968"><Unicode>FuE.</Unicode></TextEquiv>
                </Word>
                <Word id="segment_3">
                    <Coords points="791,247 791,294 791,294 791,247"/>
                    <Glyph id="char_7">
                        <Coords points="791,247 791,294 791,294 791,247"/>
                        <TextEquiv conf="0.9556"><Unicode> </Unicode></TextEquiv>
                    </Glyph>
                    <TextEquiv conf="0.9556"><Unicode> </Unicode></TextEquiv>
                </Word>
                <Word id="segment_4">
                    <Coords points="805,245 805,294 805,294 805,245"/>
                    <Glyph id="char_8">
                        <Coords points="805,245 805,294 805,294 805,245"/>
                        <TextEquiv conf="0.3747"><Unicode>3</Unicode></TextEquiv>
                    </Glyph>
                    <TextEquiv conf="0.3747"><Unicode>3</Unicode></TextEquiv>
                </Word>
                <TextEquiv conf="0.9113"><Unicode>E. FuE. 3</Unicode></TextEquiv>
            </TextLine>

            <TextLine id="_8d77a425-063b-4064-bf53-472c0ffe52a5" custom="type {type:default;}">
                <Coords points="637,374 637,381 872,377 874,368 871,343 824,343 803,325 801,325 800,325 798,325 797,325 795,325 778,340 757,325 756,325 754,325 753,325 751,325 750,325 750,327 740,337 726,327 724,327 723,327 721,327 720,327 697,334 676,328 674,328 673,328 672,328 636,345 637,374"/>
                <Baseline points="637,374 874,368"/>
                <Word id="segment_5">
                    <Coords points="681,329 682,380 796,378 795,325"/>
                    <Glyph id="char_9">
                        <Coords points="681,329 682,380 682,380 681,329"/>
                        <TextEquiv conf="1.0"><Unicode>3</Unicode></TextEquiv>
                    </Glyph>
                    <Glyph id="char_10">
                        <Coords points="757,325 758,379 758,379 757,325"/>
                        <TextEquiv conf="1.0"><Unicode>2</Unicode></TextEquiv>
                    </Glyph>
                    <Glyph id="char_11">
                        <Coords points="795,325 796,378 796,378 795,325"/>
                        <TextEquiv conf="1.0"><Unicode>0</Unicode></TextEquiv>
                    </Glyph>
                    <TextEquiv conf="1.0"><Unicode>320</Unicode></TextEquiv>
                </Word>
                <TextEquiv conf="1.0"><Unicode>320</Unicode></TextEquiv>
            </TextLine>

            <TextLine id="_71d118ce-977e-4fe0-b932-8b04695358e9" custom="type {type:default;}">
                <Coords points="505,742 505,748 504,767 511,772 512,772 514,772 515,772 516,772 560,757 623,757 632,764 632,765 633,765 635,765 636,765 637,765 664,758 673,765 673,767 674,767 676,767 677,767 709,761 731,767 756,791 756,792 757,792 758,792 760,794 820,794 820,792 821,792 822,792 862,761 889,772 891,772 892,772 925,770 949,792 949,794 951,794 952,794 982,795 983,797 1029,797 1029,795 1030,795 1032,795 1032,794 1062,765 1077,762 1218,771 1221,757 1221,734 1184,703 1183,703 1181,703 1180,703 1178,703 1177,703 1136,734 1055,734 1016,701 1015,701 1013,701 981,701 979,701 978,701 976,701 976,703 946,733 916,733 888,708 887,708 885,708 884,708 882,708 881,708 855,728 830,704 830,703 828,703 827,703 825,703 824,703 822,703 822,704 794,730 701,730 664,697 663,697 662,697 640,697 639,697 637,697 636,697 636,698 616,715 596,697 596,696 595,696 593,696 531,696 529,696 528,696 526,696 505,711 505,742"/>
                <Baseline points="505,748 1221,757"/>
                
            </TextLine>
        </TextRegion>
        <TextRegion id="_395e7ccd-1da8-48d0-b4bc-0c0ef7ddcf38" custom="type {type:text;}">
<Coords points="572,1115 1046,1121 1057,1142 1040,1160 569,1160 552,1127 572,1115"/>
            <TextLine id="_d7972829-1b17-4e85-bfe2-983cc6abbc55" custom="type {type:default;}">
                <Coords points="1045,1123 1037,1121 570,1121 560,1138 560,1144 560,1160 1050,1160 1050,1144 1050,1132 1045,1123"/>
                <Baseline points="560,1144 1050,1144"/>
                <Word id="segment_6">
                    <Coords points="573,1121 573,1160 635,1160 635,1121"/>
                    <Glyph id="char_12">
                        <Coords points="573,1121 573,1160 573,1160 573,1121"/>
                        <TextEquiv conf="1.0"><Unicode>A</Unicode></TextEquiv>
                    </Glyph>
                    <Glyph id="char_13">
                        <Coords points="595,1121 595,1160 595,1160 595,1121"/>
                        <TextEquiv conf="1.0"><Unicode>L</Unicode></TextEquiv>
                    </Glyph>
                    <Glyph id="char_14">
                        <Coords points="616,1121 616,1160 616,1160 616,1121"/>
                        <TextEquiv conf="1.0"><Unicode>L</Unicode></TextEquiv>
                    </Glyph>
                    <Glyph id="char_15">
                        <Coords points="635,1121 635,1160 635,1160 635,1121"/>
                        <TextEquiv conf="1.0"><Unicode>E</Unicode></TextEquiv>
                    </Glyph>
                    <TextEquiv conf="1.0"><Unicode>ALLE</Unicode></TextEquiv>
                </Word>
                <Word id="segment_7">
                    <Coords points="661,1121 661,1160 664,1160 664,1121"/>
                    <Glyph id="char_16">
                        <Coords points="661,1121 661,1160 664,1160 664,1121"/>
                        <TextEquiv conf="1.0"><Unicode> </Unicode></TextEquiv>
                    </Glyph>
                    <TextEquiv conf="1.0"><Unicode> </Unicode></TextEquiv>
                </Word>
                <Word id="segment_8">
                    <Coords points="672,1121 672,1160 776,1160 776,1121"/>
                    <Glyph id="char_17">
                        <Coords points="672,1121 672,1160 672,1160 672,1121"/>
                        <TextEquiv conf="1.0"><Unicode>R</Unicode></TextEquiv>
                    </Glyph>
                    <Glyph id="char_18">
                        <Coords points="693,1121 693,1160 693,1160 693,1121"/>
                        <TextEquiv conf="1.0"><Unicode>E</Unicode></TextEquiv>
                    </Glyph>
                    <Glyph id="char_19">
                        <Coords points="715,1121 715,1160 715,1160 715,1121"/>
                        <TextEquiv conf="1.0"><Unicode>C</Unicode></TextEquiv>
                    </Glyph>
                    <Glyph id="char_20">
                        <Coords points="733,1121 733,1160 733,1160 733,1121"/>
                        <TextEquiv conf="1.0"><Unicode>H</Unicode></TextEquiv>
                    </Glyph>
                    <Glyph id="char_21">
                        <Coords points="757,1121 757,1160 757,1160 757,1121"/>
                        <TextEquiv conf="1.0"><Unicode>T</Unicode></TextEquiv>
                    </Glyph>
                    <Glyph id="char_22">
                        <Coords points="776,1121 776,1160 776,1160 776,1121"/>
                        <TextEquiv conf="0.868"><Unicode>E</Unicode></TextEquiv>
                    </Glyph>
                    <TextEquiv conf="0.978"><Unicode>RECHTE</Unicode></TextEquiv>
                </Word>
                <Word id="segment_9">
                    <Coords points="803,1121 803,1160 806,1160 806,1121"/>
                    <Glyph id="char_23">
                        <Coords points="803,1121 803,1160 806,1160 806,1121"/>
                        <TextEquiv conf="1.0"><Unicode> </Unicode></TextEquiv>
                    </Glyph>
                    <TextEquiv conf="1.0"><Unicode> </Unicode></TextEquiv>
                </Word>
                <Word id="segment_10">
                    <Coords points="816,1121 816,1160 1050,1160 1050,1144"/>
                    <Glyph id="char_24">
                        <Coords points="816,1121 816,1160 816,1160 816,1121"/>
                        <TextEquiv conf="1.0"><Unicode>V</Unicode></TextEquiv>
                    </Glyph>
                    <Glyph id="char_25">
                        <Coords points="835,1121 835,1160 835,1160 835,1121"/>
                        <TextEquiv conf="1.0"><Unicode>O</Unicode></TextEquiv>
                    </Glyph>
                    <Glyph id="char_26">
                        <Coords points="856,1121 856,1160 856,1160 856,1121"/>
                        <TextEquiv conf="1.0"><Unicode>R</Unicode></TextEquiv>
                    </Glyph>
                    <Glyph id="char_27">
                        <Coords points="878,1121 878,1160 878,1160 878,1121"/>
                        <TextEquiv conf="1.0"><Unicode>B</Unicode></TextEquiv>
                    </Glyph>
                    <Glyph id="char_28">
                        <Coords points="896,1121 896,1160 896,1160 896,1121"/>
                        <TextEquiv conf="1.0"><Unicode>E</Unicode></TextEquiv>
                    </Glyph>
                    <Glyph id="char_29">
                        <Coords points="918,1121 918,1160 918,1160 918,1121"/>
                        <TextEquiv conf="0.8629"><Unicode>H</Unicode></TextEquiv>
                    </Glyph>
                    <Glyph id="char_30">
                        <Coords points="942,1121 942,1160 942,1160 942,1121"/>
                        <TextEquiv conf="1.0"><Unicode>A</Unicode></TextEquiv>
                    </Glyph>
                    <Glyph id="char_31">
                        <Coords points="963,1121 963,1160 963,1160 963,1121"/>
                        <TextEquiv conf="1.0"><Unicode>L</Unicode></TextEquiv>
                    </Glyph>
                    <Glyph id="char_32">
                        <Coords points="982,1121 982,1160 982,1160 982,1121"/>
                        <TextEquiv conf="1.0"><Unicode>T</Unicode></TextEquiv>
                    </Glyph>
                    <Glyph id="char_33">
                        <Coords points="1003,1121 1003,1160 1003,1160 1003,1121"/>
                        <TextEquiv conf="0.9999"><Unicode>E</Unicode></TextEquiv>
                    </Glyph>
                    <Glyph id="char_34">
                        <Coords points="1022,1121 1022,1160 1022,1160 1022,1121"/>
                        <TextEquiv conf="1.0"><Unicode>N</Unicode></TextEquiv>
                    </Glyph>
                    <Glyph id="char_35">
                        <Coords points="1050,1144 1050,1160 1050,1160 1050,1144"/>
                        <TextEquiv conf="0.9985"><Unicode>.</Unicode></TextEquiv>
                    </Glyph>
                    <TextEquiv conf="0.9884"><Unicode>VORBEHALTEN.</Unicode></TextEquiv>
                </Word>
                <TextEquiv conf="0.9887"><Unicode>ALLE RECHTE VORBEHALTEN.</Unicode></TextEquiv>
            </TextLine>
        </TextRegion>
        <TextRegion id="_4298d1ff-c06b-4471-8091-68087c54cbfa" custom="type {type:text;}">
<Coords points="481,2169 1126,2174 1131,2207 472,2213 461,2180 481,2169"/>
            <TextLine id="_c7b77aad-f79a-4dc4-afb1-1d76b44fd04b" custom="type {type:default;}">
                <Coords points="1123,2184 1121,2179 1109,2173 468,2174 469,2199 469,2210 794,2217 795,2217 797,2217 831,2209 963,2216 965,2216 1124,2209 1126,2196 1124,2189 1123,2184"/>
                <Baseline points="469,2199 1126,2196"/>
                <Word id="segment_11">
                    <Coords points="484,2174 484,2210 565,2212 565,2174"/>
                    <Glyph id="char_36">
                        <Coords points="484,2174 484,2210 484,2210 484,2174"/>
                        <TextEquiv conf="1.0"><Unicode>D</Unicode></TextEquiv>
                    </Glyph>
                    <Glyph id="char_37">
                        <Coords points="505,2174 505,2211 505,2211 505,2174"/>
                        <TextEquiv conf="1.0"><Unicode>R</Unicode></TextEquiv>
                    </Glyph>
                    <Glyph id="char_38">
                        <Coords points="526,2174 526,2211 526,2211 526,2174"/>
                        <TextEquiv conf="1.0"><Unicode>U</Unicode></TextEquiv>
                    </Glyph>
                    <Glyph id="char_39">
                        <Coords points="547,2174 547,2212 547,2212 547,2174"/>
                        <TextEquiv conf="1.0"><Unicode>O</Unicode></TextEquiv>
                    </Glyph>
                    <Glyph id="char_40">
                        <Coords points="565,2174 565,2212 565,2212 565,2174"/>
                        <TextEquiv conf="1.0"><Unicode>K</Unicode></TextEquiv>
                    </Glyph>
                    <TextEquiv conf="1.0"><Unicode>DRUOK</Unicode></TextEquiv>
                </Word>
                <Word id="segment_12">
                    <Coords points="595,2174 595,2213 598,2213 598,2174"/>
                    <Glyph id="char_41">
                        <Coords points="595,2174 595,2213 598,2213 598,2174"/>
                        <TextEquiv conf="1.0"><Unicode> </Unicode></TextEquiv>
                    </Glyph>
                    <TextEquiv conf="1.0"><Unicode> </Unicode></TextEquiv>
                </Word>
                <Word id="segment_13">
                    <Coords points="607,2174 607,2213 646,2214 646,2174"/>
                    <Glyph id="char_42">
                        <Coords points="607,2174 607,2213 607,2213 607,2174"/>
                        <TextEquiv conf="1.0"><Unicode>V</Unicode></TextEquiv>
                    </Glyph>
                    <Glyph id="char_43">
                        <Coords points="628,2174 628,2213 628,2213 628,2174"/>
                        <TextEquiv conf="1.0"><Unicode>O</Unicode></TextEquiv>
                    </Glyph>
                    <Glyph id="char_44">
                        <Coords points="646,2174 646,2214 646,2214 646,2174"/>
                        <TextEquiv conf="1.0"><Unicode>N</Unicode></TextEquiv>
                    </Glyph>
                    <TextEquiv conf="1.0"><Unicode>VON</Unicode></TextEquiv>
                </Word>
                <Word id="segment_14">
                    <Coords points="673,2174 673,2214 676,2214 676,2174"/>
                    <Glyph id="char_45">
                        <Coords points="673,2174 673,2214 676,2214 676,2174"/>
                        <TextEquiv conf="1.0"><Unicode> </Unicode></TextEquiv>
                    </Glyph>
                    <TextEquiv conf="1.0"><Unicode> </Unicode></TextEquiv>
                </Word>
                <Word id="segment_15">
                    <Coords points="685,2174 685,2215 721,2215 721,2174"/>
                    <Glyph id="char_46">
                        <Coords points="685,2174 685,2215 685,2215 685,2174"/>
                        <TextEquiv conf="1.0"><Unicode>H</Unicode></TextEquiv>
                    </Glyph>
                    <Glyph id="char_47">
                        <Coords points="721,2174 721,2215 721,2215 721,2174"/>
                        <TextEquiv conf="1.0"><Unicode>.</Unicode></TextEquiv>
                    </Glyph>
                    <TextEquiv conf="1.0"><Unicode>H.</Unicode></TextEquiv>
                </Word>
                <Word id="segment_16">
                    <Coords points="724,2174 724,2215 727,2216 727,2174"/>
                    <Glyph id="char_48">
                        <Coords points="724,2174 724,2215 727,2216 727,2174"/>
                        <TextEquiv conf="1.0"><Unicode> </Unicode></TextEquiv>
                    </Glyph>
                    <TextEquiv conf="1.0"><Unicode> </Unicode></TextEquiv>
                </Word>
                <Word id="segment_17">
                    <Coords points="736,2174 736,2216 818,2212 818,2173"/>
                    <Glyph id="char_49">
                        <Coords points="736,2174 736,2216 736,2216 736,2174"/>
                        <TextEquiv conf="1.0"><Unicode>L</Unicode></TextEquiv>
                    </Glyph>
                    <Glyph id="char_50">
                        <Coords points="757,2174 757,2216 757,2216 757,2174"/>
                        <TextEquiv conf="1.0"><Unicode>A</Unicode></TextEquiv>
                    </Glyph>
                    <Glyph id="char_51">
                        <Coords points="778,2174 778,2217 778,2217 778,2174"/>
                        <TextEquiv conf="0.998"><Unicode>U</Unicode></TextEquiv>
                    </Glyph>
                    <Glyph id="char_52">
                        <Coords points="800,2173 800,2216 800,2216 800,2173"/>
                        <TextEquiv conf="1.0"><Unicode>P</Unicode></TextEquiv>
                    </Glyph>
                    <Glyph id="char_53">
                        <Coords points="818,2173 818,2212 818,2212 818,2173"/>
                        <TextEquiv conf="0.9997"><Unicode>P</Unicode></TextEquiv>
                    </Glyph>
                    <TextEquiv conf="0.9995"><Unicode>LAUPP</Unicode></TextEquiv>
                </Word>
                <Word id="segment_18">
                    <Coords points="842,2173 842,2210 845,2210 845,2173"/>
                    <Glyph id="char_54">
                        <Coords points="842,2173 842,2210 845,2210 845,2173"/>
                        <TextEquiv conf="1.0"><Unicode> </Unicode></TextEquiv>
                    </Glyph>
                    <TextEquiv conf="1.0"><Unicode> </Unicode></TextEquiv>
                </Word>
                <Word id="segment_19">
                    <Coords points="851,2173 851,2210 872,2211 872,2173"/>
                    <Glyph id="char_55">
                        <Coords points="851,2173 851,2210 851,2210 851,2173"/>
                        <TextEquiv conf="1.0"><Unicode>I</Unicode></TextEquiv>
                    </Glyph>
                    <Glyph id="char_56">
                        <Coords points="872,2173 872,2211 872,2211 872,2173"/>
                        <TextEquiv conf="1.0"><Unicode>R</Unicode></TextEquiv>
                    </Glyph>
                    <TextEquiv conf="1.0"><Unicode>IR</Unicode></TextEquiv>
                </Word>
                <Word id="segment_20">
                    <Coords points="896,2173 896,2212 899,2213 899,2173"/>
                    <Glyph id="char_57">
                        <Coords points="896,2173 896,2212 899,2213 899,2173"/>
                        <TextEquiv conf="0.9992"><Unicode> </Unicode></TextEquiv>
                    </Glyph>
                    <TextEquiv conf="0.9992"><Unicode> </Unicode></TextEquiv>
                </Word>
                <Word id="segment_21">
                    <Coords points="908,2173 908,2213 923,2214 923,2173"/>
                    <Glyph id="char_58">
                        <Coords points="908,2173 908,2213 908,2213 908,2173"/>
                        <TextEquiv conf="1.0"><Unicode>I</Unicode></TextEquiv>
                    </Glyph>
                    <Glyph id="char_59">
                        <Coords points="923,2173 923,2214 923,2214 923,2173"/>
                        <TextEquiv conf="1.0"><Unicode>N</Unicode></TextEquiv>
                    </Glyph>
                    <TextEquiv conf="1.0"><Unicode>IN</Unicode></TextEquiv>
                </Word>
                <Word id="segment_22">
                    <Coords points="950,2173 950,2215 953,2215 953,2173"/>
                    <Glyph id="char_60">
                        <Coords points="950,2173 950,2215 953,2215 953,2173"/>
                        <TextEquiv conf="1.0"><Unicode> </Unicode></TextEquiv>
                    </Glyph>
                    <TextEquiv conf="1.0"><Unicode> </Unicode></TextEquiv>
                </Word>
                <Word id="segment_23">
                    <Coords points="962,2173 962,2216 1126,2196 1126,2196"/>
                    <Glyph id="char_61">
                        <Coords points="962,2173 962,2216 962,2216 962,2173"/>
                        <TextEquiv conf="1.0"><Unicode>T</Unicode></TextEquiv>
                    </Glyph>
                    <Glyph id="char_62">
                        <Coords points="980,2173 980,2215 980,2215 980,2173"/>
                        <TextEquiv conf="0.9999"><Unicode>O</Unicode></TextEquiv>
                    </Glyph>
                    <Glyph id="char_63">
                        <Coords points="1004,2173 1004,2214 1004,2214 1004,2173"/>
                        <TextEquiv conf="1.0"><Unicode>B</Unicode></TextEquiv>
                    </Glyph>
                    <Glyph id="char_64">
                        <Coords points="1022,2173 1022,2213 1022,2213 1022,2173"/>
                        <TextEquiv conf="0.9589"><Unicode>I</Unicode></TextEquiv>
                    </Glyph>
                    <Glyph id="char_65">
                        <Coords points="1037,2173 1037,2213 1037,2213 1037,2173"/>
                        <TextEquiv conf="0.9735"><Unicode>N</Unicode></TextEquiv>
                    </Glyph>
                    <Glyph id="char_66">
                        <Coords points="1058,2173 1058,2212 1058,2212 1058,2173"/>
                        <TextEquiv conf="0.9967"><Unicode>G</Unicode></TextEquiv>
                    </Glyph>
                    <Glyph id="char_67">
                        <Coords points="1079,2173 1079,2211 1079,2211 1079,2173"/>
                        <TextEquiv conf="0.9995"><Unicode>E</Unicode></TextEquiv>
                    </Glyph>
                    <Glyph id="char_68">
                        <Coords points="1100,2173 1100,2210 1100,2210 1100,2173"/>
                        <TextEquiv conf="0.9682"><Unicode>N</Unicode></TextEquiv>
                    </Glyph>
                    <Glyph id="char_69">
                        <Coords points="1126,2196 1126,2196 1126,2196 1126,2196"/>
                        <TextEquiv conf="0.9947"><Unicode>.</Unicode></TextEquiv>
                    </Glyph>
                    <TextEquiv conf="0.9879"><Unicode>TOBINGEN.</Unicode></TextEquiv>
                </Word>
                <TextEquiv conf="0.9967"><Unicode>DRUOK VON H. LAUPP IR IN TOBINGEN.</Unicode></TextEquiv>
            </TextLine>
        </TextRegion>
        <TextRegion id="_2b7a60cb-fab0-4d20-8129-c1255f2e8e22" custom="type {type:text;}">
<Coords points="1285,2448 1348,2465 1342,2520 1207,2532 1013,2509 1019,2470 1285,2448"/>
            <TextLine id="_84b2c8ab-43e7-48f8-9a66-0f4eab8faae4" custom="type {type:default;}">
                <Coords points="1158,2458 1144,2459 1133,2459 1116,2466 1059,2466 1045,2468 1030,2469 1020,2475 1018,2496 1018,2510 1042,2523 1043,2523 1045,2523 1046,2523 1086,2513 1127,2522 1129,2522 1130,2522 1131,2522 1131,2520 1144,2509 1235,2509 1254,2523 1255,2523 1257,2523 1258,2524 1284,2524 1285,2495 1280,2456 1257,2465 1170,2456 1158,2458"/>
                <Baseline points="1018,2496 1285,2495"/>
                <Word id="segment_24">
                    <Coords points="1055,2467 1055,2521 1239,2512 1239,2463"/>
                    <Glyph id="char_70">
                        <Coords points="1055,2467 1055,2521 1055,2521 1055,2467"/>
                        <TextEquiv conf="0.9412"><Unicode>n</Unicode></TextEquiv>
                    </Glyph>
                    <Glyph id="char_71">
                        <Coords points="1156,2458 1156,2509 1156,2509 1156,2458"/>
                        <TextEquiv conf="1.0"><Unicode>C</Unicode></TextEquiv>
                    </Glyph>
                    <Glyph id="char_72">
                        <Coords points="1207,2460 1207,2509 1207,2509 1207,2460"/>
                        <TextEquiv conf="0.99"><Unicode>O</Unicode></TextEquiv>
                    </Glyph>
                    <Glyph id="char_73">
                        <Coords points="1239,2463 1239,2512 1239,2512 1239,2463"/>
                        <TextEquiv conf="0.9877"><Unicode>0</Unicode></TextEquiv>
                    </Glyph>
                    <TextEquiv conf="0.9797"><Unicode>nCO0</Unicode></TextEquiv>
                </Word>
                <TextEquiv conf="0.9797"><Unicode>nCO0</Unicode></TextEquiv>
            </TextLine>
        </TextRegion>
        <TextRegion id="_7b16efc8-1dc3-4791-9052-987db6b0505c" custom="type {type:text;}">
<Coords points="1171,2556 1268,2556 1268,2560 1167,2560 1171,2556"/>        </TextRegion>
    </Page>
</PcGts>