<?xml version="1.0" encoding="UTF-8"?>
<PcGts xmlns="http://schema.primaresearch.org/PAGE/gts/pagecontent/2019-07-15" xmlns:xsi="http://www.w3.org/2001/XMLSchema-instance" xsi:schemaLocation="http://schema.primaresearch.org/PAGE/gts/pagecontent/2019-07-15 http://schema.primaresearch.org/PAGE/gts/pagecontent/2019-07-15/pagecontent.xsd">
    <Metadata>
        <Creator>kraken 6.0.3</Creator>
        <Created>2026-01-20T00:50:16.052203+00:00</Created>
        <LastChange>2026-01-20T00:50:16.052203+00:00</LastChange>
    </Metadata>
    <Page imageFilename="/tmp/tmpgr4nkr3u.png" imageWidth="1542" imageHeight="2562">
        <TextRegion id="_046400ae-4da8-4243-9b8a-b71f77dc141d" custom="type {type:text;}">
<Coords points="1289,2442 1348,2465 1336,2537 1025,2526 1008,2509 1019,2465 1289,2442"/>
            <TextLine id="_cf0d7d57-d754-4261-9abc-b2a201f603f1" custom="type {type:default;}">
                <Coords points="1151,2453 1151,2455 1136,2469 1112,2462 1110,2462 1109,2462 1045,2469 1035,2462 1026,2462 1023,2463 1010,2495 1010,2497 1010,2512 1062,2527 1063,2527 1065,2527 1066,2527 1093,2516 1110,2527 1112,2527 1113,2527 1114,2529 1156,2529 1156,2527 1157,2527 1158,2527 1180,2513 1238,2513 1260,2527 1261,2527 1262,2527 1264,2529 1287,2529 1287,2527 1288,2527 1338,2512 1338,2497 1338,2468 1314,2453 1312,2453 1311,2453 1309,2453 1231,2468 1196,2453 1194,2453 1156,2453 1154,2453 1153,2453 1151,2453"/>
                <Baseline points="1010,2497 1338,2497"/>
                <Word id="segment_0">
                    <Coords points="1025,2462 1025,2516 1313,2520 1313,2453"/>
                    <Glyph id="char_0">
                        <Coords points="1025,2462 1025,2516 1025,2516 1025,2462"/>
                        <TextEquiv conf="0.9977"><Unicode>u</Unicode></TextEquiv>
                    </Glyph>
                    <Glyph id="char_1">
                        <Coords points="1154,2453 1154,2529 1154,2529 1154,2453"/>
                        <TextEquiv conf="1.0"><Unicode>C</Unicode></TextEquiv>
                    </Glyph>
                    <Glyph id="char_2">
                        <Coords points="1205,2457 1205,2513 1205,2513 1205,2457"/>
                        <TextEquiv conf="1.0"><Unicode>o</Unicode></TextEquiv>
                    </Glyph>
                    <Glyph id="char_3">
                        <Coords points="1236,2467 1236,2513 1236,2513 1236,2467"/>
                        <TextEquiv conf="0.9999"><Unicode>o</Unicode></TextEquiv>
                    </Glyph>
                    <Glyph id="char_4">
                        <Coords points="1272,2460 1272,2529 1272,2529 1272,2460"/>
                        <TextEquiv conf="0.9999"><Unicode>g</Unicode></TextEquiv>
                    </Glyph>
                    <Glyph id="char_5">
                        <Coords points="1303,2454 1303,2522 1303,2522 1303,2454"/>
                        <TextEquiv conf="0.9989"><Unicode>l</Unicode></TextEquiv>
                    </Glyph>
                    <Glyph id="char_6">
                        <Coords points="1313,2453 1313,2520 1313,2520 1313,2453"/>
                        <TextEquiv conf="0.6263"><Unicode>e</Unicode></TextEquiv>
                    </Glyph>
                    <TextEquiv conf="0.9461"><Unicode>uCoogle</Unicode></TextEquiv>
                </Word>
                <TextEquiv conf="0.9461"><Unicode>uCoogle</Unicode></TextEquiv>
            </TextLine>
        </TextRegion>
        <TextRegion id="_781fb08f-1729-487a-ad29-93fcfba4999b" custom="type {type:text;}">
<Coords points="1193,2556 1336,2556 1336,2560 1190,2560 1193,2556"/>        </TextRegion>
        <TextRegion id="_dd911ee9-7fb4-46f9-9cee-a7fe315542f6" custom="type {type:text;}">
<Coords points="1534,723 1540,723 1540,733 1532,733 1534,723"/>        </TextRegion>
        <TextRegion id="_11de6e05-53ec-4e15-bd2a-5ac81d47b941" custom="type {type:text;}">
<Coords points="1540,1224 1540,1228 1537,1228 1537,1224 1540,1224"/>        </TextRegion>
    </Page>
</PcGts>