<?xml version="1.0" encoding="UTF-8"?>
<PcGts xmlns="http://schema.primaresearch.org/PAGE/gts/pagecontent/2019-07-15" xmlns:xsi="http://www.w3.org/2001/XMLSchema-instance" xsi:schemaLocation="http://schema.primaresearch.org/PAGE/gts/pagecontent/2019-07-15 http://schema.primaresearch.org/PAGE/gts/pagecontent/2019-07-15/pagecontent.xsd">
    <Metadata>
        <Creator>kraken 6.0.3</Creator>
        <Created>2026-01-20T00:51:25.497627+00:00</Created>
        <LastChange>2026-01-20T00:51:25.497627+00:00</LastChange>
    </Metadata>
    <Page imageFilename="/tmp/tmpdjjb07ak.png" imageWidth="1542" imageHeight="2562">
        <TextRegion id="_82179dd5-3052-42f8-8fd6-8d84ac15909a" custom="type {type:text;}">
<Coords points="693,267 784,267 795,284 790,340 756,362 717,351 728,375 1325,398 1336,471 1319,516 962,539 864,575 871,614 972,649 996,705 1188,711 1188,784 928,795 677,846 626,841 660,819 573,789 267,772 279,711 482,705 523,624 518,563 148,522 136,392 153,375 687,375 706,352 672,307 693,267"/>
            <TextLine id="_509320ce-9f36-43d1-900e-db47937411a0" custom="type {type:default;}">
                <Coords points="690,311 690,320 783,318 783,308 778,273 689,274 690,311"/>
                <Baseline points="690,311 783,308"/>
                <Word id="segment_0">
                    <Coords points="708,274 709,320 758,319 757,273"/>
                    <Glyph id="char_0">
                        <Coords points="708,274 709,320 709,320 708,274"/>
                        <TextEquiv conf="1.0"><Unicode>D</Unicode></TextEquiv>
                    </Glyph>
                    <Glyph id="char_1">
                        <Coords points="741,273 742,319 742,319 741,273"/>
                        <TextEquiv conf="1.0"><Unicode>I</Unicode></TextEquiv>
                    </Glyph>
                    <Glyph id="char_2">
                        <Coords points="757,273 758,319 758,319 757,273"/>
                        <TextEquiv conf="1.0"><Unicode>E</Unicode></TextEquiv>
                    </Glyph>
                    <TextEquiv conf="1.0"><Unicode>DIE</Unicode></TextEquiv>
                </Word>
                <TextEquiv conf="1.0"><Unicode>DIE</Unicode></TextEquiv>
            </TextLine>

            <TextLine id="_8bd34bdf-d607-4c35-8b25-dbdbd262f090" custom="type {type:default;}">
                <Coords points="1277,395 1275,395 1274,395 1173,402 1094,394 1093,394 1092,394 1090,394 1077,404 1033,394 1032,394 1030,394 995,407 979,394 978,394 976,394 931,394 929,394 828,395 827,395 825,395 808,408 793,397 791,397 790,397 788,397 754,402 723,392 721,392 720,392 570,395 569,395 568,395 552,405 505,398 504,398 502,398 501,398 485,409 451,398 449,398 344,395 343,395 297,397 296,397 271,409 236,395 234,395 233,395 232,395 197,411 149,411 143,458 142,491 142,501 926,506 928,506 989,499 1311,505 1312,505 1314,505 1315,505 1325,498 1325,486 1322,408 1295,408 1278,395 1277,395"/>
                <Baseline points="142,491 1325,486"/>
                <Word id="segment_1">
                    <Coords points="165,411 165,501 414,503 414,397"/>
                    <Glyph id="char_3">
                        <Coords points="165,411 165,501 165,501 165,411"/>
                        <TextEquiv conf="1.0"><Unicode>E</Unicode></TextEquiv>
                    </Glyph>
                    <Glyph id="char_4">
                        <Coords points="235,395 235,502 235,502 235,395"/>
                        <TextEquiv conf="1.0"><Unicode>R</Unicode></TextEquiv>
                    </Glyph>
                    <Glyph id="char_5">
                        <Coords points="298,397 298,502 298,502 298,397"/>
                        <TextEquiv conf="1.0"><Unicode>S</Unicode></TextEquiv>
                    </Glyph>
                    <Glyph id="char_6">
                        <Coords points="368,396 368,502 368,502 368,396"/>
                        <TextEquiv conf="1.0"><Unicode>T</Unicode></TextEquiv>
                    </Glyph>
                    <Glyph id="char_7">
                        <Coords points="414,397 414,503 414,503 414,397"/>
                        <TextEquiv conf="1.0"><Unicode>E</Unicode></TextEquiv>
                    </Glyph>
                    <TextEquiv conf="1.0"><Unicode>ERSTE</Unicode></TextEquiv>
                </Word>
                <Word id="segment_2">
                    <Coords points="484,409 484,503 492,503 492,404"/>
                    <Glyph id="char_8">
                        <Coords points="484,409 484,503 492,503 492,404"/>
                        <TextEquiv conf="1.0"><Unicode> </Unicode></TextEquiv>
                    </Glyph>
                    <TextEquiv conf="1.0"><Unicode> </Unicode></TextEquiv>
                </Word>
                <Word id="segment_3">
                    <Coords points="523,401 523,503 951,503 951,394"/>
                    <Glyph id="char_9">
                        <Coords points="523,401 523,503 523,503 523,401"/>
                        <TextEquiv conf="1.0"><Unicode>D</Unicode></TextEquiv>
                    </Glyph>
                    <Glyph id="char_10">
                        <Coords points="586,395 586,504 586,504 586,395"/>
                        <TextEquiv conf="1.0"><Unicode>E</Unicode></TextEquiv>
                    </Glyph>
                    <Glyph id="char_11">
                        <Coords points="648,393 648,504 648,504 648,393"/>
                        <TextEquiv conf="1.0"><Unicode>U</Unicode></TextEquiv>
                    </Glyph>
                    <Glyph id="char_12">
                        <Coords points="726,393 726,505 726,505 726,393"/>
                        <TextEquiv conf="1.0"><Unicode>T</Unicode></TextEquiv>
                    </Glyph>
                    <Glyph id="char_13">
                        <Coords points="765,400 765,505 765,505 765,400"/>
                        <TextEquiv conf="1.0"><Unicode>S</Unicode></TextEquiv>
                    </Glyph>
                    <Glyph id="char_14">
                        <Coords points="819,400 819,505 819,505 819,400"/>
                        <TextEquiv conf="1.0"><Unicode>C</Unicode></TextEquiv>
                    </Glyph>
                    <Glyph id="char_15">
                        <Coords points="881,394 881,506 881,506 881,394"/>
                        <TextEquiv conf="0.9955"><Unicode>H</Unicode></TextEquiv>
                    </Glyph>
                    <Glyph id="char_16">
                        <Coords points="951,394 951,503 951,503 951,394"/>
                        <TextEquiv conf="1.0"><Unicode>E</Unicode></TextEquiv>
                    </Glyph>
                    <TextEquiv conf="0.9994"><Unicode>DEUTSCHE</Unicode></TextEquiv>
                </Word>
                <Word id="segment_4">
                    <Coords points="1014,400 1014,499 1021,500 1021,397"/>
                    <Glyph id="char_17">
                        <Coords points="1014,400 1014,499 1021,500 1021,397"/>
                        <TextEquiv conf="1.0"><Unicode> </Unicode></TextEquiv>
                    </Glyph>
                    <TextEquiv conf="1.0"><Unicode> </Unicode></TextEquiv>
                </Word>
                <Word id="segment_5">
                    <Coords points="1053,398 1053,500 1324,499 1324,456"/>
                    <Glyph id="char_18">
                        <Coords points="1053,398 1053,500 1053,500 1053,398"/>
                        <TextEquiv conf="1.0"><Unicode>B</Unicode></TextEquiv>
                    </Glyph>
                    <Glyph id="char_19">
                        <Coords points="1115,396 1115,501 1115,501 1115,396"/>
                        <TextEquiv conf="0.9975"><Unicode>I</Unicode></TextEquiv>
                    </Glyph>
                    <Glyph id="char_20">
                        <Coords points="1146,399 1146,502 1146,502 1146,399"/>
                        <TextEquiv conf="0.9659"><Unicode>B</Unicode></TextEquiv>
                    </Glyph>
                    <Glyph id="char_21">
                        <Coords points="1208,400 1208,503 1216,503 1216,399"/>
                        <TextEquiv conf="1.0"><Unicode>E</Unicode></TextEquiv>
                    </Glyph>
                    <Glyph id="char_22">
                        <Coords points="1270,395 1270,504 1270,504 1270,395"/>
                        <TextEquiv conf="1.0"><Unicode>L</Unicode></TextEquiv>
                    </Glyph>
                    <Glyph id="char_23">
                        <Coords points="1324,456 1324,499 1324,499 1324,456"/>
                        <TextEquiv conf="0.9999"><Unicode>.</Unicode></TextEquiv>
                    </Glyph>
                    <TextEquiv conf="0.9939"><Unicode>BIBEL.</Unicode></TextEquiv>
                </Word>
                <TextEquiv conf="0.998"><Unicode>ERSTE DEUTSCHE BIBEL.</Unicode></TextEquiv>
            </TextLine>

            <TextLine id="_9e672989-d54e-4347-8adb-46f2a1329212" custom="type {type:default;}">
                <Coords points="516,693 516,704 952,701 953,690 951,653 740,646 738,646 515,654 516,693"/>
                <Baseline points="516,693 953,690"/>
                <Word id="segment_6">
                    <Coords points="535,653 535,704 745,702 745,646"/>
                    <Glyph id="char_24">
                        <Coords points="535,653 535,704 535,704 535,653"/>
                        <TextEquiv conf="1.0"><Unicode>Z</Unicode></TextEquiv>
                    </Glyph>
                    <Glyph id="char_25">
                        <Coords points="569,652 569,704 569,704 569,652"/>
                        <TextEquiv conf="1.0"><Unicode>W</Unicode></TextEquiv>
                    </Glyph>
                    <Glyph id="char_26">
                        <Coords points="619,650 619,703 619,703 619,650"/>
                        <TextEquiv conf="1.0"><Unicode>E</Unicode></TextEquiv>
                    </Glyph>
                    <Glyph id="char_27">
                        <Coords points="653,649 653,703 653,703 653,649"/>
                        <TextEquiv conf="1.0"><Unicode>I</Unicode></TextEquiv>
                    </Glyph>
                    <Glyph id="char_28">
                        <Coords points="680,648 680,703 680,703 680,648"/>
                        <TextEquiv conf="1.0"><Unicode>T</Unicode></TextEquiv>
                    </Glyph>
                    <Glyph id="char_29">
                        <Coords points="706,647 706,703 706,703 706,647"/>
                        <TextEquiv conf="1.0"><Unicode>E</Unicode></TextEquiv>
                    </Glyph>
                    <Glyph id="char_30">
                        <Coords points="745,646 745,702 745,702 745,646"/>
                        <TextEquiv conf="0.9998"><Unicode>R</Unicode></TextEquiv>
                    </Glyph>
                    <TextEquiv conf="1.0"><Unicode>ZWEITER</Unicode></TextEquiv>
                </Word>
                <Word id="segment_7">
                    <Coords points="786,648 786,702 790,702 790,648"/>
                    <Glyph id="char_31">
                        <Coords points="786,648 786,702 790,702 790,648"/>
                        <TextEquiv conf="1.0"><Unicode> </Unicode></TextEquiv>
                    </Glyph>
                    <TextEquiv conf="1.0"><Unicode> </Unicode></TextEquiv>
                </Word>
                <Word id="segment_8">
                    <Coords points="805,648 805,702 920,701 920,652"/>
                    <Glyph id="char_32">
                        <Coords points="805,648 805,702 805,702 805,648"/>
                        <TextEquiv conf="1.0"><Unicode>B</Unicode></TextEquiv>
                    </Glyph>
                    <Glyph id="char_33">
                        <Coords points="844,649 844,702 844,702 844,649"/>
                        <TextEquiv conf="1.0"><Unicode>A</Unicode></TextEquiv>
                    </Glyph>
                    <Glyph id="char_34">
                        <Coords points="878,651 878,702 878,702 878,651"/>
                        <TextEquiv conf="1.0"><Unicode>N</Unicode></TextEquiv>
                    </Glyph>
                    <Glyph id="char_35">
                        <Coords points="920,652 920,701 920,701 920,652"/>
                        <TextEquiv conf="0.9997"><Unicode>D</Unicode></TextEquiv>
                    </Glyph>
                    <TextEquiv conf="0.9999"><Unicode>BAND</Unicode></TextEquiv>
                </Word>
                <TextEquiv conf="1.0"><Unicode>ZWEITER BAND</Unicode></TextEquiv>
            </TextLine>

            <TextLine id="_a23127c1-806d-4525-b4ac-4bd300078ddd" custom="type {type:default;}">
                <Coords points="274,735 273,757 273,772 1194,772 1194,757 1194,723 280,723 274,735"/>
                <Baseline points="273,757 1194,757"/>
                <Word id="segment_9">
                    <Coords points="290,723 290,772 463,772 463,723"/>
                    <Glyph id="char_36">
                        <Coords points="290,723 290,772 290,772 290,723"/>
                        <TextEquiv conf="0.9991"><Unicode>(</Unicode></TextEquiv>
                    </Glyph>
                    <Glyph id="char_37">
                        <Coords points="306,723 306,772 306,772 306,723"/>
                        <TextEquiv conf="1.0"><Unicode>B</Unicode></TextEquiv>
                    </Glyph>
                    <Glyph id="char_38">
                        <Coords points="333,723 333,772 333,772 333,723"/>
                        <TextEquiv conf="1.0"><Unicode>R</Unicode></TextEquiv>
                    </Glyph>
                    <Glyph id="char_39">
                        <Coords points="357,723 357,772 357,772 357,723"/>
                        <TextEquiv conf="0.9984"><Unicode>I</Unicode></TextEquiv>
                    </Glyph>
                    <Glyph id="char_40">
                        <Coords points="373,723 373,772 373,772 373,723"/>
                        <TextEquiv conf="1.0"><Unicode>E</Unicode></TextEquiv>
                    </Glyph>
                    <Glyph id="char_41">
                        <Coords points="397,723 397,772 397,772 397,723"/>
                        <TextEquiv conf="0.9999"><Unicode>F</Unicode></TextEquiv>
                    </Glyph>
                    <Glyph id="char_42">
                        <Coords points="420,723 420,772 420,772 420,723"/>
                        <TextEquiv conf="1.0"><Unicode>E</Unicode></TextEquiv>
                    </Glyph>
                    <Glyph id="char_43">
                        <Coords points="460,723 460,772 463,772 463,723"/>
                        <TextEquiv conf="1.0"><Unicode>,</Unicode></TextEquiv>
                    </Glyph>
                    <TextEquiv conf="0.9997"><Unicode>(BRIEFE,</Unicode></TextEquiv>
                </Word>
                <Word id="segment_10">
                    <Coords points="467,723 467,772 470,772 470,723"/>
                    <Glyph id="char_44">
                        <Coords points="467,723 467,772 470,772 470,723"/>
                        <TextEquiv conf="1.0"><Unicode> </Unicode></TextEquiv>
                    </Glyph>
                    <TextEquiv conf="1.0"><Unicode> </Unicode></TextEquiv>
                </Word>
                <Word id="segment_11">
                    <Coords points="480,723 480,772 888,772 888,723"/>
                    <Glyph id="char_45">
                        <Coords points="480,723 480,772 480,772 480,723"/>
                        <TextEquiv conf="1.0"><Unicode>A</Unicode></TextEquiv>
                    </Glyph>
                    <Glyph id="char_46">
                        <Coords points="504,723 504,772 504,772 504,723"/>
                        <TextEquiv conf="1.0"><Unicode>P</Unicode></TextEquiv>
                    </Glyph>
                    <Glyph id="char_47">
                        <Coords points="527,723 527,772 527,772 527,723"/>
                        <TextEquiv conf="1.0"><Unicode>O</Unicode></TextEquiv>
                    </Glyph>
                    <Glyph id="char_48">
                        <Coords points="550,723 550,772 550,772 550,723"/>
                        <TextEquiv conf="1.0"><Unicode>S</Unicode></TextEquiv>
                    </Glyph>
                    <Glyph id="char_49">
                        <Coords points="577,723 577,772 577,772 577,723"/>
                        <TextEquiv conf="0.9999"><Unicode>T</Unicode></TextEquiv>
                    </Glyph>
                    <Glyph id="char_50">
                        <Coords points="597,723 597,772 597,772 597,723"/>
                        <TextEquiv conf="1.0"><Unicode>E</Unicode></TextEquiv>
                    </Glyph>
                    <Glyph id="char_51">
                        <Coords points="620,723 620,772 620,772 620,723"/>
                        <TextEquiv conf="0.9999"><Unicode>L</Unicode></TextEquiv>
                    </Glyph>
                    <Glyph id="char_52">
                        <Coords points="640,723 640,772 640,772 640,723"/>
                        <TextEquiv conf="0.9999"><Unicode>G</Unicode></TextEquiv>
                    </Glyph>
                    <Glyph id="char_53">
                        <Coords points="667,723 667,772 667,772 667,723"/>
                        <TextEquiv conf="1.0"><Unicode>E</Unicode></TextEquiv>
                    </Glyph>
                    <Glyph id="char_54">
                        <Coords points="691,723 691,772 691,772 691,723"/>
                        <TextEquiv conf="0.9979"><Unicode>S</Unicode></TextEquiv>
                    </Glyph>
                    <Glyph id="char_55">
                        <Coords points="714,723 714,772 714,772 714,723"/>
                        <TextEquiv conf="0.9999"><Unicode>C</Unicode></TextEquiv>
                    </Glyph>
                    <Glyph id="char_56">
                        <Coords points="737,723 737,772 737,772 737,723"/>
                        <TextEquiv conf="1.0"><Unicode>H</Unicode></TextEquiv>
                    </Glyph>
                    <Glyph id="char_57">
                        <Coords points="764,723 764,772 764,772 764,723"/>
                        <TextEquiv conf="1.0"><Unicode>I</Unicode></TextEquiv>
                    </Glyph>
                    <Glyph id="char_58">
                        <Coords points="777,723 777,772 777,772 777,723"/>
                        <TextEquiv conf="1.0"><Unicode>C</Unicode></TextEquiv>
                    </Glyph>
                    <Glyph id="char_59">
                        <Coords points="801,723 801,772 801,772 801,723"/>
                        <TextEquiv conf="1.0"><Unicode>H</Unicode></TextEquiv>
                    </Glyph>
                    <Glyph id="char_60">
                        <Coords points="831,723 831,772 831,772 831,723"/>
                        <TextEquiv conf="1.0"><Unicode>T</Unicode></TextEquiv>
                    </Glyph>
                    <Glyph id="char_61">
                        <Coords points="851,723 851,772 851,772 851,723"/>
                        <TextEquiv conf="1.0"><Unicode>E</Unicode></TextEquiv>
                    </Glyph>
                    <Glyph id="char_62">
                        <Coords points="888,723 888,772 888,772 888,723"/>
                        <TextEquiv conf="1.0"><Unicode>,</Unicode></TextEquiv>
                    </Glyph>
                    <TextEquiv conf="0.9999"><Unicode>APOSTELGESCHICHTE,</Unicode></TextEquiv>
                </Word>
                <Word id="segment_12">
                    <Coords points="891,723 891,772 894,772 894,723"/>
                    <Glyph id="char_63">
                        <Coords points="891,723 891,772 894,772 894,723"/>
                        <TextEquiv conf="1.0"><Unicode> </Unicode></TextEquiv>
                    </Glyph>
                    <TextEquiv conf="1.0"><Unicode> </Unicode></TextEquiv>
                </Word>
                <Word id="segment_13">
                    <Coords points="904,723 904,772 1182,772 1182,723"/>
                    <Glyph id="char_64">
                        <Coords points="904,723 904,772 904,772 904,723"/>
                        <TextEquiv conf="0.9997"><Unicode>O</Unicode></TextEquiv>
                    </Glyph>
                    <Glyph id="char_65">
                        <Coords points="928,723 928,772 928,772 928,723"/>
                        <TextEquiv conf="0.9951"><Unicode>F</Unicode></TextEquiv>
                    </Glyph>
                    <Glyph id="char_66">
                        <Coords points="951,723 951,772 951,772 951,723"/>
                        <TextEquiv conf="1.0"><Unicode>F</Unicode></TextEquiv>
                    </Glyph>
                    <Glyph id="char_67">
                        <Coords points="978,723 978,772 978,772 978,723"/>
                        <TextEquiv conf="1.0"><Unicode>E</Unicode></TextEquiv>
                    </Glyph>
                    <Glyph id="char_68">
                        <Coords points="1001,723 1001,772 1001,772 1001,723"/>
                        <TextEquiv conf="1.0"><Unicode>N</Unicode></TextEquiv>
                    </Glyph>
                    <Glyph id="char_69">
                        <Coords points="1028,723 1028,772 1028,772 1028,723"/>
                        <TextEquiv conf="0.9999"><Unicode>B</Unicode></TextEquiv>
                    </Glyph>
                    <Glyph id="char_70">
                        <Coords points="1055,723 1055,772 1055,772 1055,723"/>
                        <TextEquiv conf="0.9998"><Unicode>A</Unicode></TextEquiv>
                    </Glyph>
                    <Glyph id="char_71">
                        <Coords points="1078,723 1078,772 1078,772 1078,723"/>
                        <TextEquiv conf="0.9995"><Unicode>R</Unicode></TextEquiv>
                    </Glyph>
                    <Glyph id="char_72">
                        <Coords points="1105,723 1105,772 1105,772 1105,723"/>
                        <TextEquiv conf="0.9989"><Unicode>U</Unicode></TextEquiv>
                    </Glyph>
                    <Glyph id="char_73">
                        <Coords points="1132,723 1132,772 1132,772 1132,723"/>
                        <TextEquiv conf="1.0"><Unicode>N</Unicode></TextEquiv>
                    </Glyph>
                    <Glyph id="char_74">
                        <Coords points="1155,723 1155,772 1155,772 1155,723"/>
                        <TextEquiv conf="0.9961"><Unicode>G</Unicode></TextEquiv>
                    </Glyph>
                    <Glyph id="char_75">
                        <Coords points="1178,723 1178,772 1182,772 1182,723"/>
                        <TextEquiv conf="0.9998"><Unicode>)</Unicode></TextEquiv>
                    </Glyph>
                    <TextEquiv conf="0.9991"><Unicode>OFFENBARUNG)</Unicode></TextEquiv>
                </Word>
                <TextEquiv conf="0.9996"><Unicode>(BRIEFE, APOSTELGESCHICHTE, OFFENBARUNG)</Unicode></TextEquiv>
            </TextLine>
        </TextRegion>
        <TextRegion id="_1e655ace-7e30-433d-98c6-25a79e49cb73" custom="type {type:text;}">
<Coords points="556,899 909,905 955,933 955,955 926,983 541,977 529,928 556,899"/>
            <TextLine id="_bbb4d16c-14d5-4b02-8f41-014d01fd4cc8" custom="type {type:default;}">
                <Coords points="938,923 935,920 539,919 539,955 538,967 938,970 941,957 939,923 938,923"/>
                <Baseline points="539,955 941,957"/>
                <Word id="segment_14">
                    <Coords points="556,919 556,967 915,970 915,920"/>
                    <Glyph id="char_76">
                        <Coords points="556,919 556,967 556,967 556,919"/>
                        <TextEquiv conf="1.0"><Unicode>H</Unicode></TextEquiv>
                    </Glyph>
                    <Glyph id="char_77">
                        <Coords points="590,919 590,967 590,967 590,919"/>
                        <TextEquiv conf="1.0"><Unicode>E</Unicode></TextEquiv>
                    </Glyph>
                    <Glyph id="char_78">
                        <Coords points="618,919 618,968 618,968 618,919"/>
                        <TextEquiv conf="1.0"><Unicode>R</Unicode></TextEquiv>
                    </Glyph>
                    <Glyph id="char_79">
                        <Coords points="652,919 652,968 652,968 652,919"/>
                        <TextEquiv conf="1.0"><Unicode>A</Unicode></TextEquiv>
                    </Glyph>
                    <Glyph id="char_80">
                        <Coords points="682,919 682,968 682,968 682,919"/>
                        <TextEquiv conf="1.0"><Unicode>U</Unicode></TextEquiv>
                    </Glyph>
                    <Glyph id="char_81">
                        <Coords points="710,919 710,968 710,968 710,919"/>
                        <TextEquiv conf="1.0"><Unicode>S</Unicode></TextEquiv>
                    </Glyph>
                    <Glyph id="char_82">
                        <Coords points="734,919 734,968 734,968 734,919"/>
                        <TextEquiv conf="0.9999"><Unicode>G</Unicode></TextEquiv>
                    </Glyph>
                    <Glyph id="char_83">
                        <Coords points="768,920 768,969 768,969 768,920"/>
                        <TextEquiv conf="1.0"><Unicode>E</Unicode></TextEquiv>
                    </Glyph>
                    <Glyph id="char_84">
                        <Coords points="795,920 795,969 795,969 795,920"/>
                        <TextEquiv conf="1.0"><Unicode>G</Unicode></TextEquiv>
                    </Glyph>
                    <Glyph id="char_85">
                        <Coords points="826,920 826,969 826,969 826,920"/>
                        <TextEquiv conf="1.0"><Unicode>E</Unicode></TextEquiv>
                    </Glyph>
                    <Glyph id="char_86">
                        <Coords points="857,920 857,969 857,969 857,920"/>
                        <TextEquiv conf="1.0"><Unicode>B</Unicode></TextEquiv>
                    </Glyph>
                    <Glyph id="char_87">
                        <Coords points="884,920 884,970 884,970 884,920"/>
                        <TextEquiv conf="1.0"><Unicode>E</Unicode></TextEquiv>
                    </Glyph>
                    <Glyph id="char_88">
                        <Coords points="915,920 915,970 915,970 915,920"/>
                        <TextEquiv conf="1.0"><Unicode>N</Unicode></TextEquiv>
                    </Glyph>
                    <TextEquiv conf="1.0"><Unicode>HERAUSGEGEBEN</Unicode></TextEquiv>
                </Word>
                <TextEquiv conf="1.0"><Unicode>HERAUSGEGEBEN</Unicode></TextEquiv>
            </TextLine>
        </TextRegion>
        <TextRegion id="_bbf32fcd-84f9-447c-8a74-4f96741c1a07" custom="type {type:text;}">
<Coords points="710,1115 784,1121 795,1165 750,1188 700,1182 689,1132 710,1115"/>
            <TextLine id="_e292243e-a02f-40d5-b63d-c126f7a478d8" custom="type {type:default;}">
                <Coords points="783,1127 696,1127 696,1158 696,1168 787,1168 787,1158 787,1141 783,1127"/>
                <Baseline points="696,1158 787,1158"/>
                <Word id="segment_15">
                    <Coords points="708,1127 708,1168 762,1168 762,1127"/>
                    <Glyph id="char_89">
                        <Coords points="708,1127 708,1168 708,1168 708,1127"/>
                        <TextEquiv conf="0.8005"><Unicode>V</Unicode></TextEquiv>
                    </Glyph>
                    <Glyph id="char_90">
                        <Coords points="736,1127 736,1168 736,1168 736,1127"/>
                        <TextEquiv conf="1.0"><Unicode>O</Unicode></TextEquiv>
                    </Glyph>
                    <Glyph id="char_91">
                        <Coords points="762,1127 762,1168 762,1168 762,1127"/>
                        <TextEquiv conf="1.0"><Unicode>N</Unicode></TextEquiv>
                    </Glyph>
                    <TextEquiv conf="0.9335"><Unicode>VON</Unicode></TextEquiv>
                </Word>
                <TextEquiv conf="0.9335"><Unicode>VON</Unicode></TextEquiv>
            </TextLine>
        </TextRegion>
        <TextRegion id="_a4315562-f3b3-440f-b7be-d7c0626b96c0" custom="type {type:text;}">
<Coords points="528,1315 921,1320 961,1326 978,1359 961,1399 660,1404 592,1427 512,1399 506,1326 528,1315"/>
            <TextLine id="_96057083-3d7e-4054-9da1-6fd1cb71a04e" custom="type {type:default;}">
                <Coords points="961,1332 928,1323 926,1323 925,1323 518,1325 518,1372 516,1383 962,1387 965,1376 965,1339 961,1332"/>
                <Baseline points="518,1372 965,1376"/>
                <Word id="segment_16">
                    <Coords points="535,1325 535,1383 591,1384 591,1325"/>
                    <Glyph id="char_92">
                        <Coords points="535,1325 535,1383 535,1383 535,1325"/>
                        <TextEquiv conf="1.0"><Unicode>W</Unicode></TextEquiv>
                    </Glyph>
                    <Glyph id="char_93">
                        <Coords points="591,1325 591,1384 591,1384 591,1325"/>
                        <TextEquiv conf="1.0"><Unicode>.</Unicode></TextEquiv>
                    </Glyph>
                    <TextEquiv conf="1.0"><Unicode>W.</Unicode></TextEquiv>
                </Word>
                <Word id="segment_17">
                    <Coords points="595,1325 595,1384 599,1384 599,1325"/>
                    <Glyph id="char_94">
                        <Coords points="595,1325 595,1384 599,1384 599,1325"/>
                        <TextEquiv conf="1.0"><Unicode> </Unicode></TextEquiv>
                    </Glyph>
                    <TextEquiv conf="1.0"><Unicode> </Unicode></TextEquiv>
                </Word>
                <Word id="segment_18">
                    <Coords points="616,1325 616,1384 965,1376 965,1376"/>
                    <Glyph id="char_95">
                        <Coords points="616,1325 616,1384 616,1384 616,1325"/>
                        <TextEquiv conf="1.0"><Unicode>K</Unicode></TextEquiv>
                    </Glyph>
                    <Glyph id="char_96">
                        <Coords points="651,1324 651,1384 651,1384 651,1324"/>
                        <TextEquiv conf="1.0"><Unicode>U</Unicode></TextEquiv>
                    </Glyph>
                    <Glyph id="char_97">
                        <Coords points="685,1324 685,1385 685,1385 685,1324"/>
                        <TextEquiv conf="1.0"><Unicode>R</Unicode></TextEquiv>
                    </Glyph>
                    <Glyph id="char_98">
                        <Coords points="715,1324 715,1385 715,1385 715,1324"/>
                        <TextEquiv conf="1.0"><Unicode>R</Unicode></TextEquiv>
                    </Glyph>
                    <Glyph id="char_99">
                        <Coords points="745,1324 745,1385 745,1385 745,1324"/>
                        <TextEquiv conf="0.9998"><Unicode>E</Unicode></TextEquiv>
                    </Glyph>
                    <Glyph id="char_100">
                        <Coords points="770,1324 770,1385 770,1385 770,1324"/>
                        <TextEquiv conf="1.0"><Unicode>L</Unicode></TextEquiv>
                    </Glyph>
                    <Glyph id="char_101">
                        <Coords points="800,1324 800,1386 800,1386 800,1324"/>
                        <TextEquiv conf="1.0"><Unicode>M</Unicode></TextEquiv>
                    </Glyph>
                    <Glyph id="char_102">
                        <Coords points="839,1323 839,1386 839,1386 839,1323"/>
                        <TextEquiv conf="0.9997"><Unicode>E</Unicode></TextEquiv>
                    </Glyph>
                    <Glyph id="char_103">
                        <Coords points="873,1323 873,1386 873,1386 873,1323"/>
                        <TextEquiv conf="1.0"><Unicode>Y</Unicode></TextEquiv>
                    </Glyph>
                    <Glyph id="char_104">
                        <Coords points="903,1323 903,1386 903,1386 903,1323"/>
                        <TextEquiv conf="0.7759"><Unicode>E</Unicode></TextEquiv>
                    </Glyph>
                    <Glyph id="char_105">
                        <Coords points="929,1323 929,1387 929,1387 929,1323"/>
                        <TextEquiv conf="0.9999"><Unicode>R</Unicode></TextEquiv>
                    </Glyph>
                    <Glyph id="char_106">
                        <Coords points="965,1376 965,1376 965,1376 965,1376"/>
                        <TextEquiv conf="0.9972"><Unicode>.</Unicode></TextEquiv>
                    </Glyph>
                    <TextEquiv conf="0.981"><Unicode>KURRELMEYER.</Unicode></TextEquiv>
                </Word>
                <TextEquiv conf="0.9848"><Unicode>W. KURRELMEYER.</Unicode></TextEquiv>
            </TextLine>
        </TextRegion>
        <TextRegion id="_63f81e4d-7eb3-41f6-bc47-cfbbcaecac3b" custom="type {type:text;}">
<Coords points="175,2140 1319,2146 1331,2184 1314,2201 956,2201 887,2253 575,2258 522,2201 153,2190 148,2152 175,2140"/>
            <TextLine id="_674883ee-b67e-494b-b475-17e441a38a2c" custom="type {type:default;}">
                <Coords points="1311,2147 163,2143 153,2147 153,2173 152,2186 1317,2191 1319,2179 1318,2153 1311,2147"/>
                <Baseline points="153,2173 1319,2179"/>
                <Word id="segment_19">
                    <Coords points="168,2143 168,2186 343,2187 343,2144"/>
                    <Glyph id="char_107">
                        <Coords points="168,2143 168,2186 168,2186 168,2143"/>
                        <TextEquiv conf="1.0"><Unicode>G</Unicode></TextEquiv>
                    </Glyph>
                    <Glyph id="char_108">
                        <Coords points="193,2143 193,2186 193,2186 193,2143"/>
                        <TextEquiv conf="1.0"><Unicode>E</Unicode></TextEquiv>
                    </Glyph>
                    <Glyph id="char_109">
                        <Coords points="217,2143 217,2186 217,2186 217,2143"/>
                        <TextEquiv conf="1.0"><Unicode>D</Unicode></TextEquiv>
                    </Glyph>
                    <Glyph id="char_110">
                        <Coords points="242,2143 242,2186 242,2186 242,2143"/>
                        <TextEquiv conf="1.0"><Unicode>R</Unicode></TextEquiv>
                    </Glyph>
                    <Glyph id="char_111">
                        <Coords points="270,2143 270,2187 270,2187 270,2143"/>
                        <TextEquiv conf="1.0"><Unicode>U</Unicode></TextEquiv>
                    </Glyph>
                    <Glyph id="char_112">
                        <Coords points="294,2143 294,2187 294,2187 294,2143"/>
                        <TextEquiv conf="1.0"><Unicode>C</Unicode></TextEquiv>
                    </Glyph>
                    <Glyph id="char_113">
                        <Coords points="319,2144 319,2187 319,2187 319,2144"/>
                        <TextEquiv conf="0.9995"><Unicode>K</Unicode></TextEquiv>
                    </Glyph>
                    <Glyph id="char_114">
                        <Coords points="340,2144 340,2187 343,2187 343,2144"/>
                        <TextEquiv conf="1.0"><Unicode>T</Unicode></TextEquiv>
                    </Glyph>
                    <TextEquiv conf="0.9999"><Unicode>GEDRUCKT</Unicode></TextEquiv>
                </Word>
                <Word id="segment_20">
                    <Coords points="371,2144 371,2187 374,2187 374,2144"/>
                    <Glyph id="char_115">
                        <Coords points="371,2144 371,2187 374,2187 374,2144"/>
                        <TextEquiv conf="1.0"><Unicode> </Unicode></TextEquiv>
                    </Glyph>
                    <TextEquiv conf="1.0"><Unicode> </Unicode></TextEquiv>
                </Word>
                <Word id="segment_21">
                    <Coords points="386,2144 386,2187 432,2187 432,2144"/>
                    <Glyph id="char_116">
                        <Coords points="386,2144 386,2187 386,2187 386,2144"/>
                        <TextEquiv conf="1.0"><Unicode>F</Unicode></TextEquiv>
                    </Glyph>
                    <Glyph id="char_117">
                        <Coords points="408,2144 408,2187 408,2187 408,2144"/>
                        <TextEquiv conf="1.0"><Unicode>O</Unicode></TextEquiv>
                    </Glyph>
                    <Glyph id="char_118">
                        <Coords points="432,2144 432,2187 432,2187 432,2144"/>
                        <TextEquiv conf="1.0"><Unicode>R</Unicode></TextEquiv>
                    </Glyph>
                    <TextEquiv conf="1.0"><Unicode>FOR</Unicode></TextEquiv>
                </Word>
                <Word id="segment_22">
                    <Coords points="460,2144 460,2187 466,2187 466,2144"/>
                    <Glyph id="char_119">
                        <Coords points="460,2144 460,2187 466,2187 466,2144"/>
                        <TextEquiv conf="1.0"><Unicode> </Unicode></TextEquiv>
                    </Glyph>
                    <TextEquiv conf="1.0"><Unicode> </Unicode></TextEquiv>
                </Word>
                <Word id="segment_23">
                    <Coords points="475,2144 475,2187 525,2188 525,2144"/>
                    <Glyph id="char_120">
                        <Coords points="475,2144 475,2187 475,2187 475,2144"/>
                        <TextEquiv conf="1.0"><Unicode>D</Unicode></TextEquiv>
                    </Glyph>
                    <Glyph id="char_121">
                        <Coords points="503,2144 503,2188 503,2188 503,2144"/>
                        <TextEquiv conf="1.0"><Unicode>E</Unicode></TextEquiv>
                    </Glyph>
                    <Glyph id="char_122">
                        <Coords points="525,2144 525,2188 525,2188 525,2144"/>
                        <TextEquiv conf="1.0"><Unicode>N</Unicode></TextEquiv>
                    </Glyph>
                    <TextEquiv conf="1.0"><Unicode>DEN</Unicode></TextEquiv>
                </Word>
                <Word id="segment_24">
                    <Coords points="555,2144 555,2188 558,2188 558,2144"/>
                    <Glyph id="char_123">
                        <Coords points="555,2144 555,2188 558,2188 558,2144"/>
                        <TextEquiv conf="1.0"><Unicode> </Unicode></TextEquiv>
                    </Glyph>
                    <TextEquiv conf="1.0"><Unicode> </Unicode></TextEquiv>
                </Word>
                <Word id="segment_25">
                    <Coords points="571,2144 571,2188 862,2189 862,2145"/>
                    <Glyph id="char_124">
                        <Coords points="571,2144 571,2188 571,2188 571,2144"/>
                        <TextEquiv conf="1.0"><Unicode>L</Unicode></TextEquiv>
                    </Glyph>
                    <Glyph id="char_125">
                        <Coords points="592,2144 592,2188 592,2188 592,2144"/>
                        <TextEquiv conf="1.0"><Unicode>I</Unicode></TextEquiv>
                    </Glyph>
                    <Glyph id="char_126">
                        <Coords points="604,2145 604,2188 608,2188 608,2145"/>
                        <TextEquiv conf="1.0"><Unicode>T</Unicode></TextEquiv>
                    </Glyph>
                    <Glyph id="char_127">
                        <Coords points="629,2145 629,2188 632,2188 632,2145"/>
                        <TextEquiv conf="1.0"><Unicode>T</Unicode></TextEquiv>
                    </Glyph>
                    <Glyph id="char_128">
                        <Coords points="657,2145 657,2188 657,2188 657,2145"/>
                        <TextEquiv conf="1.0"><Unicode>E</Unicode></TextEquiv>
                    </Glyph>
                    <Glyph id="char_129">
                        <Coords points="681,2145 681,2188 681,2188 681,2145"/>
                        <TextEquiv conf="0.9999"><Unicode>R</Unicode></TextEquiv>
                    </Glyph>
                    <Glyph id="char_130">
                        <Coords points="706,2145 706,2188 706,2188 706,2145"/>
                        <TextEquiv conf="1.0"><Unicode>A</Unicode></TextEquiv>
                    </Glyph>
                    <Glyph id="char_131">
                        <Coords points="730,2145 730,2188 730,2188 730,2145"/>
                        <TextEquiv conf="1.0"><Unicode>R</Unicode></TextEquiv>
                    </Glyph>
                    <Glyph id="char_132">
                        <Coords points="755,2145 755,2189 755,2189 755,2145"/>
                        <TextEquiv conf="1.0"><Unicode>I</Unicode></TextEquiv>
                    </Glyph>
                    <Glyph id="char_133">
                        <Coords points="767,2145 767,2189 767,2189 767,2145"/>
                        <TextEquiv conf="1.0"><Unicode>S</Unicode></TextEquiv>
                    </Glyph>
                    <Glyph id="char_134">
                        <Coords points="789,2145 789,2189 789,2189 789,2145"/>
                        <TextEquiv conf="1.0"><Unicode>C</Unicode></TextEquiv>
                    </Glyph>
                    <Glyph id="char_135">
                        <Coords points="813,2145 813,2189 813,2189 813,2145"/>
                        <TextEquiv conf="1.0"><Unicode>H</Unicode></TextEquiv>
                    </Glyph>
                    <Glyph id="char_136">
                        <Coords points="841,2145 841,2189 841,2189 841,2145"/>
                        <TextEquiv conf="1.0"><Unicode>E</Unicode></TextEquiv>
                    </Glyph>
                    <Glyph id="char_137">
                        <Coords points="862,2145 862,2189 862,2189 862,2145"/>
                        <TextEquiv conf="1.0"><Unicode>N</Unicode></TextEquiv>
                    </Glyph>
                    <TextEquiv conf="1.0"><Unicode>LITTERARISCHEN</Unicode></TextEquiv>
                </Word>
                <Word id="segment_26">
                    <Coords points="890,2146 890,2189 893,2189 893,2146"/>
                    <Glyph id="char_138">
                        <Coords points="890,2146 890,2189 893,2189 893,2146"/>
                        <TextEquiv conf="1.0"><Unicode> </Unicode></TextEquiv>
                    </Glyph>
                    <TextEquiv conf="1.0"><Unicode> </Unicode></TextEquiv>
                </Word>
                <Word id="segment_27">
                    <Coords points="905,2146 905,2189 1016,2190 1016,2146"/>
                    <Glyph id="char_139">
                        <Coords points="905,2146 905,2189 905,2189 905,2146"/>
                        <TextEquiv conf="0.9999"><Unicode>V</Unicode></TextEquiv>
                    </Glyph>
                    <Glyph id="char_140">
                        <Coords points="930,2146 930,2189 930,2189 930,2146"/>
                        <TextEquiv conf="1.0"><Unicode>E</Unicode></TextEquiv>
                    </Glyph>
                    <Glyph id="char_141">
                        <Coords points="951,2146 951,2189 951,2189 951,2146"/>
                        <TextEquiv conf="1.0"><Unicode>R</Unicode></TextEquiv>
                    </Glyph>
                    <Glyph id="char_142">
                        <Coords points="979,2146 979,2190 979,2190 979,2146"/>
                        <TextEquiv conf="1.0"><Unicode>E</Unicode></TextEquiv>
                    </Glyph>
                    <Glyph id="char_143">
                        <Coords points="1001,2146 1001,2190 1001,2190 1001,2146"/>
                        <TextEquiv conf="1.0"><Unicode>I</Unicode></TextEquiv>
                    </Glyph>
                    <Glyph id="char_144">
                        <Coords points="1016,2146 1016,2190 1016,2190 1016,2146"/>
                        <TextEquiv conf="1.0"><Unicode>N</Unicode></TextEquiv>
                    </Glyph>
                    <TextEquiv conf="1.0"><Unicode>VEREIN</Unicode></TextEquiv>
                </Word>
                <Word id="segment_28">
                    <Coords points="1041,2146 1041,2190 1041,2190 1041,2146"/>
                    <Glyph id="char_145">
                        <Coords points="1041,2146 1041,2190 1041,2190 1041,2146"/>
                        <TextEquiv conf="1.0"><Unicode> </Unicode></TextEquiv>
                    </Glyph>
                    <TextEquiv conf="1.0"><Unicode> </Unicode></TextEquiv>
                </Word>
                <Word id="segment_29">
                    <Coords points="1053,2146 1053,2190 1065,2190 1065,2146"/>
                    <Glyph id="char_146">
                        <Coords points="1053,2146 1053,2190 1053,2190 1053,2146"/>
                        <TextEquiv conf="1.0"><Unicode>I</Unicode></TextEquiv>
                    </Glyph>
                    <Glyph id="char_147">
                        <Coords points="1065,2146 1065,2190 1065,2190 1065,2146"/>
                        <TextEquiv conf="0.9999"><Unicode>N</Unicode></TextEquiv>
                    </Glyph>
                    <TextEquiv conf="0.9999"><Unicode>IN</Unicode></TextEquiv>
                </Word>
                <Word id="segment_30">
                    <Coords points="1093,2146 1093,2190 1093,2190 1093,2146"/>
                    <Glyph id="char_148">
                        <Coords points="1093,2146 1093,2190 1093,2190 1093,2146"/>
                        <TextEquiv conf="1.0"><Unicode> </Unicode></TextEquiv>
                    </Glyph>
                    <TextEquiv conf="1.0"><Unicode> </Unicode></TextEquiv>
                </Word>
                <Word id="segment_31">
                    <Coords points="1099,2146 1099,2190 1305,2191 1305,2147"/>
                    <Glyph id="char_149">
                        <Coords points="1099,2146 1099,2190 1099,2190 1099,2146"/>
                        <TextEquiv conf="1.0"><Unicode>S</Unicode></TextEquiv>
                    </Glyph>
                    <Glyph id="char_150">
                        <Coords points="1127,2146 1127,2190 1127,2190 1127,2146"/>
                        <TextEquiv conf="1.0"><Unicode>T</Unicode></TextEquiv>
                    </Glyph>
                    <Glyph id="char_151">
                        <Coords points="1148,2146 1148,2190 1148,2190 1148,2146"/>
                        <TextEquiv conf="0.9995"><Unicode>U</Unicode></TextEquiv>
                    </Glyph>
                    <Glyph id="char_152">
                        <Coords points="1173,2147 1173,2190 1176,2190 1176,2147"/>
                        <TextEquiv conf="1.0"><Unicode>T</Unicode></TextEquiv>
                    </Glyph>
                    <Glyph id="char_153">
                        <Coords points="1203,2147 1203,2191 1203,2191 1203,2147"/>
                        <TextEquiv conf="1.0"><Unicode>T</Unicode></TextEquiv>
                    </Glyph>
                    <Glyph id="char_154">
                        <Coords points="1222,2147 1222,2191 1225,2191 1225,2147"/>
                        <TextEquiv conf="0.9995"><Unicode>G</Unicode></TextEquiv>
                    </Glyph>
                    <Glyph id="char_155">
                        <Coords points="1252,2147 1252,2191 1252,2191 1252,2147"/>
                        <TextEquiv conf="1.0"><Unicode>A</Unicode></TextEquiv>
                    </Glyph>
                    <Glyph id="char_156">
                        <Coords points="1274,2147 1274,2191 1274,2191 1274,2147"/>
                        <TextEquiv conf="0.9997"><Unicode>R</Unicode></TextEquiv>
                    </Glyph>
                    <Glyph id="char_157">
                        <Coords points="1305,2147 1305,2191 1305,2191 1305,2147"/>
                        <TextEquiv conf="0.9987"><Unicode>T</Unicode></TextEquiv>
                    </Glyph>
                    <TextEquiv conf="0.9997"><Unicode>STUTTGART</Unicode></TextEquiv>
                </Word>
                <TextEquiv conf="0.9999"><Unicode>GEDRUCKT FOR DEN LITTERARISCHEN VEREIN IN STUTTGART</Unicode></TextEquiv>
            </TextLine>

            <TextLine id="_2d84ac7d-ca93-49cc-9ac7-99b15b95b5c9" custom="type {type:default;}">
                <Coords points="565,2231 565,2244 898,2244 898,2228 895,2201 579,2194 578,2194 576,2194 575,2194 563,2200 565,2231"/>
                <Baseline points="565,2231 898,2228"/>
                <Word id="segment_32">
                    <Coords points="583,2194 583,2244 790,2244 790,2199"/>
                    <Glyph id="char_158">
                        <Coords points="583,2194 583,2244 583,2244 583,2194"/>
                        <TextEquiv conf="1.0"><Unicode>T</Unicode></TextEquiv>
                    </Glyph>
                    <Glyph id="char_159">
                        <Coords points="608,2195 608,2244 608,2244 608,2195"/>
                        <TextEquiv conf="1.0"><Unicode>Ü</Unicode></TextEquiv>
                    </Glyph>
                    <Glyph id="char_160">
                        <Coords points="643,2195 643,2244 643,2244 643,2195"/>
                        <TextEquiv conf="1.0"><Unicode>B</Unicode></TextEquiv>
                    </Glyph>
                    <Glyph id="char_161">
                        <Coords points="672,2196 672,2244 672,2244 672,2196"/>
                        <TextEquiv conf="1.0"><Unicode>I</Unicode></TextEquiv>
                    </Glyph>
                    <Glyph id="char_162">
                        <Coords points="693,2197 693,2244 693,2244 693,2197"/>
                        <TextEquiv conf="1.0"><Unicode>N</Unicode></TextEquiv>
                    </Glyph>
                    <Glyph id="char_163">
                        <Coords points="725,2197 725,2244 725,2244 725,2197"/>
                        <TextEquiv conf="0.9999"><Unicode>G</Unicode></TextEquiv>
                    </Glyph>
                    <Glyph id="char_164">
                        <Coords points="761,2198 761,2244 761,2244 761,2198"/>
                        <TextEquiv conf="1.0"><Unicode>E</Unicode></TextEquiv>
                    </Glyph>
                    <Glyph id="char_165">
                        <Coords points="790,2199 790,2244 790,2244 790,2199"/>
                        <TextEquiv conf="1.0"><Unicode>N</Unicode></TextEquiv>
                    </Glyph>
                    <TextEquiv conf="1.0"><Unicode>TÜBINGEN</Unicode></TextEquiv>
                </Word>
                <Word id="segment_33">
                    <Coords points="814,2199 814,2244 818,2244 818,2199"/>
                    <Glyph id="char_166">
                        <Coords points="814,2199 814,2244 818,2244 818,2199"/>
                        <TextEquiv conf="1.0"><Unicode> </Unicode></TextEquiv>
                    </Glyph>
                    <TextEquiv conf="1.0"><Unicode> </Unicode></TextEquiv>
                </Word>
                <Word id="segment_34">
                    <Coords points="829,2200 829,2244 898,2228 898,2228"/>
                    <Glyph id="char_167">
                        <Coords points="829,2200 829,2244 829,2244 829,2200"/>
                        <TextEquiv conf="0.9999"><Unicode>1</Unicode></TextEquiv>
                    </Glyph>
                    <Glyph id="char_168">
                        <Coords points="843,2200 843,2244 843,2244 843,2200"/>
                        <TextEquiv conf="1.0"><Unicode>9</Unicode></TextEquiv>
                    </Glyph>
                    <Glyph id="char_169">
                        <Coords points="861,2200 861,2244 861,2244 861,2200"/>
                        <TextEquiv conf="0.9971"><Unicode>0</Unicode></TextEquiv>
                    </Glyph>
                    <Glyph id="char_170">
                        <Coords points="879,2201 879,2244 879,2244 879,2201"/>
                        <TextEquiv conf="0.9951"><Unicode>5</Unicode></TextEquiv>
                    </Glyph>
                    <Glyph id="char_171">
                        <Coords points="898,2228 898,2228 898,2228 898,2228"/>
                        <TextEquiv conf="0.589"><Unicode>.</Unicode></TextEquiv>
                    </Glyph>
                    <TextEquiv conf="0.9162"><Unicode>1905.</Unicode></TextEquiv>
                </Word>
                <TextEquiv conf="0.9701"><Unicode>TÜBINGEN 1905.</Unicode></TextEquiv>
            </TextLine>
        </TextRegion>
        <TextRegion id="_5e90b82a-42a8-4811-985d-f13d3f0e2766" custom="type {type:text;}">
<Coords points="1150,2453 1331,2453 1348,2503 1285,2532 1013,2509 1025,2470 1150,2453"/>
            <TextLine id="_c1d8f743-5dcd-4c72-9a79-34835d8b6499" custom="type {type:default;}">
                <Coords points="1285,2453 1280,2453 1227,2465 1176,2453 1171,2453 1164,2453 1137,2468 1104,2459 1103,2459 1102,2459 1100,2459 1099,2459 1099,2460 1090,2469 1029,2469 1019,2480 1016,2496 1016,2512 1052,2524 1053,2524 1055,2524 1056,2524 1093,2515 1139,2524 1140,2524 1141,2524 1143,2524 1143,2523 1156,2510 1234,2510 1254,2523 1255,2523 1257,2523 1258,2524 1291,2524 1291,2523 1292,2523 1328,2509 1328,2493 1327,2462 1294,2453 1285,2453"/>
                <Baseline points="1016,2496 1328,2493"/>
                <Word id="segment_35">
                    <Coords points="1026,2473 1026,2515 1093,2515 1093,2466"/>
                    <Glyph id="char_172">
                        <Coords points="1026,2473 1026,2515 1026,2515 1026,2473"/>
                        <TextEquiv conf="0.9906"><Unicode>o</Unicode></TextEquiv>
                    </Glyph>
                    <Glyph id="char_173">
                        <Coords points="1093,2466 1093,2515 1093,2515 1093,2466"/>
                        <TextEquiv conf="0.3172"><Unicode>e</Unicode></TextEquiv>
                    </Glyph>
                    <TextEquiv conf="0.6539"><Unicode>oe</Unicode></TextEquiv>
                </Word>
                <Word id="segment_36">
                    <Coords points="1146,2463 1146,2520 1150,2516 1150,2461"/>
                    <Glyph id="char_174">
                        <Coords points="1146,2463 1146,2520 1150,2516 1150,2461"/>
                        <TextEquiv conf="1.0"><Unicode> </Unicode></TextEquiv>
                    </Glyph>
                    <TextEquiv conf="1.0"><Unicode> </Unicode></TextEquiv>
                </Word>
                <Word id="segment_37">
                    <Coords points="1155,2458 1155,2511 1314,2514 1314,2458"/>
                    <Glyph id="char_175">
                        <Coords points="1155,2458 1155,2511 1155,2511 1155,2458"/>
                        <TextEquiv conf="0.9996"><Unicode>C</Unicode></TextEquiv>
                    </Glyph>
                    <Glyph id="char_176">
                        <Coords points="1203,2459 1203,2510 1203,2510 1203,2459"/>
                        <TextEquiv conf="1.0"><Unicode>o</Unicode></TextEquiv>
                    </Glyph>
                    <Glyph id="char_177">
                        <Coords points="1237,2463 1237,2512 1237,2512 1237,2463"/>
                        <TextEquiv conf="0.9999"><Unicode>o</Unicode></TextEquiv>
                    </Glyph>
                    <Glyph id="char_178">
                        <Coords points="1270,2455 1270,2524 1270,2524 1270,2455"/>
                        <TextEquiv conf="0.9978"><Unicode>g</Unicode></TextEquiv>
                    </Glyph>
                    <Glyph id="char_179">
                        <Coords points="1299,2454 1299,2520 1299,2520 1299,2454"/>
                        <TextEquiv conf="0.8284"><Unicode>l</Unicode></TextEquiv>
                    </Glyph>
                    <Glyph id="char_180">
                        <Coords points="1314,2458 1314,2514 1314,2514 1314,2458"/>
                        <TextEquiv conf="0.9837"><Unicode>e</Unicode></TextEquiv>
                    </Glyph>
                    <TextEquiv conf="0.9682"><Unicode>Coogle</Unicode></TextEquiv>
                </Word>
                <TextEquiv conf="0.9019"><Unicode>oe Coogle</Unicode></TextEquiv>
            </TextLine>
        </TextRegion>
        <TextRegion id="_f7d20af0-82d1-4e21-a5a1-88d5bc396b9e" custom="type {type:text;}">
<Coords points="271,227 306,227 311,243 256,243 271,227"/>        </TextRegion>
        <TextRegion id="_960689db-7d36-4383-adc3-1bb3a8f34dc9" custom="type {type:text;}">
<Coords points="1057,2556 1057,2560 1053,2560 1053,2556 1057,2556"/>        </TextRegion>
        <TextRegion id="_8e894704-7573-4f3f-a99c-8575aeaaad46" custom="type {type:text;}">
<Coords points="1070,2556 1268,2556 1268,2560 1065,2560 1070,2556"/>        </TextRegion>
    </Page>
</PcGts>