<?xml version="1.0" encoding="UTF-8"?>
<PcGts xmlns="http://schema.primaresearch.org/PAGE/gts/pagecontent/2019-07-15" xmlns:xsi="http://www.w3.org/2001/XMLSchema-instance" xsi:schemaLocation="http://schema.primaresearch.org/PAGE/gts/pagecontent/2019-07-15 http://schema.primaresearch.org/PAGE/gts/pagecontent/2019-07-15/pagecontent.xsd">
    <Metadata>
        <Creator>kraken 6.0.3</Creator>
        <Created>2026-01-20T00:50:03.915364+00:00</Created>
        <LastChange>2026-01-20T00:50:03.915364+00:00</LastChange>
    </Metadata>
    <Page imageFilename="/tmp/tmp6_575i0l.png" imageWidth="1542" imageHeight="2562">
        <TextRegion id="_8e8b4134-8dfb-41e4-8f84-26a5a10a2813" custom="type {type:text;}">
<Coords points="1449,170 1502,176 1485,203 1507,232 1462,260 1395,260 1389,244 1423,226 1395,220 1423,214 1401,204 1445,199 1449,170"/>
            <TextLine id="_9e383308-6b40-4691-8974-638cef17ebe5" custom="type {type:default;}">
                <Coords points="1480,173 1466,172 1466,179 1466,186 1489,186 1489,179 1489,175 1480,173"/>
                <Baseline points="1466,179 1489,179"/>
                <Word id="segment_0">
                    <Coords points="1482,173 1482,186 1483,186 1483,174"/>
                    <Glyph id="char_0">
                        <Coords points="1482,173 1482,186 1483,186 1483,174"/>
                        <TextEquiv conf="0.9999"><Unicode>—</Unicode></TextEquiv>
                    </Glyph>
                    <TextEquiv conf="0.9999"><Unicode>—</Unicode></TextEquiv>
                </Word>
                <TextEquiv conf="0.9999"><Unicode>—</Unicode></TextEquiv>
            </TextLine>
        </TextRegion>
        <TextRegion id="_dc9600a7-7fbd-4859-bcf9-79da52974802" custom="type {type:text;}">
<Coords points="93,28 123,34 146,83 62,83 93,28"/>        </TextRegion>
        <TextRegion id="_68523b1d-99b0-4047-8457-0fc365ac6867" custom="type {type:text;}">
<Coords points="390,404 408,414 387,425 375,409 390,404"/>        </TextRegion>
        <TextRegion id="_36a48a59-1d06-492e-9bc6-f7df1d441aed" custom="type {type:text;}">
<Coords points="475,404 494,414 444,414 444,409 475,404"/>        </TextRegion>
        <TextRegion id="_34104cfb-4747-4b40-8811-1ae59682efbc" custom="type {type:text;}">
<Coords points="482,74 522,79 522,89 449,83 482,74"/>        </TextRegion>
        <TextRegion id="_e11db3f7-c0bd-4f78-9679-6ec95cccbeba" custom="type {type:text;}">
<Coords points="602,68 602,83 592,83 592,68 602,68"/>        </TextRegion>
        <TextRegion id="_f8d0b616-1a6a-4da4-885a-11eb8a7a9d00" custom="type {type:text;}">
<Coords points="657,506 664,510 649,510 649,506 657,506"/>        </TextRegion>
        <TextRegion id="_a3538c5f-3c43-4988-af46-caf10af25c0b" custom="type {type:text;}">
<Coords points="704,51 733,51 733,72 694,55 704,51"/>        </TextRegion>
        <TextRegion id="_b1a98115-60fc-4def-a2b3-42ce1f74ab2a" custom="type {type:text;}">
<Coords points="813,444 830,454 791,454 803,444 813,444"/>        </TextRegion>
        <TextRegion id="_416042a0-c7c0-4e1b-b424-7267ec20dccb" custom="type {type:text;}">
<Coords points="879,392 881,397 871,397 871,392 879,392"/>        </TextRegion>
        <TextRegion id="_1da860eb-735f-41bc-bf50-15a4e859feb1" custom="type {type:text;}">
<Coords points="897,397 894,397 894,392 898,392 897,397"/>        </TextRegion>
        <TextRegion id="_9a2f4650-74ef-46a8-817d-016bc4955153" custom="type {type:text;}">
<Coords points="887,483 926,506 921,528 877,528 887,483"/>        </TextRegion>
        <TextRegion id="_9a22b767-416e-40e6-ada9-d76a6bfbeb06" custom="type {type:text;}">
<Coords points="897,96 932,108 938,129 911,129 897,96"/>        </TextRegion>
        <TextRegion id="_b0b70fdd-70d9-4d8e-9cd1-afe17be524de" custom="type {type:text;}">
<Coords points="938,153 961,153 961,157 934,163 938,153"/>        </TextRegion>
        <TextRegion id="_b726e5cb-2739-4a06-9b5a-fcc6bbe9c704" custom="type {type:text;}">
<Coords points="943,176 966,176 978,186 922,186 943,176"/>        </TextRegion>
        <TextRegion id="_0519d797-18f6-4112-838e-827126ceb0e3" custom="type {type:text;}">
<Coords points="1346,444 1354,459 1321,454 1321,449 1346,444"/>        </TextRegion>
        <TextRegion id="_c0e3731a-c457-481a-a555-8c0e7cde7556" custom="type {type:text;}">
<Coords points="1398,402 1395,402 1395,398 1399,398 1398,402"/>        </TextRegion>
        <TextRegion id="_344d1092-9874-4b1b-a182-c3541555f484" custom="type {type:text;}">
<Coords points="1382,409 1411,409 1445,419 1372,425 1382,409"/>        </TextRegion>
        <TextRegion id="_54abcef0-56c1-4755-acd8-0255c90409c4" custom="type {type:text;}">
<Coords points="1393,436 1411,432 1462,448 1416,465 1361,454 1393,436"/>        </TextRegion>
        <TextRegion id="_881044b1-c8cf-430b-aacf-f0131b2d1f77" custom="type {type:text;}">
<Coords points="1416,278 1450,284 1450,294 1406,288 1416,278"/>        </TextRegion>
        <TextRegion id="_0fe3b6d7-ee19-469b-847c-c1cde2ee699f" custom="type {type:text;}">
<Coords points="1445,358 1462,358 1462,368 1435,374 1445,358"/>        </TextRegion>
        <TextRegion id="_e860d722-b1b8-4fba-9a89-c2f55046a9b3" custom="type {type:text;}">
<Coords points="1456,159 1456,163 1446,163 1446,159 1456,159"/>        </TextRegion>
        <TextRegion id="_84e25230-15a5-4945-9ad2-23909f5cb48d" custom="type {type:text;}">
<Coords points="1496,506 1502,510 1486,510 1486,506 1496,506"/>        </TextRegion>
        <TextRegion id="_eb140bcb-e6d3-4180-b884-ef0dead1ffd6" custom="type {type:text;}">
<Coords points="363,693 358,693 358,688 363,688 363,693"/>        </TextRegion>
        <TextRegion id="_83422b9f-dbff-4fb1-908e-8079f4285948" custom="type {type:text;}">
<Coords points="361,762 391,768 391,778 341,778 361,762"/>        </TextRegion>
        <TextRegion id="_4d56aa06-d223-4a1a-baa3-65c336707b3b" custom="type {type:text;}">
<Coords points="555,506 562,516 546,522 546,506 555,506"/>        </TextRegion>
        <TextRegion id="_e3f726af-d5be-4864-81d9-59cdca370b2d" custom="type {type:text;}">
<Coords points="703,510 700,510 700,506 704,506 703,510"/>        </TextRegion>
        <TextRegion id="_61e37810-0090-47ec-9c23-9fb99ea0db76" custom="type {type:text;}">
<Coords points="714,510 711,510 711,506 716,506 714,510"/>        </TextRegion>
        <TextRegion id="_b13b4d95-338b-46ed-b40c-3d52b1d81bbd" custom="type {type:text;}">
<Coords points="716,562 711,562 711,557 716,557 716,562"/>        </TextRegion>
        <TextRegion id="_d88386e8-7d70-4c87-be4c-9f10d25b9141" custom="type {type:text;}">
<Coords points="476,489 539,506 516,545 539,552 541,586 551,552 563,592 620,609 734,580 995,586 1008,540 1013,580 1057,580 1042,552 1059,540 1063,579 1080,580 1070,552 1093,529 1025,516 1008,533 985,510 996,495 1171,506 1149,535 1171,562 1149,573 1173,586 1467,575 1519,602 1502,636 1332,630 1325,653 1291,659 1234,636 1167,647 1160,693 1131,670 1099,670 1097,693 1092,670 1042,670 1012,683 1012,715 1002,683 966,670 859,670 847,698 835,670 763,670 750,687 773,694 768,721 734,704 733,676 699,670 318,670 279,704 277,681 119,670 78,636 66,664 45,653 56,592 78,614 108,579 108,501 431,506 476,489"/>        </TextRegion>
        <TextRegion id="_a3d60190-6978-4038-880c-fabd9e793e8f" custom="type {type:text;}">
<Coords points="774,501 847,501 864,522 774,528 818,556 734,567 768,545 746,506 774,501"/>        </TextRegion>
        <TextRegion id="_e525043f-fda6-43f6-a51e-e61aab13b3b6" custom="type {type:text;}">
<Coords points="807,710 803,710 803,705 807,705 807,710"/>        </TextRegion>
        <TextRegion id="_ba38a87a-efa8-4ed4-971f-449d2f7c7b86" custom="type {type:text;}">
<Coords points="805,698 803,698 803,694 807,694 805,698"/>        </TextRegion>
        <TextRegion id="_647a7299-7761-4e7d-a30e-a6d9b1325c07" custom="type {type:text;}">
<Coords points="830,688 830,715 820,715 820,688 830,688"/>        </TextRegion>
        <TextRegion id="_2519c5fe-a253-4f52-b35e-0ed2e4b016bb" custom="type {type:text;}">
<Coords points="841,550 847,556 837,562 837,546 841,550"/>        </TextRegion>
        <TextRegion id="_212f80f6-072d-46fa-9bdb-3ff340190bbf" custom="type {type:text;}">
<Coords points="845,710 842,710 842,705 847,705 845,710"/>        </TextRegion>
        <TextRegion id="_1f2603e2-c1f4-40df-9068-4747c1b7960d" custom="type {type:text;}">
<Coords points="887,552 887,556 877,556 877,552 887,552"/>        </TextRegion>
        <TextRegion id="_52fd0c01-cd98-4451-95e9-fde5acc28bb7" custom="type {type:text;}">
<Coords points="972,510 968,510 968,506 972,506 972,510"/>        </TextRegion>
        <TextRegion id="_a56544a4-8741-4e15-8c39-4cc7b466b575" custom="type {type:text;}">
<Coords points="1029,552 1029,556 1019,556 1019,552 1029,552"/>        </TextRegion>
        <TextRegion id="_1248e6de-d6df-4823-895c-afee21b9a692" custom="type {type:text;}">
<Coords points="1280,745 1285,750 1270,750 1270,745 1280,745"/>        </TextRegion>
        <TextRegion id="_fdda7cf5-7d82-4529-8bd1-ee9eb6c3864d" custom="type {type:text;}">
<Coords points="1250,506 1325,506 1331,522 1247,522 1250,506"/>        </TextRegion>
        <TextRegion id="_7eaaca58-cc50-4823-a807-7910dae87ca4" custom="type {type:text;}">
<Coords points="1325,540 1354,562 1247,562 1247,552 1325,540"/>        </TextRegion>
        <TextRegion id="_05b56ff7-3093-403a-be5d-fd472b398bfd" custom="type {type:text;}">
<Coords points="1308,745 1319,745 1319,755 1298,750 1308,745"/>        </TextRegion>
        <TextRegion id="_6b4a24d7-cf8e-4193-bce2-d2995124845e" custom="type {type:text;}">
<Coords points="1352,518 1354,522 1344,522 1344,518 1352,518"/>        </TextRegion>
        <TextRegion id="_3f95e2fd-1cc7-489c-89b6-c32e38046872" custom="type {type:text;}">
<Coords points="1376,506 1411,506 1411,510 1372,522 1376,506"/>        </TextRegion>
        <TextRegion id="_2f194ea0-fc15-4547-b4cb-faea20445165" custom="type {type:text;}">
<Coords points="1416,751 1422,767 1401,772 1401,757 1416,751"/>        </TextRegion>
        <TextRegion id="_4ae77e1a-ba2f-4d7d-bc14-50a65abf3f0d" custom="type {type:text;}">
<Coords points="101,1211 96,1211 96,1206 101,1206 101,1211"/>        </TextRegion>
        <TextRegion id="_f0dabad0-e1c5-496e-9810-808b64da5cb5" custom="type {type:text;}">
<Coords points="357,807 353,807 353,802 357,802 357,807"/>        </TextRegion>
        <TextRegion id="_7d53cea1-481e-4459-a032-a27dc417cf7c" custom="type {type:text;}">
<Coords points="583,933 596,933 602,943 575,949 583,933"/>        </TextRegion>
        <TextRegion id="_38a1313a-de71-4672-a871-c6ae5e846e4c" custom="type {type:text;}">
<Coords points="243,700 260,717 243,728 250,768 279,767 279,711 317,740 318,825 357,814 431,842 476,819 516,842 494,869 328,871 311,909 341,928 420,916 556,939 478,960 476,977 465,949 427,960 420,989 387,983 375,1002 476,1007 512,1036 529,1013 573,1013 590,1019 579,1051 609,1064 626,1063 632,1019 647,1024 637,1053 687,1047 700,1002 773,1002 780,1024 1029,1002 1137,1019 1171,1058 1171,1074 1063,1091 932,1068 626,1068 556,1091 239,1114 226,1131 250,1150 283,1138 290,1201 323,1189 317,1216 289,1224 307,1281 364,1239 330,1194 358,1177 364,1138 370,1172 398,1144 414,1161 420,1138 438,1252 528,1258 528,1313 506,1319 501,1279 482,1330 516,1332 533,1359 444,1382 444,1400 676,1411 659,1370 620,1364 649,1337 961,1343 973,1326 945,1292 1042,1239 1008,1206 1052,1184 1086,1206 1052,1224 1070,1263 1080,1252 1080,1313 1063,1315 1080,1364 911,1364 887,1382 911,1411 989,1383 990,1417 1097,1423 1103,1444 996,1456 983,1473 1006,1495 966,1518 837,1530 813,1564 778,1518 763,1530 761,1495 733,1490 670,1530 596,1513 579,1530 551,1513 516,1535 494,1518 438,1530 425,1569 85,1564 51,1508 102,1478 102,1446 45,1417 106,1411 130,1383 62,1364 39,1309 135,1292 142,1212 203,1195 205,1167 182,1171 169,1114 79,1108 130,1076 91,1051 62,1080 51,996 142,989 148,962 113,922 176,875 159,819 176,785 227,761 205,734 232,734 243,700"/>        </TextRegion>
        <TextRegion id="_12c20b50-8b57-42aa-adc1-891229bfab0d" custom="type {type:text;}">
<Coords points="704,1144 733,1188 700,1211 689,1161 704,1144"/>        </TextRegion>
        <TextRegion id="_500a90ec-ccf2-4207-8a89-5edf0c28d404" custom="type {type:text;}">
<Coords points="726,802 761,808 738,836 756,858 700,863 700,819 726,802"/>        </TextRegion>
        <TextRegion id="_b2f75f36-30f0-4257-8220-81b73dbba5d4" custom="type {type:text;}">
<Coords points="766,1188 763,1188 763,1184 767,1184 766,1188"/>        </TextRegion>
        <TextRegion id="_fe20f186-fe7c-4d57-baf9-4a24606c63ed" custom="type {type:text;}">
<Coords points="801,814 830,819 808,842 852,852 791,858 801,814"/>        </TextRegion>
        <TextRegion id="_70f2f0d3-8768-4e32-8e5a-31abd9574fb6" custom="type {type:text;}">
<Coords points="892,846 888,846 888,842 892,842 892,846"/>        </TextRegion>
        <TextRegion id="_68042f9d-c320-4075-a8e7-ff0334057988" custom="type {type:text;}">
<Coords points="710,922 1046,922 1205,943 1063,972 1018,955 968,972 932,943 700,972 677,933 710,922"/>        </TextRegion>
        <TextRegion id="_09276844-ce87-4b03-ab4d-0bcbcdd12db8" custom="type {type:text;}">
<Coords points="1040,808 1076,842 1093,819 1099,842 1137,825 1154,863 1019,875 945,846 951,814 966,836 979,814 1040,808"/>        </TextRegion>
        <TextRegion id="_7438353b-451f-4062-9cc3-8f00020cf509" custom="type {type:text;}">
<Coords points="1097,1262 1103,1273 1087,1273 1087,1263 1097,1262"/>        </TextRegion>
        <TextRegion id="_a401bd8d-8ece-4652-add9-f34b2f43f38c" custom="type {type:text;}">
<Coords points="1096,1211 1093,1211 1093,1206 1097,1206 1096,1211"/>        </TextRegion>
        <TextRegion id="_5c3fbae4-ca95-4342-9305-d224bd45a1ae" custom="type {type:text;}">
<Coords points="1120,1206 1131,1206 1143,1228 1104,1216 1120,1206"/>        </TextRegion>
        <TextRegion id="_cf024950-cbb9-4f11-b6eb-7fbff5dbac06" custom="type {type:text;}">
<Coords points="1147,1292 1166,1308 1133,1313 1133,1298 1147,1292"/>        </TextRegion>
        <TextRegion id="_f4f86e15-7c13-4adb-baf3-1a1236fda2fc" custom="type {type:text;}">
<Coords points="1198,1273 1196,1273 1196,1269 1200,1269 1198,1273"/>        </TextRegion>
        <TextRegion id="_536bb764-672d-4c9d-bfbe-09c2c4fd9110" custom="type {type:text;}">
<Coords points="1262,933 1262,949 1241,943 1252,933 1262,933"/>        </TextRegion>
        <TextRegion id="_a97a8ef5-492f-4080-b0b2-37fb9c1f2e2a" custom="type {type:text;}">
<Coords points="1284,933 1291,943 1275,943 1275,933 1284,933"/>        </TextRegion>
        <TextRegion id="_81e63b5d-5603-46f3-9d92-2ea6a0d790f3" custom="type {type:text;}">
<Coords points="1314,1019 1314,1046 1275,1034 1275,1024 1314,1019"/>        </TextRegion>
        <TextRegion id="_85fcfe4d-4825-4fbd-a8a2-efa9cdf06b79" custom="type {type:text;}">
<Coords points="1308,956 1319,956 1325,966 1298,960 1308,956"/>        </TextRegion>
        <TextRegion id="_dd65b1fc-fe97-496e-bce7-24a68f7f6927" custom="type {type:text;}">
<Coords points="1325,1165 1321,1165 1321,1161 1325,1161 1325,1165"/>        </TextRegion>
        <TextRegion id="_fc4a2381-bc18-438d-b7ed-b88100385353" custom="type {type:text;}">
<Coords points="1342,928 1342,966 1331,943 1298,943 1342,928"/>        </TextRegion>
        <TextRegion id="_50073d23-d067-4787-8838-f747fc7c346a" custom="type {type:text;}">
<Coords points="1352,1086 1349,1086 1349,1081 1354,1081 1352,1086"/>        </TextRegion>
        <TextRegion id="_ae9ef637-9c89-46b4-b308-bb19195342eb" custom="type {type:text;}">
<Coords points="242,2539 271,2539 271,2549 239,2554 242,2539"/>        </TextRegion>
        <TextRegion id="_36a232c7-f692-4ed9-8a0d-afcf8f720941" custom="type {type:text;}">
<Coords points="253,1753 306,1759 306,1769 222,1774 253,1753"/>        </TextRegion>
        <TextRegion id="_9afaf181-49fc-4965-8c08-d26bdf1642cc" custom="type {type:text;}">
<Coords points="276,1793 289,1793 294,1803 267,1809 276,1793"/>        </TextRegion>
        <TextRegion id="_55c0479e-5348-4512-a635-217e5151453f" custom="type {type:text;}">
<Coords points="370,1622 392,1656 414,1639 437,1668 404,1702 471,1712 341,1712 398,1696 364,1695 313,1628 370,1622"/>        </TextRegion>
        <TextRegion id="_97634963-b3c2-4f6b-93eb-ef4bdd137d1c" custom="type {type:text;}">
<Coords points="556,1702 602,1702 626,1742 676,1753 590,1860 716,1878 699,1905 649,1894 613,1918 636,2048 607,2099 454,2106 467,2169 545,2169 552,2129 585,2135 562,2224 590,2253 465,2254 482,2304 516,2311 482,2322 505,2378 340,2423 96,2441 85,2374 175,2339 210,2253 187,2191 222,2129 187,2105 187,1992 210,1957 205,1873 227,1860 216,1821 317,1816 330,1782 313,1759 397,1747 398,1730 568,1747 580,1725 546,1717 556,1702"/>        </TextRegion>
        <TextRegion id="_61aec636-e937-4256-88eb-1f20fa0556ac" custom="type {type:text;}">
<Coords points="482,1712 478,1712 478,1708 482,1708 482,1712"/>        </TextRegion>
        <TextRegion id="_41045b08-214f-4735-8401-dee14262a8a3" custom="type {type:text;}">
<Coords points="515,1717 512,1717 512,1713 516,1713 515,1717"/>        </TextRegion>
        <TextRegion id="_453e9d07-e528-4658-b5fa-84012453ae01" custom="type {type:text;}">
<Coords points="538,1717 535,1717 535,1713 539,1713 538,1717"/>        </TextRegion>
        <TextRegion id="_8b4ca6fd-52f6-431e-aa39-246aff9769f6" custom="type {type:text;}">
<Coords points="568,1308 568,1313 552,1313 563,1303 568,1308"/>        </TextRegion>
        <TextRegion id="_9efa98c0-c615-4747-afba-06b6ef6eddd2" custom="type {type:text;}">
<Coords points="613,1309 613,1319 603,1319 603,1309 613,1309"/>        </TextRegion>
        <TextRegion id="_2f6d2ad0-0e84-42fa-bc53-c71f2cd3112e" custom="type {type:text;}">
<Coords points="613,1360 609,1364 609,1355 613,1355 613,1360"/>        </TextRegion>
        <TextRegion id="_24967cde-932d-4ad7-82c2-cb999baebf88" custom="type {type:text;}">
<Coords points="691,1753 693,1757 683,1757 683,1753 691,1753"/>        </TextRegion>
        <TextRegion id="_7bbc9796-7504-4593-ac3e-a7d26e3c064d" custom="type {type:text;}">
<Coords points="820,1292 830,1325 632,1319 637,1298 820,1292"/>        </TextRegion>
        <TextRegion id="_d0526291-343d-4c58-9749-4d228df2edeb" custom="type {type:text;}">
<Coords points="744,1508 740,1513 740,1503 744,1503 744,1508"/>        </TextRegion>
        <TextRegion id="_252e82a4-3dde-4596-ba9c-1501dca28451" custom="type {type:text;}">
<Coords points="773,1655 807,1651 824,1672 746,1672 773,1655"/>        </TextRegion>
        <TextRegion id="_ec7c77d0-2e85-4f1d-9627-26f845b6873b" custom="type {type:text;}">
<Coords points="768,1753 835,1782 825,1816 875,1821 814,1831 807,1850 837,1878 847,1867 848,1890 858,1873 859,1901 869,1873 869,1917 746,1911 746,1873 785,1860 785,1810 746,1763 768,1753"/>        </TextRegion>
        <TextRegion id="_d0d43799-4afb-40e3-bc7c-3c5956c5e47f" custom="type {type:text;}">
<Coords points="841,2026 852,2026 858,2042 825,2036 841,2026"/>        </TextRegion>
        <TextRegion id="_89d8321c-66c3-4f8c-a35a-94bfd4118f89" custom="type {type:text;}">
<Coords points="847,1325 842,1325 842,1320 847,1320 847,1325"/>        </TextRegion>
        <TextRegion id="_ed24734d-b096-4181-851a-cbad5851b368" custom="type {type:text;}">
<Coords points="847,1303 847,1313 842,1313 842,1298 847,1303"/>        </TextRegion>
        <TextRegion id="_bde13a84-2435-4a99-a96a-a7cc7db283c5" custom="type {type:text;}">
<Coords points="1050,1387 1047,1387 1047,1383 1052,1383 1050,1387"/>        </TextRegion>
        <TextRegion id="_39d7dbc1-57ff-42f2-b2e1-7c57d2a7485a" custom="type {type:text;}">
<Coords points="1193,1423 1200,1427 1184,1427 1184,1423 1193,1423"/>        </TextRegion>
        <TextRegion id="_9f2073dd-ebe3-4f9d-a8cf-9964541115e0" custom="type {type:text;}">
<Coords points="1291,1463 1287,1467 1287,1457 1291,1457 1291,1463"/>        </TextRegion>
        <TextRegion id="_84ea3840-ba15-4b0e-8b54-a89b9298eaed" custom="type {type:text;}">
<Coords points="1355,1155 1467,1155 1507,1218 1485,1256 1513,1268 1490,1281 1496,1330 1462,1377 1473,1444 1445,1501 1416,1478 1321,1478 1308,1438 1247,1438 1287,1382 1274,1364 1167,1347 1133,1370 1104,1347 1116,1326 1228,1332 1228,1313 1178,1303 1275,1281 1224,1273 1264,1252 1196,1224 1342,1201 1298,1184 1355,1155"/>        </TextRegion>
    </Page>
</PcGts>