<?xml version="1.0" encoding="UTF-8"?>
<PcGts xmlns="http://schema.primaresearch.org/PAGE/gts/pagecontent/2019-07-15" xmlns:xsi="http://www.w3.org/2001/XMLSchema-instance" xsi:schemaLocation="http://schema.primaresearch.org/PAGE/gts/pagecontent/2019-07-15 http://schema.primaresearch.org/PAGE/gts/pagecontent/2019-07-15/pagecontent.xsd">
    <Metadata>
        <Creator>kraken 6.0.3</Creator>
        <Created>2026-01-20T00:50:27.289074+00:00</Created>
        <LastChange>2026-01-20T00:50:27.289074+00:00</LastChange>
    </Metadata>
    <Page imageFilename="/tmp/tmpb4k7lall.png" imageWidth="1542" imageHeight="2562">
        <TextRegion id="_5c8e249e-a28c-43da-8cc3-68294ac90a6d" custom="type {type:text;}">
<Coords points="1158,2448 1331,2448 1342,2532 1258,2543 1008,2515 1025,2465 1109,2470 1158,2448"/>
            <TextLine id="_052d1292-0754-418f-bd62-8a4a06473bc5" custom="type {type:default;}">
                <Coords points="1324,2455 1312,2448 1311,2448 1309,2448 1307,2448 1292,2448 1278,2448 1275,2448 1274,2448 1272,2448 1271,2448 1252,2462 1205,2448 1204,2448 1193,2448 1178,2448 1164,2448 1150,2450 1149,2450 1130,2468 1110,2468 1107,2469 1093,2469 1079,2468 1065,2468 1022,2468 1008,2468 1009,2499 1009,2512 1030,2512 1052,2524 1053,2524 1055,2524 1056,2524 1057,2524 1080,2513 1092,2523 1093,2523 1094,2523 1096,2523 1157,2512 1220,2520 1221,2520 1223,2520 1224,2520 1234,2512 1248,2523 1250,2523 1251,2523 1252,2523 1329,2513 1331,2496 1329,2465 1324,2455"/>
                <Baseline points="1009,2499 1331,2496"/>
                <Word id="segment_0">
                    <Coords points="1158,2449 1158,2512 1322,2514 1322,2454"/>
                    <Glyph id="char_0">
                        <Coords points="1158,2449 1158,2512 1158,2512 1158,2449"/>
                        <TextEquiv conf="1.0"><Unicode>C</Unicode></TextEquiv>
                    </Glyph>
                    <Glyph id="char_1">
                        <Coords points="1209,2449 1209,2519 1209,2519 1209,2449"/>
                        <TextEquiv conf="1.0"><Unicode>o</Unicode></TextEquiv>
                    </Glyph>
                    <Glyph id="char_2">
                        <Coords points="1240,2458 1240,2517 1240,2517 1240,2458"/>
                        <TextEquiv conf="0.9999"><Unicode>o</Unicode></TextEquiv>
                    </Glyph>
                    <Glyph id="char_3">
                        <Coords points="1276,2448 1276,2520 1276,2520 1276,2448"/>
                        <TextEquiv conf="1.0"><Unicode>g</Unicode></TextEquiv>
                    </Glyph>
                    <Glyph id="char_4">
                        <Coords points="1306,2448 1306,2516 1306,2516 1306,2448"/>
                        <TextEquiv conf="0.9993"><Unicode>l</Unicode></TextEquiv>
                    </Glyph>
                    <Glyph id="char_5">
                        <Coords points="1322,2454 1322,2514 1322,2514 1322,2454"/>
                        <TextEquiv conf="0.9997"><Unicode>e</Unicode></TextEquiv>
                    </Glyph>
                    <TextEquiv conf="0.9998"><Unicode>Coogle</Unicode></TextEquiv>
                </Word>
                <TextEquiv conf="0.9998"><Unicode>Coogle</Unicode></TextEquiv>
            </TextLine>
        </TextRegion>
        <TextRegion id="_4c1756e0-2b87-43c9-a29f-51b509f7c113" custom="type {type:text;}">
<Coords points="14,1058 15,1086 11,1086 11,1058 14,1058"/>        </TextRegion>
        <TextRegion id="_2ce87422-6a8b-453a-b90c-3dd638098032" custom="type {type:text;}">
<Coords points="9,1090 5,1091 5,1087 9,1087 9,1090"/>        </TextRegion>
        <TextRegion id="_8d725a31-cf6d-48fc-9902-6936191ee31b" custom="type {type:text;}">
<Coords points="35,0 135,0 192,9 28,21 35,0"/>        </TextRegion>
        <TextRegion id="_61617ebb-b037-4349-8554-0710457db924" custom="type {type:text;}">
<Coords points="1170,2556 1285,2556 1285,2560 1167,2560 1170,2556"/>        </TextRegion>
    </Page>
</PcGts>