<?xml version="1.0" encoding="UTF-8"?>
<PcGts xmlns="http://schema.primaresearch.org/PAGE/gts/pagecontent/2019-07-15" xmlns:xsi="http://www.w3.org/2001/XMLSchema-instance" xsi:schemaLocation="http://schema.primaresearch.org/PAGE/gts/pagecontent/2019-07-15 http://schema.primaresearch.org/PAGE/gts/pagecontent/2019-07-15/pagecontent.xsd">
    <Metadata>
        <Creator>kraken 6.0.3</Creator>
        <Created>2026-01-20T00:50:50.804475+00:00</Created>
        <LastChange>2026-01-20T00:50:50.804475+00:00</LastChange>
    </Metadata>
    <Page imageFilename="/tmp/tmp2dlkcp68.png" imageWidth="1542" imageHeight="2562">
        <TextRegion id="_d5fb0225-9380-419e-a254-0fed2736fec6" custom="type {type:text;}">
<Coords points="471,296 1012,307 1029,454 818,471 461,454 444,436 444,318 471,296"/>
            <TextLine id="_51a98d73-1ad0-40d9-8009-2159b2eace89" custom="type {type:default;}">
                <Coords points="1013,344 1008,330 965,330 943,308 943,307 942,307 941,307 939,307 844,308 842,308 841,308 841,310 832,317 787,308 785,308 784,308 783,308 783,310 767,324 750,310 748,310 747,310 746,310 744,310 720,318 703,307 701,307 700,307 699,307 697,307 669,323 656,310 656,308 654,308 653,308 626,308 625,308 623,308 622,308 622,310 613,317 603,310 602,310 600,310 569,310 568,310 566,310 565,310 565,311 559,317 552,311 552,310 551,310 549,310 548,310 546,310 514,320 501,310 499,310 498,310 496,310 458,315 458,429 457,441 461,445 461,446 462,446 464,446 465,446 727,441 736,448 737,448 738,448 740,448 1019,441 1020,432 1015,364 1013,344"/>
                <Baseline points="458,429 1020,432"/>
                <Word id="segment_0">
                    <Coords points="478,312 477,446 983,442 984,330"/>
                    <Glyph id="char_0">
                        <Coords points="478,312 477,446 477,446 478,312"/>
                        <TextEquiv conf="1.0"><Unicode>B</Unicode></TextEquiv>
                    </Glyph>
                    <Glyph id="char_1">
                        <Coords points="545,310 544,444 544,444 545,310"/>
                        <TextEquiv conf="0.9995"><Unicode>I</Unicode></TextEquiv>
                    </Glyph>
                    <Glyph id="char_2">
                        <Coords points="583,310 582,444 582,444 583,310"/>
                        <TextEquiv conf="1.0"><Unicode>B</Unicode></TextEquiv>
                    </Glyph>
                    <Glyph id="char_3">
                        <Coords points="650,308 649,442 649,442 650,308"/>
                        <TextEquiv conf="1.0"><Unicode>L</Unicode></TextEquiv>
                    </Glyph>
                    <Glyph id="char_4">
                        <Coords points="707,309 706,441 706,441 707,309"/>
                        <TextEquiv conf="1.0"><Unicode>I</Unicode></TextEquiv>
                    </Glyph>
                    <Glyph id="char_5">
                        <Coords points="736,313 735,447 735,447 736,313"/>
                        <TextEquiv conf="1.0"><Unicode>O</Unicode></TextEquiv>
                    </Glyph>
                    <Glyph id="char_6">
                        <Coords points="812,313 811,446 811,446 812,313"/>
                        <TextEquiv conf="0.943"><Unicode>T</Unicode></TextEquiv>
                    </Glyph>
                    <Glyph id="char_7">
                        <Coords points="860,308 859,445 859,445 860,308"/>
                        <TextEquiv conf="1.0"><Unicode>H</Unicode></TextEquiv>
                    </Glyph>
                    <Glyph id="char_8">
                        <Coords points="927,307 926,443 926,443 927,307"/>
                        <TextEquiv conf="0.9981"><Unicode>E</Unicode></TextEquiv>
                    </Glyph>
                    <Glyph id="char_9">
                        <Coords points="984,330 983,442 983,442 984,330"/>
                        <TextEquiv conf="0.8259"><Unicode>K</Unicode></TextEquiv>
                    </Glyph>
                    <TextEquiv conf="0.9767"><Unicode>BIBLIOTHEK</Unicode></TextEquiv>
                </Word>
                <TextEquiv conf="0.9767"><Unicode>BIBLIOTHEK</Unicode></TextEquiv>
            </TextLine>
        </TextRegion>
        <TextRegion id="_5bba8e03-a422-46da-ae56-c8b652e74f9f" custom="type {type:text;}">
<Coords points="710,614 784,614 801,637 790,670 706,676 694,631 710,614"/>
            <TextLine id="_4276e30c-c930-45a5-a682-42a470052326" custom="type {type:default;}">
                <Coords points="701,654 701,664 785,664 785,654 785,624 701,624 701,654"/>
                <Baseline points="701,654 785,654"/>
                <Word id="segment_1">
                    <Coords points="717,624 717,664 764,664 764,624"/>
                    <Glyph id="char_10">
                        <Coords points="717,624 717,664 717,664 717,624"/>
                        <TextEquiv conf="1.0"><Unicode>D</Unicode></TextEquiv>
                    </Glyph>
                    <Glyph id="char_11">
                        <Coords points="742,624 742,664 742,664 742,624"/>
                        <TextEquiv conf="1.0"><Unicode>E</Unicode></TextEquiv>
                    </Glyph>
                    <Glyph id="char_12">
                        <Coords points="764,624 764,664 764,664 764,624"/>
                        <TextEquiv conf="1.0"><Unicode>S</Unicode></TextEquiv>
                    </Glyph>
                    <TextEquiv conf="1.0"><Unicode>DES</Unicode></TextEquiv>
                </Word>
                <TextEquiv conf="1.0"><Unicode>DES</Unicode></TextEquiv>
            </TextLine>
        </TextRegion>
        <TextRegion id="_e6ac4c1d-926f-43e4-bee7-24e8f23a589a" custom="type {type:text;}">
<Coords points="949,831 1314,848 1336,865 1342,926 1319,955 1036,960 642,1047 643,1081 949,1127 938,1211 848,1245 824,1298 943,1349 949,1410 932,1427 552,1427 541,1349 575,1308 529,1211 529,1121 575,1080 552,1002 488,972 142,977 125,960 153,848 949,831"/>
            <TextLine id="_cc69f71d-16c8-458e-960a-b738d5417d9b" custom="type {type:default;}">
                <Coords points="149,926 149,939 1331,936 1331,926 1331,871 1308,862 1307,862 1305,862 1304,862 1287,871 1271,863 1270,863 1268,863 1224,871 1213,863 1211,863 1210,863 1208,863 1106,871 1076,863 1074,863 1073,863 1072,863 1056,871 1047,863 1046,863 1045,863 958,863 956,863 902,871 892,863 891,863 889,863 743,863 741,863 740,863 721,871 703,863 701,863 700,863 699,863 672,871 650,862 649,862 647,862 646,862 630,871 616,863 615,863 613,863 612,863 583,871 555,863 553,863 552,863 551,863 525,871 438,863 437,863 435,863 407,871 337,863 336,863 300,871 291,863 290,863 289,863 287,863 149,869 149,926"/>
                <Baseline points="149,926 1331,926"/>
                <Word id="segment_2">
                    <Coords points="170,868 170,939 863,937 863,863"/>
                    <Glyph id="char_13">
                        <Coords points="170,868 170,939 170,939 170,868"/>
                        <TextEquiv conf="1.0"><Unicode>L</Unicode></TextEquiv>
                    </Glyph>
                    <Glyph id="char_14">
                        <Coords points="227,866 227,939 227,939 227,866"/>
                        <TextEquiv conf="1.0"><Unicode>I</Unicode></TextEquiv>
                    </Glyph>
                    <Glyph id="char_15">
                        <Coords points="269,864 269,939 274,939 274,864"/>
                        <TextEquiv conf="1.0"><Unicode>T</Unicode></TextEquiv>
                    </Glyph>
                    <Glyph id="char_16">
                        <Coords points="321,866 321,939 326,939 326,865"/>
                        <TextEquiv conf="1.0"><Unicode>T</Unicode></TextEquiv>
                    </Glyph>
                    <Glyph id="char_17">
                        <Coords points="378,868 378,938 378,938 378,868"/>
                        <TextEquiv conf="1.0"><Unicode>E</Unicode></TextEquiv>
                    </Glyph>
                    <Glyph id="char_18">
                        <Coords points="430,864 430,938 430,938 430,864"/>
                        <TextEquiv conf="0.9986"><Unicode>R</Unicode></TextEquiv>
                    </Glyph>
                    <Glyph id="char_19">
                        <Coords points="488,868 488,938 488,938 488,868"/>
                        <TextEquiv conf="1.0"><Unicode>A</Unicode></TextEquiv>
                    </Glyph>
                    <Glyph id="char_20">
                        <Coords points="550,863 550,938 550,938 550,863"/>
                        <TextEquiv conf="1.0"><Unicode>R</Unicode></TextEquiv>
                    </Glyph>
                    <Glyph id="char_21">
                        <Coords points="608,864 608,938 608,938 608,864"/>
                        <TextEquiv conf="1.0"><Unicode>I</Unicode></TextEquiv>
                    </Glyph>
                    <Glyph id="char_22">
                        <Coords points="644,863 644,938 644,938 644,863"/>
                        <TextEquiv conf="1.0"><Unicode>S</Unicode></TextEquiv>
                    </Glyph>
                    <Glyph id="char_23">
                        <Coords points="696,864 696,938 696,938 696,864"/>
                        <TextEquiv conf="1.0"><Unicode>C</Unicode></TextEquiv>
                    </Glyph>
                    <Glyph id="char_24">
                        <Coords points="748,863 748,937 748,937 748,863"/>
                        <TextEquiv conf="1.0"><Unicode>H</Unicode></TextEquiv>
                    </Glyph>
                    <Glyph id="char_25">
                        <Coords points="816,863 816,937 816,937 816,863"/>
                        <TextEquiv conf="1.0"><Unicode>E</Unicode></TextEquiv>
                    </Glyph>
                    <Glyph id="char_26">
                        <Coords points="863,863 863,937 863,937 863,863"/>
                        <TextEquiv conf="0.9854"><Unicode>N</Unicode></TextEquiv>
                    </Glyph>
                    <TextEquiv conf="0.9989"><Unicode>LITTERARISCHEN</Unicode></TextEquiv>
                </Word>
                <Word id="segment_3">
                    <Coords points="946,864 946,937 952,937 952,864"/>
                    <Glyph id="char_27">
                        <Coords points="946,864 946,937 952,937 952,864"/>
                        <TextEquiv conf="1.0"><Unicode> </Unicode></TextEquiv>
                    </Glyph>
                    <TextEquiv conf="1.0"><Unicode> </Unicode></TextEquiv>
                </Word>
                <Word id="segment_4">
                    <Coords points="972,863 972,937 1301,936 1301,864"/>
                    <Glyph id="char_28">
                        <Coords points="972,863 972,937 972,937 972,863"/>
                        <TextEquiv conf="1.0"><Unicode>V</Unicode></TextEquiv>
                    </Glyph>
                    <Glyph id="char_29">
                        <Coords points="1030,863 1030,937 1030,937 1030,863"/>
                        <TextEquiv conf="0.9996"><Unicode>E</Unicode></TextEquiv>
                    </Glyph>
                    <Glyph id="char_30">
                        <Coords points="1087,866 1087,937 1087,937 1087,866"/>
                        <TextEquiv conf="1.0"><Unicode>R</Unicode></TextEquiv>
                    </Glyph>
                    <Glyph id="char_31">
                        <Coords points="1144,868 1144,936 1144,936 1144,868"/>
                        <TextEquiv conf="1.0"><Unicode>E</Unicode></TextEquiv>
                    </Glyph>
                    <Glyph id="char_32">
                        <Coords points="1202,863 1202,936 1202,936 1202,863"/>
                        <TextEquiv conf="1.0"><Unicode>I</Unicode></TextEquiv>
                    </Glyph>
                    <Glyph id="char_33">
                        <Coords points="1243,868 1243,936 1243,936 1243,868"/>
                        <TextEquiv conf="1.0"><Unicode>N</Unicode></TextEquiv>
                    </Glyph>
                    <Glyph id="char_34">
                        <Coords points="1301,864 1301,936 1301,936 1301,864"/>
                        <TextEquiv conf="0.999"><Unicode>S</Unicode></TextEquiv>
                    </Glyph>
                    <TextEquiv conf="0.9998"><Unicode>VEREINS</Unicode></TextEquiv>
                </Word>
                <TextEquiv conf="0.9992"><Unicode>LITTERARISCHEN VEREINS</Unicode></TextEquiv>
            </TextLine>

            <TextLine id="_287d33be-e5e0-41e6-a770-db0b7a50c74d" custom="type {type:default;}">
                <Coords points="541,1161 541,1174 938,1174 938,1161 938,1124 541,1124 541,1161"/>
                <Baseline points="541,1161 938,1161"/>
                <Word id="segment_5">
                    <Coords points="558,1124 558,1174 578,1174 578,1124"/>
                    <Glyph id="char_35">
                        <Coords points="558,1124 558,1174 558,1174 558,1124"/>
                        <TextEquiv conf="1.0"><Unicode>I</Unicode></TextEquiv>
                    </Glyph>
                    <Glyph id="char_36">
                        <Coords points="575,1124 575,1174 578,1174 578,1124"/>
                        <TextEquiv conf="1.0"><Unicode>N</Unicode></TextEquiv>
                    </Glyph>
                    <TextEquiv conf="1.0"><Unicode>IN</Unicode></TextEquiv>
                </Word>
                <Word id="segment_6">
                    <Coords points="619,1124 619,1174 623,1174 623,1124"/>
                    <Glyph id="char_37">
                        <Coords points="619,1124 619,1174 623,1174 623,1124"/>
                        <TextEquiv conf="1.0"><Unicode> </Unicode></TextEquiv>
                    </Glyph>
                    <TextEquiv conf="1.0"><Unicode> </Unicode></TextEquiv>
                </Word>
                <Word id="segment_7">
                    <Coords points="633,1124 633,1174 938,1174 938,1161"/>
                    <Glyph id="char_38">
                        <Coords points="633,1124 633,1174 633,1174 633,1124"/>
                        <TextEquiv conf="1.0"><Unicode>S</Unicode></TextEquiv>
                    </Glyph>
                    <Glyph id="char_39">
                        <Coords points="667,1124 667,1174 667,1174 667,1124"/>
                        <TextEquiv conf="1.0"><Unicode>T</Unicode></TextEquiv>
                    </Glyph>
                    <Glyph id="char_40">
                        <Coords points="694,1124 694,1174 694,1174 694,1124"/>
                        <TextEquiv conf="1.0"><Unicode>U</Unicode></TextEquiv>
                    </Glyph>
                    <Glyph id="char_41">
                        <Coords points="731,1124 731,1174 731,1174 731,1124"/>
                        <TextEquiv conf="1.0"><Unicode>T</Unicode></TextEquiv>
                    </Glyph>
                    <Glyph id="char_42">
                        <Coords points="766,1124 766,1174 766,1174 766,1124"/>
                        <TextEquiv conf="1.0"><Unicode>T</Unicode></TextEquiv>
                    </Glyph>
                    <Glyph id="char_43">
                        <Coords points="789,1124 789,1174 789,1174 789,1124"/>
                        <TextEquiv conf="1.0"><Unicode>G</Unicode></TextEquiv>
                    </Glyph>
                    <Glyph id="char_44">
                        <Coords points="827,1124 827,1174 827,1174 827,1124"/>
                        <TextEquiv conf="1.0"><Unicode>A</Unicode></TextEquiv>
                    </Glyph>
                    <Glyph id="char_45">
                        <Coords points="861,1124 861,1174 861,1174 861,1124"/>
                        <TextEquiv conf="1.0"><Unicode>R</Unicode></TextEquiv>
                    </Glyph>
                    <Glyph id="char_46">
                        <Coords points="902,1124 902,1174 902,1174 902,1124"/>
                        <TextEquiv conf="0.9978"><Unicode>T</Unicode></TextEquiv>
                    </Glyph>
                    <Glyph id="char_47">
                        <Coords points="938,1161 938,1174 938,1174 938,1161"/>
                        <TextEquiv conf="1.0"><Unicode>.</Unicode></TextEquiv>
                    </Glyph>
                    <TextEquiv conf="0.9998"><Unicode>STUTTGART.</Unicode></TextEquiv>
                </Word>
                <TextEquiv conf="0.9998"><Unicode>IN STUTTGART.</Unicode></TextEquiv>
            </TextLine>

            <TextLine id="_6393517c-b17f-45b4-9ce2-c4d80b7b1583" custom="type {type:default;}">
                <Coords points="551,1399 549,1410 938,1413 941,1401 939,1353 881,1343 879,1343 551,1349 551,1399"/>
                <Baseline points="551,1399 941,1401"/>
                <Word id="segment_8">
                    <Coords points="570,1349 570,1410 941,1401 941,1401"/>
                    <Glyph id="char_48">
                        <Coords points="570,1349 570,1410 570,1410 570,1349"/>
                        <TextEquiv conf="1.0"><Unicode>C</Unicode></TextEquiv>
                    </Glyph>
                    <Glyph id="char_49">
                        <Coords points="616,1348 616,1411 616,1411 616,1348"/>
                        <TextEquiv conf="1.0"><Unicode>C</Unicode></TextEquiv>
                    </Glyph>
                    <Glyph id="char_50">
                        <Coords points="658,1347 658,1411 663,1411 663,1347"/>
                        <TextEquiv conf="1.0"><Unicode>X</Unicode></TextEquiv>
                    </Glyph>
                    <Glyph id="char_51">
                        <Coords points="710,1346 710,1411 710,1411 710,1346"/>
                        <TextEquiv conf="1.0"><Unicode>X</Unicode></TextEquiv>
                    </Glyph>
                    <Glyph id="char_52">
                        <Coords points="756,1345 756,1412 761,1412 761,1345"/>
                        <TextEquiv conf="1.0"><Unicode>X</Unicode></TextEquiv>
                    </Glyph>
                    <Glyph id="char_53">
                        <Coords points="808,1344 808,1412 808,1412 808,1344"/>
                        <TextEquiv conf="1.0"><Unicode>V</Unicode></TextEquiv>
                    </Glyph>
                    <Glyph id="char_54">
                        <Coords points="854,1343 854,1412 854,1412 854,1343"/>
                        <TextEquiv conf="1.0"><Unicode>I</Unicode></TextEquiv>
                    </Glyph>
                    <Glyph id="char_55">
                        <Coords points="878,1343 878,1413 882,1413 882,1343"/>
                        <TextEquiv conf="1.0"><Unicode>I</Unicode></TextEquiv>
                    </Glyph>
                    <Glyph id="char_56">
                        <Coords points="906,1347 906,1413 906,1413 906,1347"/>
                        <TextEquiv conf="0.9991"><Unicode>I</Unicode></TextEquiv>
                    </Glyph>
                    <Glyph id="char_57">
                        <Coords points="941,1401 941,1401 941,1401 941,1401"/>
                        <TextEquiv conf="0.9998"><Unicode>.</Unicode></TextEquiv>
                    </Glyph>
                    <TextEquiv conf="0.9999"><Unicode>CCXXXVIII.</Unicode></TextEquiv>
                </Word>
                <TextEquiv conf="0.9999"><Unicode>CCXXXVIII.</Unicode></TextEquiv>
            </TextLine>
        </TextRegion>
        <TextRegion id="_baa74bb0-ef72-451c-a20c-cfd4fd3f5ded" custom="type {type:text;}">
<Coords points="642,2004 875,2009 892,2065 881,2082 580,2082 580,2021 642,2004"/>
            <TextLine id="_533867ad-b17d-4cbc-ac18-c269a2b4391f" custom="type {type:default;}">
                <Coords points="877,2022 872,2018 592,2016 592,2052 590,2062 598,2068 599,2068 600,2068 602,2068 696,2062 738,2069 740,2069 884,2062 885,2055 884,2045 877,2022"/>
                <Baseline points="592,2052 885,2055"/>
                <Word id="segment_9">
                    <Coords points="610,2016 610,2067 885,2055 885,2055"/>
                    <Glyph id="char_58">
                        <Coords points="610,2016 610,2067 610,2067 610,2016"/>
                        <TextEquiv conf="1.0"><Unicode>T</Unicode></TextEquiv>
                    </Glyph>
                    <Glyph id="char_59">
                        <Coords points="643,2016 643,2065 643,2065 643,2016"/>
                        <TextEquiv conf="1.0"><Unicode>U</Unicode></TextEquiv>
                    </Glyph>
                    <Glyph id="char_60">
                        <Coords points="679,2017 679,2063 679,2063 679,2017"/>
                        <TextEquiv conf="1.0"><Unicode>B</Unicode></TextEquiv>
                    </Glyph>
                    <Glyph id="char_61">
                        <Coords points="716,2017 716,2065 716,2065 716,2017"/>
                        <TextEquiv conf="1.0"><Unicode>I</Unicode></TextEquiv>
                    </Glyph>
                    <Glyph id="char_62">
                        <Coords points="741,2017 741,2069 741,2069 741,2017"/>
                        <TextEquiv conf="1.0"><Unicode>N</Unicode></TextEquiv>
                    </Glyph>
                    <Glyph id="char_63">
                        <Coords points="781,2017 781,2067 781,2067 781,2017"/>
                        <TextEquiv conf="0.9997"><Unicode>G</Unicode></TextEquiv>
                    </Glyph>
                    <Glyph id="char_64">
                        <Coords points="821,2018 821,2065 821,2065 821,2018"/>
                        <TextEquiv conf="1.0"><Unicode>E</Unicode></TextEquiv>
                    </Glyph>
                    <Glyph id="char_65">
                        <Coords points="851,2018 851,2064 854,2063 854,2018"/>
                        <TextEquiv conf="1.0"><Unicode>N</Unicode></TextEquiv>
                    </Glyph>
                    <Glyph id="char_66">
                        <Coords points="885,2055 885,2055 885,2055 885,2055"/>
                        <TextEquiv conf="0.9436"><Unicode>.</Unicode></TextEquiv>
                    </Glyph>
                    <TextEquiv conf="0.9937"><Unicode>TUBINGEN.</Unicode></TextEquiv>
                </Word>
                <TextEquiv conf="0.9937"><Unicode>TUBINGEN.</Unicode></TextEquiv>
            </TextLine>
        </TextRegion>
        <TextRegion id="_e71795a3-bb0d-4c15-b3ee-dfc39021be58" custom="type {type:text;}">
<Coords points="750,2095 1200,2106 1205,2133 803,2150 801,2213 689,2218 682,2144 301,2139 273,2122 284,2106 750,2095"/>
            <TextLine id="_4935d9c3-c58d-4c51-b7f7-39775bdd30da" custom="type {type:default;}">
                <Coords points="1191,2105 1177,2105 1163,2105 1149,2105 1134,2103 1120,2103 1106,2103 1092,2103 1087,2102 459,2100 451,2102 437,2102 422,2102 408,2102 394,2103 380,2103 365,2103 351,2103 337,2105 323,2105 308,2105 294,2105 281,2109 280,2122 279,2135 1200,2139 1203,2126 1200,2115 1191,2105"/>
                <Baseline points="280,2122 1203,2126"/>
                <Word id="segment_10">
                    <Coords points="290,2106 290,2135 438,2136 438,2102"/>
                    <Glyph id="char_67">
                        <Coords points="290,2106 290,2135 290,2135 290,2106"/>
                        <TextEquiv conf="1.0"><Unicode>G</Unicode></TextEquiv>
                    </Glyph>
                    <Glyph id="char_68">
                        <Coords points="315,2105 315,2135 315,2135 315,2105"/>
                        <TextEquiv conf="1.0"><Unicode>E</Unicode></TextEquiv>
                    </Glyph>
                    <Glyph id="char_69">
                        <Coords points="334,2105 334,2135 334,2135 334,2105"/>
                        <TextEquiv conf="1.0"><Unicode>D</Unicode></TextEquiv>
                    </Glyph>
                    <Glyph id="char_70">
                        <Coords points="357,2103 357,2135 357,2135 357,2103"/>
                        <TextEquiv conf="1.0"><Unicode>R</Unicode></TextEquiv>
                    </Glyph>
                    <Glyph id="char_71">
                        <Coords points="376,2103 376,2135 376,2135 376,2103"/>
                        <TextEquiv conf="1.0"><Unicode>U</Unicode></TextEquiv>
                    </Glyph>
                    <Glyph id="char_72">
                        <Coords points="396,2103 396,2136 396,2136 396,2103"/>
                        <TextEquiv conf="1.0"><Unicode>C</Unicode></TextEquiv>
                    </Glyph>
                    <Glyph id="char_73">
                        <Coords points="416,2102 416,2136 416,2136 416,2102"/>
                        <TextEquiv conf="1.0"><Unicode>K</Unicode></TextEquiv>
                    </Glyph>
                    <Glyph id="char_74">
                        <Coords points="436,2102 436,2136 438,2136 438,2102"/>
                        <TextEquiv conf="1.0"><Unicode>T</Unicode></TextEquiv>
                    </Glyph>
                    <TextEquiv conf="1.0"><Unicode>GEDRUCKT</Unicode></TextEquiv>
                </Word>
                <Word id="segment_11">
                    <Coords points="463,2100 463,2136 465,2136 465,2100"/>
                    <Glyph id="char_75">
                        <Coords points="463,2100 463,2136 465,2136 465,2100"/>
                        <TextEquiv conf="1.0"><Unicode> </Unicode></TextEquiv>
                    </Glyph>
                    <TextEquiv conf="1.0"><Unicode> </Unicode></TextEquiv>
                </Word>
                <Word id="segment_12">
                    <Coords points="475,2100 475,2136 517,2136 517,2100"/>
                    <Glyph id="char_76">
                        <Coords points="475,2100 475,2136 475,2136 475,2100"/>
                        <TextEquiv conf="1.0"><Unicode>A</Unicode></TextEquiv>
                    </Glyph>
                    <Glyph id="char_77">
                        <Coords points="495,2100 495,2136 495,2136 495,2100"/>
                        <TextEquiv conf="1.0"><Unicode>U</Unicode></TextEquiv>
                    </Glyph>
                    <Glyph id="char_78">
                        <Coords points="517,2100 517,2136 517,2136 517,2100"/>
                        <TextEquiv conf="1.0"><Unicode>F</Unicode></TextEquiv>
                    </Glyph>
                    <TextEquiv conf="1.0"><Unicode>AUF</Unicode></TextEquiv>
                </Word>
                <Word id="segment_13">
                    <Coords points="542,2100 542,2136 544,2136 544,2100"/>
                    <Glyph id="char_79">
                        <Coords points="542,2100 542,2136 544,2136 544,2100"/>
                        <TextEquiv conf="1.0"><Unicode> </Unicode></TextEquiv>
                    </Glyph>
                    <TextEquiv conf="1.0"><Unicode> </Unicode></TextEquiv>
                </Word>
                <Word id="segment_14">
                    <Coords points="552,2100 552,2136 653,2137 653,2101"/>
                    <Glyph id="char_80">
                        <Coords points="552,2100 552,2136 552,2136 552,2100"/>
                        <TextEquiv conf="1.0"><Unicode>K</Unicode></TextEquiv>
                    </Glyph>
                    <Glyph id="char_81">
                        <Coords points="574,2100 574,2136 574,2136 574,2100"/>
                        <TextEquiv conf="1.0"><Unicode>O</Unicode></TextEquiv>
                    </Glyph>
                    <Glyph id="char_82">
                        <Coords points="594,2100 594,2136 594,2136 594,2100"/>
                        <TextEquiv conf="1.0"><Unicode>S</Unicode></TextEquiv>
                    </Glyph>
                    <Glyph id="char_83">
                        <Coords points="616,2101 616,2136 616,2136 616,2101"/>
                        <TextEquiv conf="1.0"><Unicode>T</Unicode></TextEquiv>
                    </Glyph>
                    <Glyph id="char_84">
                        <Coords points="633,2101 633,2137 633,2137 633,2101"/>
                        <TextEquiv conf="1.0"><Unicode>E</Unicode></TextEquiv>
                    </Glyph>
                    <Glyph id="char_85">
                        <Coords points="653,2101 653,2137 653,2137 653,2101"/>
                        <TextEquiv conf="1.0"><Unicode>N</Unicode></TextEquiv>
                    </Glyph>
                    <TextEquiv conf="1.0"><Unicode>KOSTEN</Unicode></TextEquiv>
                </Word>
                <Word id="segment_15">
                    <Coords points="680,2101 680,2137 680,2137 680,2101"/>
                    <Glyph id="char_86">
                        <Coords points="680,2101 680,2137 680,2137 680,2101"/>
                        <TextEquiv conf="1.0"><Unicode> </Unicode></TextEquiv>
                    </Glyph>
                    <TextEquiv conf="1.0"><Unicode> </Unicode></TextEquiv>
                </Word>
                <Word id="segment_16">
                    <Coords points="690,2101 690,2137 732,2137 732,2101"/>
                    <Glyph id="char_87">
                        <Coords points="690,2101 690,2137 690,2137 690,2101"/>
                        <TextEquiv conf="0.8388"><Unicode>D</Unicode></TextEquiv>
                    </Glyph>
                    <Glyph id="char_88">
                        <Coords points="715,2101 715,2137 715,2137 715,2101"/>
                        <TextEquiv conf="1.0"><Unicode>E</Unicode></TextEquiv>
                    </Glyph>
                    <Glyph id="char_89">
                        <Coords points="732,2101 732,2137 732,2137 732,2101"/>
                        <TextEquiv conf="1.0"><Unicode>S</Unicode></TextEquiv>
                    </Glyph>
                    <TextEquiv conf="0.9462"><Unicode>DES</Unicode></TextEquiv>
                </Word>
                <Word id="segment_17">
                    <Coords points="757,2101 757,2137 759,2137 759,2101"/>
                    <Glyph id="char_90">
                        <Coords points="757,2101 757,2137 759,2137 759,2101"/>
                        <TextEquiv conf="1.0"><Unicode> </Unicode></TextEquiv>
                    </Glyph>
                    <TextEquiv conf="1.0"><Unicode> </Unicode></TextEquiv>
                </Word>
                <Word id="segment_18">
                    <Coords points="767,2101 767,2137 1016,2138 1016,2102"/>
                    <Glyph id="char_91">
                        <Coords points="767,2101 767,2137 767,2137 767,2101"/>
                        <TextEquiv conf="1.0"><Unicode>L</Unicode></TextEquiv>
                    </Glyph>
                    <Glyph id="char_92">
                        <Coords points="789,2101 789,2137 789,2137 789,2101"/>
                        <TextEquiv conf="1.0"><Unicode>I</Unicode></TextEquiv>
                    </Glyph>
                    <Glyph id="char_93">
                        <Coords points="804,2101 804,2137 804,2137 804,2101"/>
                        <TextEquiv conf="1.0"><Unicode>T</Unicode></TextEquiv>
                    </Glyph>
                    <Glyph id="char_94">
                        <Coords points="824,2101 824,2137 824,2137 824,2101"/>
                        <TextEquiv conf="1.0"><Unicode>T</Unicode></TextEquiv>
                    </Glyph>
                    <Glyph id="char_95">
                        <Coords points="841,2101 841,2137 841,2137 841,2101"/>
                        <TextEquiv conf="1.0"><Unicode>E</Unicode></TextEquiv>
                    </Glyph>
                    <Glyph id="char_96">
                        <Coords points="861,2101 861,2138 861,2138 861,2101"/>
                        <TextEquiv conf="1.0"><Unicode>R</Unicode></TextEquiv>
                    </Glyph>
                    <Glyph id="char_97">
                        <Coords points="883,2101 883,2138 883,2138 883,2101"/>
                        <TextEquiv conf="1.0"><Unicode>A</Unicode></TextEquiv>
                    </Glyph>
                    <Glyph id="char_98">
                        <Coords points="903,2101 903,2138 903,2138 903,2101"/>
                        <TextEquiv conf="1.0"><Unicode>R</Unicode></TextEquiv>
                    </Glyph>
                    <Glyph id="char_99">
                        <Coords points="925,2101 925,2138 925,2138 925,2101"/>
                        <TextEquiv conf="1.0"><Unicode>I</Unicode></TextEquiv>
                    </Glyph>
                    <Glyph id="char_100">
                        <Coords points="935,2102 935,2138 935,2138 935,2102"/>
                        <TextEquiv conf="1.0"><Unicode>S</Unicode></TextEquiv>
                    </Glyph>
                    <Glyph id="char_101">
                        <Coords points="952,2102 952,2138 952,2138 952,2102"/>
                        <TextEquiv conf="1.0"><Unicode>C</Unicode></TextEquiv>
                    </Glyph>
                    <Glyph id="char_102">
                        <Coords points="972,2102 972,2138 972,2138 972,2102"/>
                        <TextEquiv conf="1.0"><Unicode>H</Unicode></TextEquiv>
                    </Glyph>
                    <Glyph id="char_103">
                        <Coords points="996,2102 996,2138 996,2138 996,2102"/>
                        <TextEquiv conf="1.0"><Unicode>E</Unicode></TextEquiv>
                    </Glyph>
                    <Glyph id="char_104">
                        <Coords points="1016,2102 1016,2138 1016,2138 1016,2102"/>
                        <TextEquiv conf="1.0"><Unicode>N</Unicode></TextEquiv>
                    </Glyph>
                    <TextEquiv conf="1.0"><Unicode>LITTERARISCHEN</Unicode></TextEquiv>
                </Word>
                <Word id="segment_19">
                    <Coords points="1053,2102 1053,2138 1056,2138 1056,2102"/>
                    <Glyph id="char_105">
                        <Coords points="1053,2102 1053,2138 1056,2138 1056,2102"/>
                        <TextEquiv conf="1.0"><Unicode> </Unicode></TextEquiv>
                    </Glyph>
                    <TextEquiv conf="1.0"><Unicode> </Unicode></TextEquiv>
                </Word>
                <Word id="segment_20">
                    <Coords points="1066,2102 1066,2138 1203,2126 1203,2126"/>
                    <Glyph id="char_106">
                        <Coords points="1066,2102 1066,2138 1066,2138 1066,2102"/>
                        <TextEquiv conf="1.0"><Unicode>V</Unicode></TextEquiv>
                    </Glyph>
                    <Glyph id="char_107">
                        <Coords points="1088,2102 1088,2139 1088,2139 1088,2102"/>
                        <TextEquiv conf="0.9141"><Unicode>E</Unicode></TextEquiv>
                    </Glyph>
                    <Glyph id="char_108">
                        <Coords points="1108,2103 1108,2139 1108,2139 1108,2103"/>
                        <TextEquiv conf="1.0"><Unicode>R</Unicode></TextEquiv>
                    </Glyph>
                    <Glyph id="char_109">
                        <Coords points="1130,2103 1130,2139 1130,2139 1130,2103"/>
                        <TextEquiv conf="0.9998"><Unicode>E</Unicode></TextEquiv>
                    </Glyph>
                    <Glyph id="char_110">
                        <Coords points="1150,2105 1150,2139 1150,2139 1150,2105"/>
                        <TextEquiv conf="0.9996"><Unicode>I</Unicode></TextEquiv>
                    </Glyph>
                    <Glyph id="char_111">
                        <Coords points="1162,2105 1162,2139 1162,2139 1162,2105"/>
                        <TextEquiv conf="1.0"><Unicode>N</Unicode></TextEquiv>
                    </Glyph>
                    <Glyph id="char_112">
                        <Coords points="1182,2105 1182,2139 1182,2139 1182,2105"/>
                        <TextEquiv conf="0.9982"><Unicode>S</Unicode></TextEquiv>
                    </Glyph>
                    <Glyph id="char_113">
                        <Coords points="1203,2126 1203,2126 1203,2126 1203,2126"/>
                        <TextEquiv conf="0.9999"><Unicode>.</Unicode></TextEquiv>
                    </Glyph>
                    <TextEquiv conf="0.989"><Unicode>VEREINS.</Unicode></TextEquiv>
                </Word>
                <TextEquiv conf="0.9947"><Unicode>GEDRUCKT AUF KOSTEN DES LITTERARISCHEN VEREINS.</Unicode></TextEquiv>
            </TextLine>

            <TextLine id="_dfb75ced-a219-434a-aff5-9a90540c6b60" custom="type {type:default;}">
                <Coords points="690,2201 690,2216 795,2216 795,2201 795,2173 723,2163 721,2163 720,2163 690,2172 690,2201"/>
                <Baseline points="690,2201 795,2201"/>
                <Word id="segment_21">
                    <Coords points="705,2168 705,2216 795,2216 795,2201"/>
                    <Glyph id="char_114">
                        <Coords points="705,2168 705,2216 705,2216 705,2168"/>
                        <TextEquiv conf="1.0"><Unicode>1</Unicode></TextEquiv>
                    </Glyph>
                    <Glyph id="char_115">
                        <Coords points="723,2163 723,2216 723,2216 723,2163"/>
                        <TextEquiv conf="1.0"><Unicode>9</Unicode></TextEquiv>
                    </Glyph>
                    <Glyph id="char_116">
                        <Coords points="745,2166 745,2216 745,2216 745,2166"/>
                        <TextEquiv conf="1.0"><Unicode>0</Unicode></TextEquiv>
                    </Glyph>
                    <Glyph id="char_117">
                        <Coords points="767,2169 767,2216 767,2216 767,2169"/>
                        <TextEquiv conf="1.0"><Unicode>5</Unicode></TextEquiv>
                    </Glyph>
                    <Glyph id="char_118">
                        <Coords points="795,2201 795,2216 795,2216 795,2201"/>
                        <TextEquiv conf="0.9999"><Unicode>.</Unicode></TextEquiv>
                    </Glyph>
                    <TextEquiv conf="1.0"><Unicode>1905.</Unicode></TextEquiv>
                </Word>
                <TextEquiv conf="1.0"><Unicode>1905.</Unicode></TextEquiv>
            </TextLine>
        </TextRegion>
        <TextRegion id="_61004b08-8336-4f0e-ae59-8c33a10843bd" custom="type {type:text;}">
<Coords points="1156,2453 1331,2453 1348,2503 1280,2532 1013,2509 1025,2470 1156,2453"/>
            <TextLine id="_a1c9a865-e18b-49f1-b974-3c743bd50adb" custom="type {type:default;}">
                <Coords points="1285,2453 1280,2453 1227,2465 1177,2453 1171,2453 1166,2453 1137,2468 1104,2459 1103,2459 1102,2459 1100,2459 1099,2459 1099,2460 1090,2469 1029,2469 1019,2480 1016,2496 1016,2512 1052,2524 1053,2524 1055,2524 1056,2524 1093,2515 1139,2524 1140,2524 1141,2524 1143,2524 1143,2523 1156,2510 1234,2510 1254,2523 1255,2523 1257,2523 1258,2524 1291,2524 1291,2523 1292,2523 1329,2509 1329,2493 1328,2463 1294,2453 1285,2453"/>
                <Baseline points="1016,2496 1329,2493"/>
                <Word id="segment_22">
                    <Coords points="1026,2473 1026,2515 1093,2515 1093,2466"/>
                    <Glyph id="char_119">
                        <Coords points="1026,2473 1026,2515 1026,2515 1026,2473"/>
                        <TextEquiv conf="0.9965"><Unicode>o</Unicode></TextEquiv>
                    </Glyph>
                    <Glyph id="char_120">
                        <Coords points="1093,2466 1093,2515 1093,2515 1093,2466"/>
                        <TextEquiv conf="0.2662"><Unicode>e</Unicode></TextEquiv>
                    </Glyph>
                    <TextEquiv conf="0.6313"><Unicode>oe</Unicode></TextEquiv>
                </Word>
                <Word id="segment_23">
                    <Coords points="1146,2464 1146,2520 1151,2515 1151,2461"/>
                    <Glyph id="char_121">
                        <Coords points="1146,2464 1146,2520 1151,2515 1151,2461"/>
                        <TextEquiv conf="1.0"><Unicode> </Unicode></TextEquiv>
                    </Glyph>
                    <TextEquiv conf="1.0"><Unicode> </Unicode></TextEquiv>
                </Word>
                <Word id="segment_24">
                    <Coords points="1156,2458 1156,2510 1315,2514 1315,2459"/>
                    <Glyph id="char_122">
                        <Coords points="1156,2458 1156,2510 1156,2510 1156,2458"/>
                        <TextEquiv conf="0.9998"><Unicode>C</Unicode></TextEquiv>
                    </Glyph>
                    <Glyph id="char_123">
                        <Coords points="1204,2459 1204,2510 1204,2510 1204,2459"/>
                        <TextEquiv conf="1.0"><Unicode>o</Unicode></TextEquiv>
                    </Glyph>
                    <Glyph id="char_124">
                        <Coords points="1238,2463 1238,2513 1238,2513 1238,2463"/>
                        <TextEquiv conf="0.9998"><Unicode>o</Unicode></TextEquiv>
                    </Glyph>
                    <Glyph id="char_125">
                        <Coords points="1271,2455 1271,2524 1271,2524 1271,2455"/>
                        <TextEquiv conf="0.9989"><Unicode>g</Unicode></TextEquiv>
                    </Glyph>
                    <Glyph id="char_126">
                        <Coords points="1300,2455 1300,2520 1300,2520 1300,2455"/>
                        <TextEquiv conf="0.8951"><Unicode>l</Unicode></TextEquiv>
                    </Glyph>
                    <Glyph id="char_127">
                        <Coords points="1315,2459 1315,2514 1315,2514 1315,2459"/>
                        <TextEquiv conf="0.9608"><Unicode>e</Unicode></TextEquiv>
                    </Glyph>
                    <TextEquiv conf="0.9757"><Unicode>Coogle</Unicode></TextEquiv>
                </Word>
                <TextEquiv conf="0.9019"><Unicode>oe Coogle</Unicode></TextEquiv>
            </TextLine>
        </TextRegion>
        <TextRegion id="_4b47f8cf-b6b5-493e-85b8-debe7f585477" custom="type {type:text;}">
<Coords points="351,216 374,222 380,232 341,232 351,216"/>        </TextRegion>
        <TextRegion id="_ffd0039a-b831-4128-b51c-8c45a9ed5d4a" custom="type {type:text;}">
<Coords points="995,552 1012,552 1012,562 985,562 995,552"/>        </TextRegion>
        <TextRegion id="_150f2557-4126-44dc-9021-596fcbf008e7" custom="type {type:text;}">
<Coords points="1110,2556 1251,2556 1251,2560 1104,2560 1110,2556"/>        </TextRegion>
    </Page>
</PcGts>