<?xml version="1.0" encoding="UTF-8"?>
<PcGts xmlns="http://schema.primaresearch.org/PAGE/gts/pagecontent/2019-07-15" xmlns:xsi="http://www.w3.org/2001/XMLSchema-instance" xsi:schemaLocation="http://schema.primaresearch.org/PAGE/gts/pagecontent/2019-07-15 http://schema.primaresearch.org/PAGE/gts/pagecontent/2019-07-15/pagecontent.xsd">
    <Metadata>
        <Creator>kraken 6.0.3</Creator>
        <Created>2026-01-20T00:50:38.318146+00:00</Created>
        <LastChange>2026-01-20T00:50:38.318146+00:00</LastChange>
    </Metadata>
    <Page imageFilename="/tmp/tmprm_zx5nn.png" imageWidth="1542" imageHeight="2562">
        <TextRegion id="_cfc74871-e494-48f0-8652-7c472469c0be" custom="type {type:text;}">
<Coords points="1153,2448 1331,2448 1342,2526 1264,2543 1008,2509 1025,2465 1153,2448"/>
            <TextLine id="_c5bc036a-057c-42cf-8814-df86fb618e3b" custom="type {type:default;}">
                <Coords points="1329,2462 1311,2452 1309,2452 1308,2452 1227,2465 1158,2450 1157,2450 1156,2450 1154,2450 1127,2470 1022,2470 1013,2483 1012,2496 1010,2515 1070,2523 1072,2523 1073,2523 1074,2523 1074,2522 1082,2515 1096,2522 1097,2522 1099,2522 1100,2522 1102,2522 1112,2513 1131,2519 1133,2519 1134,2519 1136,2519 1167,2512 1220,2522 1221,2522 1223,2522 1224,2522 1237,2513 1251,2524 1252,2524 1254,2524 1255,2526 1292,2526 1292,2524 1294,2524 1295,2524 1295,2523 1307,2513 1335,2513 1336,2499 1336,2485 1329,2462"/>
                <Baseline points="1012,2496 1336,2499"/>
                <Word id="segment_0">
                    <Coords points="1027,2470 1027,2517 1318,2513 1318,2456"/>
                    <Glyph id="char_0">
                        <Coords points="1027,2470 1027,2517 1027,2517 1027,2470"/>
                        <TextEquiv conf="1.0"><Unicode>o</Unicode></TextEquiv>
                    </Glyph>
                    <Glyph id="char_1">
                        <Coords points="1047,2470 1047,2520 1047,2520 1047,2470"/>
                        <TextEquiv conf="0.998"><Unicode>a</Unicode></TextEquiv>
                    </Glyph>
                    <Glyph id="char_2">
                        <Coords points="1067,2470 1067,2523 1067,2523 1067,2470"/>
                        <TextEquiv conf="0.5077"><Unicode>n</Unicode></TextEquiv>
                    </Glyph>
                    <Glyph id="char_3">
                        <Coords points="1157,2450 1157,2514 1157,2514 1157,2450"/>
                        <TextEquiv conf="1.0"><Unicode>G</Unicode></TextEquiv>
                    </Glyph>
                    <Glyph id="char_4">
                        <Coords points="1208,2461 1208,2520 1208,2520 1208,2461"/>
                        <TextEquiv conf="1.0"><Unicode>o</Unicode></TextEquiv>
                    </Glyph>
                    <Glyph id="char_5">
                        <Coords points="1238,2463 1238,2514 1238,2514 1238,2463"/>
                        <TextEquiv conf="1.0"><Unicode>o</Unicode></TextEquiv>
                    </Glyph>
                    <Glyph id="char_6">
                        <Coords points="1273,2458 1273,2526 1273,2526 1273,2458"/>
                        <TextEquiv conf="1.0"><Unicode>g</Unicode></TextEquiv>
                    </Glyph>
                    <Glyph id="char_7">
                        <Coords points="1303,2453 1303,2516 1303,2516 1303,2453"/>
                        <TextEquiv conf="0.4908"><Unicode>l</Unicode></TextEquiv>
                    </Glyph>
                    <Glyph id="char_8">
                        <Coords points="1318,2456 1318,2513 1318,2513 1318,2456"/>
                        <TextEquiv conf="0.9999"><Unicode>e</Unicode></TextEquiv>
                    </Glyph>
                    <TextEquiv conf="0.8885"><Unicode>oanGoogle</Unicode></TextEquiv>
                </Word>
                <TextEquiv conf="0.8885"><Unicode>oanGoogle</Unicode></TextEquiv>
            </TextLine>
        </TextRegion>
        <TextRegion id="_a529048b-ee63-427d-ae9d-fb3b8abd160b" custom="type {type:text;}">
<Coords points="25,2522 38,2543 22,2560 5,2527 25,2522"/>        </TextRegion>
        <TextRegion id="_6eb2b1e4-86f2-42bc-8aba-27f843dfc123" custom="type {type:text;}">
<Coords points="1529,2294 1536,2372 1503,2389 1497,2322 1529,2294"/>        </TextRegion>
        <TextRegion id="_788766db-ed91-468d-8071-09aeb5024e70" custom="type {type:text;}">
<Coords points="1524,1867 1530,1928 1520,1940 1509,1890 1524,1867"/>        </TextRegion>
        <TextRegion id="_c70d5da8-13fb-4723-bae5-18375df99255" custom="type {type:text;}">
<Coords points="1524,2066 1524,2076 1520,2076 1520,2066 1524,2066"/>        </TextRegion>
    </Page>
</PcGts>