<?xml version="1.0" encoding="UTF-8"?>
<PcGts xmlns="http://schema.primaresearch.org/PAGE/gts/pagecontent/2019-07-15" xmlns:xsi="http://www.w3.org/2001/XMLSchema-instance" xsi:schemaLocation="http://schema.primaresearch.org/PAGE/gts/pagecontent/2019-07-15 http://schema.primaresearch.org/PAGE/gts/pagecontent/2019-07-15/pagecontent.xsd">
    <Metadata>
        <Creator>kraken 6.0.3</Creator>
        <Created>2026-01-20T00:49:42.511823+00:00</Created>
        <LastChange>2026-01-20T00:49:42.511823+00:00</LastChange>
    </Metadata>
    <Page imageFilename="/tmp/tmp4xjw1dty.png" imageWidth="1542" imageHeight="2562">
        <TextRegion id="_d8cefe40-8049-4a85-88d9-dc70b6a200d1" custom="type {type:text;}">
<Coords points="311,466 664,472 687,483 687,528 301,533 290,472 311,466"/>
            <TextLine id="_9e0e91c2-2fa1-4521-9299-3e4d2ca6498b" custom="type {type:default;}">
                <Coords points="640,471 639,471 622,488 602,488 582,471 580,471 579,471 578,471 576,471 548,482 505,469 498,469 484,468 469,468 455,468 441,468 427,468 422,468 405,483 374,483 340,466 327,466 313,466 299,469 299,512 297,535 340,535 377,556 378,556 380,556 381,557 442,557 442,556 444,556 445,556 476,533 546,547 548,547 549,547 588,533 616,533 630,546 630,547 632,547 633,547 672,550 674,519 674,478 649,471 640,471"/>
                <Baseline points="299,512 674,519"/>
                <Word id="segment_0">
                    <Coords points="312,466 311,535 366,550 368,480"/>
                    <Glyph id="char_0">
                        <Coords points="312,466 311,535 311,535 312,466"/>
                        <TextEquiv conf="1.0"><Unicode>8</Unicode></TextEquiv>
                    </Glyph>
                    <Glyph id="char_1">
                        <Coords points="368,480 366,550 366,550 368,480"/>
                        <TextEquiv conf="1.0"><Unicode>1</Unicode></TextEquiv>
                    </Glyph>
                    <TextEquiv conf="1.0"><Unicode>81</Unicode></TextEquiv>
                </Word>
                <Word id="segment_1">
                    <Coords points="417,473 415,557 415,557 417,473"/>
                    <Glyph id="char_2">
                        <Coords points="417,473 415,557 415,557 417,473"/>
                        <TextEquiv conf="1.0"><Unicode> </Unicode></TextEquiv>
                    </Glyph>
                    <TextEquiv conf="1.0"><Unicode> </Unicode></TextEquiv>
                </Word>
                <Word id="segment_2">
                    <Coords points="436,468 434,557 472,536 473,468"/>
                    <Glyph id="char_3">
                        <Coords points="436,468 434,557 434,557 436,468"/>
                        <TextEquiv conf="0.9928"><Unicode>8</Unicode></TextEquiv>
                    </Glyph>
                    <Glyph id="char_4">
                        <Coords points="473,468 472,536 472,536 473,468"/>
                        <TextEquiv conf="0.9998"><Unicode>4</Unicode></TextEquiv>
                    </Glyph>
                    <TextEquiv conf="0.9963"><Unicode>84</Unicode></TextEquiv>
                </Word>
                <Word id="segment_3">
                    <Coords points="522,474 520,542 520,542 522,474"/>
                    <Glyph id="char_5">
                        <Coords points="522,474 520,542 520,542 522,474"/>
                        <TextEquiv conf="0.9999"><Unicode> </Unicode></TextEquiv>
                    </Glyph>
                    <TextEquiv conf="0.9999"><Unicode> </Unicode></TextEquiv>
                </Word>
                <Word id="segment_4">
                    <Coords points="535,478 533,544 614,533 615,488"/>
                    <Glyph id="char_6">
                        <Coords points="535,478 533,544 533,544 535,478"/>
                        <TextEquiv conf="1.0"><Unicode>b</Unicode></TextEquiv>
                    </Glyph>
                    <Glyph id="char_7">
                        <Coords points="572,473 571,539 571,539 572,473"/>
                        <TextEquiv conf="0.9929"><Unicode>6</Unicode></TextEquiv>
                    </Glyph>
                    <Glyph id="char_8">
                        <Coords points="615,488 614,533 614,533 615,488"/>
                        <TextEquiv conf="1.0"><Unicode>.</Unicode></TextEquiv>
                    </Glyph>
                    <TextEquiv conf="0.9976"><Unicode>b6.</Unicode></TextEquiv>
                </Word>
                <Word id="segment_5">
                    <Coords points="640,471 638,547 638,547 640,471"/>
                    <Glyph id="char_9">
                        <Coords points="640,471 638,547 638,547 640,471"/>
                        <TextEquiv conf="0.3024"><Unicode> </Unicode></TextEquiv>
                    </Glyph>
                    <TextEquiv conf="0.3024"><Unicode> </Unicode></TextEquiv>
                </Word>
                <Word id="segment_6">
                    <Coords points="646,471 644,548 644,548 646,471"/>
                    <Glyph id="char_10">
                        <Coords points="646,471 644,548 644,548 646,471"/>
                        <TextEquiv conf="0.5169"><Unicode>3</Unicode></TextEquiv>
                    </Glyph>
                    <TextEquiv conf="0.5169"><Unicode>3</Unicode></TextEquiv>
                </Word>
                <TextEquiv conf="0.8913"><Unicode>81 84 b6. 3</Unicode></TextEquiv>
            </TextLine>
        </TextRegion>
        <TextRegion id="_23ce2ba8-b46b-4f9b-be92-cdc51dc8d9de" custom="type {type:text;}">
<Coords points="495,762 1023,768 1035,818 1012,835 484,824 472,774 495,762"/>
            <TextLine id="_8fe0764d-d34c-4123-9db7-a408dccb6a0a" custom="type {type:default;}">
                <Coords points="1018,775 976,775 966,767 966,767 952,767 938,767 936,767 894,772 865,767 864,767 862,767 861,767 851,774 824,765 824,765 811,765 793,772 777,765 767,765 758,764 733,770 704,764 696,764 694,764 684,772 636,765 635,765 593,771 582,762 572,762 563,770 549,764 548,764 546,764 545,764 526,771 515,762 511,762 502,762 491,764 482,768 482,804 481,824 491,831 492,831 494,831 495,831 660,822 687,831 689,831 690,831 751,824 773,834 774,834 827,835 828,835 830,835 831,835 831,834 842,824 874,836 875,836 877,838 1022,838 1023,808 1022,778 1018,775"/>
                <Baseline points="482,804 1023,808"/>
                <Word id="segment_7">
                    <Coords points="497,763 497,831 646,823 646,766"/>
                    <Glyph id="char_11">
                        <Coords points="497,763 497,831 497,831 497,763"/>
                        <TextEquiv conf="1.0"><Unicode>H</Unicode></TextEquiv>
                    </Glyph>
                    <Glyph id="char_12">
                        <Coords points="537,767 537,829 537,829 537,767"/>
                        <TextEquiv conf="1.0"><Unicode>a</Unicode></TextEquiv>
                    </Glyph>
                    <Glyph id="char_13">
                        <Coords points="562,770 562,827 562,827 562,770"/>
                        <TextEquiv conf="1.0"><Unicode>r</Unicode></TextEquiv>
                    </Glyph>
                    <Glyph id="char_14">
                        <Coords points="577,762 577,827 577,827 577,762"/>
                        <TextEquiv conf="1.0"><Unicode>v</Unicode></TextEquiv>
                    </Glyph>
                    <Glyph id="char_15">
                        <Coords points="601,770 601,825 601,825 601,770"/>
                        <TextEquiv conf="1.0"><Unicode>a</Unicode></TextEquiv>
                    </Glyph>
                    <Glyph id="char_16">
                        <Coords points="626,766 626,824 626,824 626,766"/>
                        <TextEquiv conf="1.0"><Unicode>r</Unicode></TextEquiv>
                    </Glyph>
                    <Glyph id="char_17">
                        <Coords points="646,766 646,823 646,823 646,766"/>
                        <TextEquiv conf="1.0"><Unicode>d</Unicode></TextEquiv>
                    </Glyph>
                    <TextEquiv conf="1.0"><Unicode>Harvard</Unicode></TextEquiv>
                </Word>
                <Word id="segment_8">
                    <Coords points="676,771 676,827 681,829 681,772"/>
                    <Glyph id="char_18">
                        <Coords points="676,771 676,827 681,829 681,772"/>
                        <TextEquiv conf="1.0"><Unicode> </Unicode></TextEquiv>
                    </Glyph>
                    <TextEquiv conf="1.0"><Unicode> </Unicode></TextEquiv>
                </Word>
                <Word id="segment_9">
                    <Coords points="696,764 696,830 830,835 830,767"/>
                    <Glyph id="char_19">
                        <Coords points="696,764 696,830 696,830 696,764"/>
                        <TextEquiv conf="1.0"><Unicode>C</Unicode></TextEquiv>
                    </Glyph>
                    <Glyph id="char_20">
                        <Coords points="736,769 736,826 736,826 736,769"/>
                        <TextEquiv conf="1.0"><Unicode>o</Unicode></TextEquiv>
                    </Glyph>
                    <Glyph id="char_21">
                        <Coords points="755,765 755,826 755,826 755,765"/>
                        <TextEquiv conf="1.0"><Unicode>l</Unicode></TextEquiv>
                    </Glyph>
                    <Glyph id="char_22">
                        <Coords points="770,765 770,833 770,833 770,765"/>
                        <TextEquiv conf="0.9962"><Unicode>l</Unicode></TextEquiv>
                    </Glyph>
                    <Glyph id="char_23">
                        <Coords points="785,769 785,834 785,834 785,769"/>
                        <TextEquiv conf="1.0"><Unicode>e</Unicode></TextEquiv>
                    </Glyph>
                    <Glyph id="char_24">
                        <Coords points="805,767 805,835 805,835 805,767"/>
                        <TextEquiv conf="1.0"><Unicode>g</Unicode></TextEquiv>
                    </Glyph>
                    <Glyph id="char_25">
                        <Coords points="830,767 830,835 830,835 830,767"/>
                        <TextEquiv conf="1.0"><Unicode>e</Unicode></TextEquiv>
                    </Glyph>
                    <TextEquiv conf="0.9995"><Unicode>College</Unicode></TextEquiv>
                </Word>
                <Word id="segment_10">
                    <Coords points="855,771 855,829 860,831 860,768"/>
                    <Glyph id="char_26">
                        <Coords points="855,771 855,829 860,831 860,768"/>
                        <TextEquiv conf="1.0"><Unicode> </Unicode></TextEquiv>
                    </Glyph>
                    <TextEquiv conf="1.0"><Unicode> </Unicode></TextEquiv>
                </Word>
                <Word id="segment_11">
                    <Coords points="870,768 870,834 1009,838 1009,775"/>
                    <Glyph id="char_27">
                        <Coords points="870,768 870,834 870,834 870,768"/>
                        <TextEquiv conf="1.0"><Unicode>L</Unicode></TextEquiv>
                    </Glyph>
                    <Glyph id="char_28">
                        <Coords points="910,770 910,838 910,838 910,770"/>
                        <TextEquiv conf="0.9995"><Unicode>i</Unicode></TextEquiv>
                    </Glyph>
                    <Glyph id="char_29">
                        <Coords points="920,769 920,838 920,838 920,769"/>
                        <TextEquiv conf="0.9989"><Unicode>b</Unicode></TextEquiv>
                    </Glyph>
                    <Glyph id="char_30">
                        <Coords points="944,767 944,838 944,838 944,767"/>
                        <TextEquiv conf="1.0"><Unicode>r</Unicode></TextEquiv>
                    </Glyph>
                    <Glyph id="char_31">
                        <Coords points="964,767 964,838 964,838 964,767"/>
                        <TextEquiv conf="1.0"><Unicode>a</Unicode></TextEquiv>
                    </Glyph>
                    <Glyph id="char_32">
                        <Coords points="989,775 989,838 989,838 989,775"/>
                        <TextEquiv conf="1.0"><Unicode>r</Unicode></TextEquiv>
                    </Glyph>
                    <Glyph id="char_33">
                        <Coords points="1009,775 1009,838 1009,838 1009,775"/>
                        <TextEquiv conf="0.9999"><Unicode>p</Unicode></TextEquiv>
                    </Glyph>
                    <TextEquiv conf="0.9998"><Unicode>Librarp</Unicode></TextEquiv>
                </Word>
                <TextEquiv conf="0.9998"><Unicode>Harvard College Librarp</Unicode></TextEquiv>
            </TextLine>
        </TextRegion>
        <TextRegion id="_833ded81-aef6-4ecb-bee1-37e7a50d8294" custom="type {type:text;}">
<Coords points="728,899 784,910 784,932 728,943 700,915 728,899"/>
            <TextLine id="_341a8aa9-c77c-42f7-89d7-2856fc382911" custom="type {type:default;}">
                <Coords points="758,933 748,912 730,910 730,935 727,994 764,1002 768,936 767,933 758,933"/>
                <Baseline points="730,935 768,936"/>
                <Word id="segment_12">
                    <Coords points="745,912 742,997 742,997 745,912"/>
                    <Glyph id="char_34">
                        <Coords points="745,912 742,997 742,997 745,912"/>
                        <TextEquiv conf="0.9999"><Unicode>8</Unicode></TextEquiv>
                    </Glyph>
                    <TextEquiv conf="0.9999"><Unicode>8</Unicode></TextEquiv>
                </Word>
                <TextEquiv conf="0.9999"><Unicode>8</Unicode></TextEquiv>
            </TextLine>
        </TextRegion>
        <TextRegion id="_678c60c4-c992-441d-b41f-7e1e052b3de2" custom="type {type:text;}">
<Coords points="687,1275 830,1275 847,1308 654,1313 654,1281 687,1275"/>
            <TextLine id="_6ee356bc-0e20-4747-8133-eb1719621988" custom="type {type:default;}">
                <Coords points="828,1278 814,1275 800,1275 785,1275 771,1275 757,1275 743,1275 728,1275 714,1275 700,1275 686,1275 672,1278 657,1281 659,1302 659,1320 840,1319 841,1299 838,1290 828,1278"/>
                <Baseline points="659,1302 841,1299"/>
                <Word id="segment_13">
                    <Coords points="672,1278 672,1320 732,1320 732,1275"/>
                    <Glyph id="char_35">
                        <Coords points="672,1278 672,1320 672,1320 672,1278"/>
                        <TextEquiv conf="1.0"><Unicode>F</Unicode></TextEquiv>
                    </Glyph>
                    <Glyph id="char_36">
                        <Coords points="691,1275 691,1320 691,1320 691,1275"/>
                        <TextEquiv conf="1.0"><Unicode>R</Unicode></TextEquiv>
                    </Glyph>
                    <Glyph id="char_37">
                        <Coords points="710,1275 710,1320 710,1320 710,1275"/>
                        <TextEquiv conf="1.0"><Unicode>O</Unicode></TextEquiv>
                    </Glyph>
                    <Glyph id="char_38">
                        <Coords points="732,1275 732,1320 732,1320 732,1275"/>
                        <TextEquiv conf="1.0"><Unicode>M</Unicode></TextEquiv>
                    </Glyph>
                    <TextEquiv conf="1.0"><Unicode>FROM</Unicode></TextEquiv>
                </Word>
                <Word id="segment_14">
                    <Coords points="767,1275 767,1319 770,1319 770,1275"/>
                    <Glyph id="char_39">
                        <Coords points="767,1275 767,1319 770,1319 770,1275"/>
                        <TextEquiv conf="1.0"><Unicode> </Unicode></TextEquiv>
                    </Glyph>
                    <TextEquiv conf="1.0"><Unicode> </Unicode></TextEquiv>
                </Word>
                <Word id="segment_15">
                    <Coords points="783,1275 783,1319 824,1319 824,1277"/>
                    <Glyph id="char_40">
                        <Coords points="783,1275 783,1319 783,1319 783,1275"/>
                        <TextEquiv conf="1.0"><Unicode>T</Unicode></TextEquiv>
                    </Glyph>
                    <Glyph id="char_41">
                        <Coords points="799,1275 799,1319 799,1319 799,1275"/>
                        <TextEquiv conf="1.0"><Unicode>H</Unicode></TextEquiv>
                    </Glyph>
                    <Glyph id="char_42">
                        <Coords points="824,1277 824,1319 824,1319 824,1277"/>
                        <TextEquiv conf="0.9972"><Unicode>E</Unicode></TextEquiv>
                    </Glyph>
                    <TextEquiv conf="0.9991"><Unicode>THE</Unicode></TextEquiv>
                </Word>
                <TextEquiv conf="0.9996"><Unicode>FROM THE</Unicode></TextEquiv>
            </TextLine>
        </TextRegion>
        <TextRegion id="_a7a3409b-8af0-4029-986a-09a2b527a7c1" custom="type {type:text;}">
<Coords points="820,1349 1040,1366 1052,1421 888,1438 858,1478 909,1503 892,1541 734,1547 592,1535 580,1491 609,1478 609,1440 590,1427 444,1416 461,1360 820,1349"/>
            <TextLine id="_70f4e826-2f55-49e1-89db-b3fce5e90257" custom="type {type:default;}">
                <Coords points="1036,1370 982,1370 961,1359 959,1359 958,1359 956,1359 934,1369 901,1359 899,1359 898,1359 897,1359 895,1359 895,1360 884,1372 763,1372 680,1370 649,1357 647,1357 539,1357 538,1357 536,1357 535,1357 523,1366 481,1359 478,1359 464,1359 464,1407 462,1443 505,1444 506,1444 508,1444 509,1444 509,1443 522,1431 552,1443 553,1443 555,1443 556,1443 558,1443 586,1423 670,1438 672,1438 673,1438 716,1423 787,1444 788,1444 790,1446 825,1446 825,1444 827,1444 828,1444 828,1443 850,1424 874,1424 889,1431 891,1431 892,1431 955,1429 973,1444 975,1444 976,1444 978,1444 979,1444 993,1437 1003,1446 1005,1446 1006,1446 1008,1446 1009,1446 1010,1446 1039,1424 1040,1410 1039,1376 1036,1370"/>
                <Baseline points="464,1407 1040,1410"/>
                <Word id="segment_16">
                    <Coords points="470,1359 470,1443 816,1446 816,1372"/>
                    <Glyph id="char_43">
                        <Coords points="470,1359 470,1443 470,1443 470,1359"/>
                        <TextEquiv conf="1.0"><Unicode>s</Unicode></TextEquiv>
                    </Glyph>
                    <Glyph id="char_44">
                        <Coords points="500,1362 500,1444 500,1444 500,1362"/>
                        <TextEquiv conf="1.0"><Unicode>U</Unicode></TextEquiv>
                    </Glyph>
                    <Glyph id="char_45">
                        <Coords points="536,1357 536,1437 536,1437 536,1357"/>
                        <TextEquiv conf="1.0"><Unicode>B</Unicode></TextEquiv>
                    </Glyph>
                    <Glyph id="char_46">
                        <Coords points="571,1357 571,1434 571,1434 571,1357"/>
                        <TextEquiv conf="0.9996"><Unicode>S</Unicode></TextEquiv>
                    </Glyph>
                    <Glyph id="char_47">
                        <Coords points="601,1357 601,1426 601,1426 601,1357"/>
                        <TextEquiv conf="1.0"><Unicode>C</Unicode></TextEquiv>
                    </Glyph>
                    <Glyph id="char_48">
                        <Coords points="637,1357 637,1432 637,1432 637,1357"/>
                        <TextEquiv conf="1.0"><Unicode>R</Unicode></TextEquiv>
                    </Glyph>
                    <Glyph id="char_49">
                        <Coords points="673,1367 673,1438 673,1438 673,1367"/>
                        <TextEquiv conf="1.0"><Unicode>I</Unicode></TextEquiv>
                    </Glyph>
                    <Glyph id="char_50">
                        <Coords points="696,1370 696,1430 696,1430 696,1370"/>
                        <TextEquiv conf="1.0"><Unicode>P</Unicode></TextEquiv>
                    </Glyph>
                    <Glyph id="char_51">
                        <Coords points="732,1371 732,1428 732,1428 732,1371"/>
                        <TextEquiv conf="0.9999"><Unicode>T</Unicode></TextEquiv>
                    </Glyph>
                    <Glyph id="char_52">
                        <Coords points="756,1372 756,1435 756,1435 756,1372"/>
                        <TextEquiv conf="1.0"><Unicode>I</Unicode></TextEquiv>
                    </Glyph>
                    <Glyph id="char_53">
                        <Coords points="780,1372 780,1442 780,1442 780,1372"/>
                        <TextEquiv conf="0.9999"><Unicode>O</Unicode></TextEquiv>
                    </Glyph>
                    <Glyph id="char_54">
                        <Coords points="816,1372 816,1446 816,1446 816,1372"/>
                        <TextEquiv conf="1.0"><Unicode>N</Unicode></TextEquiv>
                    </Glyph>
                    <TextEquiv conf="0.9999"><Unicode>sUBSCRIPTION</Unicode></TextEquiv>
                </Word>
                <Word id="segment_17">
                    <Coords points="881,1372 881,1427 881,1427 881,1372"/>
                    <Glyph id="char_55">
                        <Coords points="881,1372 881,1427 881,1427 881,1372"/>
                        <TextEquiv conf="1.0"><Unicode> </Unicode></TextEquiv>
                    </Glyph>
                    <TextEquiv conf="1.0"><Unicode> </Unicode></TextEquiv>
                </Word>
                <Word id="segment_18">
                    <Coords points="899,1359 899,1431 1012,1445 1012,1370"/>
                    <Glyph id="char_56">
                        <Coords points="899,1359 899,1431 899,1431 899,1359"/>
                        <TextEquiv conf="0.9998"><Unicode>F</Unicode></TextEquiv>
                    </Glyph>
                    <Glyph id="char_57">
                        <Coords points="929,1368 929,1430 929,1430 929,1368"/>
                        <TextEquiv conf="1.0"><Unicode>U</Unicode></TextEquiv>
                    </Glyph>
                    <Glyph id="char_58">
                        <Coords points="970,1364 970,1441 970,1441 970,1364"/>
                        <TextEquiv conf="0.9332"><Unicode>N</Unicode></TextEquiv>
                    </Glyph>
                    <Glyph id="char_59">
                        <Coords points="1012,1370 1012,1445 1012,1445 1012,1370"/>
                        <TextEquiv conf="0.9775"><Unicode>D</Unicode></TextEquiv>
                    </Glyph>
                    <TextEquiv conf="0.9776"><Unicode>FUND</Unicode></TextEquiv>
                </Word>
                <TextEquiv conf="0.9947"><Unicode>sUBSCRIPTION FUND</Unicode></TextEquiv>
            </TextLine>

            <TextLine id="_b8ba7e62-ce24-4feb-a1cd-36a31cdbb8c6" custom="type {type:default;}">
                <Coords points="602,1478 603,1524 603,1542 884,1548 887,1521 884,1493 801,1493 783,1475 781,1475 780,1475 778,1475 777,1475 746,1493 724,1493 710,1478 710,1477 709,1477 707,1477 706,1477 642,1484 602,1478 602,1478"/>
                <Baseline points="603,1524 887,1521"/>
                <Word id="segment_19">
                    <Coords points="618,1480 618,1542 713,1544 713,1481"/>
                    <Glyph id="char_60">
                        <Coords points="618,1480 618,1542 618,1542 618,1480"/>
                        <TextEquiv conf="1.0"><Unicode>B</Unicode></TextEquiv>
                    </Glyph>
                    <Glyph id="char_61">
                        <Coords points="643,1484 643,1543 643,1543 643,1484"/>
                        <TextEquiv conf="1.0"><Unicode>E</Unicode></TextEquiv>
                    </Glyph>
                    <Glyph id="char_62">
                        <Coords points="663,1482 663,1543 663,1543 663,1482"/>
                        <TextEquiv conf="1.0"><Unicode>G</Unicode></TextEquiv>
                    </Glyph>
                    <Glyph id="char_63">
                        <Coords points="688,1479 688,1544 688,1544 688,1479"/>
                        <TextEquiv conf="1.0"><Unicode>U</Unicode></TextEquiv>
                    </Glyph>
                    <Glyph id="char_64">
                        <Coords points="713,1481 713,1544 713,1544 713,1481"/>
                        <TextEquiv conf="1.0"><Unicode>N</Unicode></TextEquiv>
                    </Glyph>
                    <TextEquiv conf="1.0"><Unicode>BEGUN</Unicode></TextEquiv>
                </Word>
                <Word id="segment_20">
                    <Coords points="748,1492 748,1545 748,1545 748,1492"/>
                    <Glyph id="char_65">
                        <Coords points="748,1492 748,1545 748,1545 748,1492"/>
                        <TextEquiv conf="1.0"><Unicode> </Unicode></TextEquiv>
                    </Glyph>
                    <TextEquiv conf="1.0"><Unicode> </Unicode></TextEquiv>
                </Word>
                <Word id="segment_21">
                    <Coords points="763,1483 763,1545 778,1546 777,1475"/>
                    <Glyph id="char_66">
                        <Coords points="763,1483 763,1545 763,1545 763,1483"/>
                        <TextEquiv conf="0.9999"><Unicode>I</Unicode></TextEquiv>
                    </Glyph>
                    <Glyph id="char_67">
                        <Coords points="777,1475 778,1546 778,1546 777,1475"/>
                        <TextEquiv conf="1.0"><Unicode>N</Unicode></TextEquiv>
                    </Glyph>
                    <TextEquiv conf="0.9999"><Unicode>IN</Unicode></TextEquiv>
                </Word>
                <Word id="segment_22">
                    <Coords points="808,1493 808,1546 813,1546 813,1493"/>
                    <Glyph id="char_68">
                        <Coords points="808,1493 808,1546 813,1546 813,1493"/>
                        <TextEquiv conf="1.0"><Unicode> </Unicode></TextEquiv>
                    </Glyph>
                    <TextEquiv conf="1.0"><Unicode> </Unicode></TextEquiv>
                </Word>
                <Word id="segment_23">
                    <Coords points="823,1493 823,1547 873,1548 873,1493"/>
                    <Glyph id="char_69">
                        <Coords points="823,1493 823,1547 823,1547 823,1493"/>
                        <TextEquiv conf="0.9996"><Unicode>1</Unicode></TextEquiv>
                    </Glyph>
                    <Glyph id="char_70">
                        <Coords points="838,1493 838,1547 838,1547 838,1493"/>
                        <TextEquiv conf="0.9954"><Unicode>8</Unicode></TextEquiv>
                    </Glyph>
                    <Glyph id="char_71">
                        <Coords points="858,1493 858,1547 858,1547 858,1493"/>
                        <TextEquiv conf="0.9768"><Unicode>8</Unicode></TextEquiv>
                    </Glyph>
                    <Glyph id="char_72">
                        <Coords points="873,1493 873,1548 873,1548 873,1493"/>
                        <TextEquiv conf="0.6285"><Unicode>8</Unicode></TextEquiv>
                    </Glyph>
                    <TextEquiv conf="0.9001"><Unicode>1888</Unicode></TextEquiv>
                </Word>
                <TextEquiv conf="0.9692"><Unicode>BEGUN IN 1888</Unicode></TextEquiv>
            </TextLine>
        </TextRegion>
        <TextRegion id="_3855cce9-c731-4562-8702-fb72bd385ab3" custom="type {type:text;}">
<Coords points="226,939 226,949 222,949 222,939 226,939"/>        </TextRegion>
        <TextRegion id="_959af465-7e2b-4a28-b376-2d537d46c715" custom="type {type:text;}">
<Coords points="249,933 249,949 244,949 244,933 249,933"/>        </TextRegion>
        <TextRegion id="_3877bf9c-3875-4afe-a185-36605e9d7371" custom="type {type:text;}">
<Coords points="773,1007 784,1007 784,1017 768,1017 773,1007"/>        </TextRegion>
        <TextRegion id="_05a2df33-4bed-4f76-aa79-95070cb248f9" custom="type {type:text;}">
<Coords points="706,1002 744,1007 721,1024 744,1040 689,1040 706,1002"/>        </TextRegion>
        <TextRegion id="_9ffbf27f-5f2b-43da-b17f-9beda6013016" custom="type {type:text;}">
<Coords points="778,1026 784,1034 763,1034 763,1030 778,1026"/>        </TextRegion>
        <TextRegion id="_ace384d7-e781-45b6-a443-7f706cad1da7" custom="type {type:text;}">
<Coords points="1036,2493 1040,2497 1030,2497 1030,2493 1036,2493"/>        </TextRegion>
    </Page>
</PcGts>